slug,title,cgb_mode,model,rom_path,rom_sha256,logo_ok,header_checksum_ok,matcha,sameboy,agreement
144p-test-suite,144p Test Suite,CGB enhanced,cgb,entries/144p-test-suite/gb240p.gb,2f68e8aa7d060bb6b58a5dfd308ed48c15da8f4738936db5f20fee7280a2156d,1,1,running,running,True
1844-pinball-demo-gameboy-color,1844 PINBALL DEMO GAMEBOY COLOR,CGB only,cgb,entries/1844-pinball-demo-gameboy-color/game.gb,2a08c221a0743b31d6fe3c233cdd7e995fcf552235c7a64132e97f8cc2dcd1d0,1,1,running,running,True
1d-marathon,1D Marathon,DMG,dmg,entries/1d-marathon/1D_Marathon.gb,5e8b6775490767d9b917b903d3af36f66e552b0a7c78d7d11d8fe101921a7930,1,1,running,running,True
2048gb,2048gb,DMG,dmg,entries/2048gb/2048.gb,3ea2376b15b34bd26b10e6b31d2753bf8b086098dbdb5ee84d9c0f03d66d3d7f,1,1,running,running,True
20y,20y,DMG,dmg,entries/20y/20y.gb,69db4cd94071c5cdfb57057ffc9945857a056f5aa0f09d774e5b064ecebf0f9c,1,1,running,running,True
2560-colors-demo,2560 Colors Demo,CGB enhanced,cgb,entries/2560-colors-demo/COLORS.GBC,88767cfc2666188f529cf887affc8ab6f60d71b8be716c9c08bc34342383c01b,1,1,running,running,True
2brownboyz_restaurant-rumble-demo,Restaurant Rumble,DMG,dmg,entries/2brownboyz_restaurant-rumble-demo/files/ResturantRumble_jam.gb,017537449f608a99fee385de030895a6bcf7e6280bdfba53349706c1acfd72bb,1,1,running,running,True
2friendly,2 Friendly,DMG,dmg,entries/2friendly/2friendly.gb,495f5c92f9bb478c170c2f68e7b491ea4dcb8300f841a1c586eb7615cb07d6f4,1,1,running,running,True
3d-demo,3D Demo,DMG,dmg,entries/3d-demo/3D_Demo.gb,2515bc651dc284b43629edd5e95ad1c00d2882929a2d09ab1684af6d8db3edc8,1,1,running,running,True
3rd-person-horror-game,3rd person Horror Game,CGB only,cgb,entries/3rd-person-horror-game/Residential.gb,3c34a56ed143ebd6f04322d9664187623b846950c6ffc60e613f34fbc74e3c99,1,1,running,running,True
40wide-routine-demo,40Wide Routine Demo,CGB only,cgb,entries/40wide-routine-demo/40x18 Wide Demo V1.1 (PD) [C].gbc,cc77999b7e6f438ffe71cd9f4005760fe9d6990574e95538b681b57081a21f62,1,1,running,running,True
5-mazes,5 mazes,DMG,dmg,entries/5-mazes/5 mazes.gb,4cb6a4a021056164dfad11ba041cb1c36d7453d2ebe6bb7fa9fe4b3eadbc4c60,1,1,running,running,True
5-mazes-master-levels,5 mazes: Master levels,DMG,dmg,entries/5-mazes-master-levels/5 mazes Master levels.gb,abc7cb1a6f83a8770822c189dc2a978116a025cd393106791e1b6c977c8b4034,1,1,running,running,True
5-more-mazes,5 more mazes,DMG,dmg,entries/5-more-mazes/5 more mazes.gb,95d095823ecbf9f31482e7981a06e34a1d5b966d4a5b62bf89f4f89b2f1cf318,1,1,running,running,True
64boy-opcode-scroll,64BOY_OPCODE_SCROLL,CGB enhanced,cgb,entries/64boy-opcode-scroll/64boy-opcode-scroll.gb,dc84da4f6113791a429692e445d98d538c15b20a45d4abd6ee2052c4e761c170,1,1,running,running,True
720-sprites,720 Sprites,CGB only,cgb,entries/720-sprites/720spr.gb,76397e532823e930951d51f00c6e3133e2b39bb70302a8818d46c9a6292c7053,1,1,static,static,True
8-bitty-games-collection,8 Bitty Games Collection,CGB enhanced,cgb,entries/8-bitty-games-collection/8-bitty-games-collection.gb,d5123b93ed16fc82042a4467dd43962e2dfcf28694df93a1747b65ab1716f439,1,1,running,running,True
89,Windows 89,CGB only,cgb,entries/89/W95_b06.gb,38f6cc4bbee921b80d82719af41dbd1521c7ca03a236c4bd9681db5f2376bef4,1,1,running,running,True
a-bride,A bride for the prince,CGB enhanced,cgb,entries/a-bride/game.gb,025a12bd6f8ab759103f108679edae998cdb476251fe4ddf3a40d7c5544508f2,1,1,running,running,True
a-clockmakers-tale,A Clockmaker's Tale,CGB only,cgb,entries/a-clockmakers-tale/A_Clockmakers_Tale.gb,d4cfb4faa2fcb35e92ec61e9f0004c762e3f9e304280e718faddef0678dc3cf2,1,1,running,running,True
a-friend-in-need,A Friend In Need,CGB only,cgb,entries/a-friend-in-need/AFriendinNeed_rom_v1.1.gb,9f20ed18ea6d47154c4995f3b4994273471e39c78fdf90caaed025844d29857a,1,1,running,running,True
a-grave-encounter,A Grave Encounter,CGB only,cgb,entries/a-grave-encounter/AGraveEncounter1.3.gb,5f2957bacea09ec54947310cd89d56dc11760cf06bb0f796c59d1c478af5ae0b,1,1,running,running,True
a-p-a,A.P.A.,CGB enhanced,cgb,entries/a-p-a/APA.GB,7e75c2d54e5f96c63dd1e20e82e12e34b182413dc8f7a8f313b46db27345f328,1,1,running,running,True
a-short-day,a short day,CGB only,cgb,entries/a-short-day/game.gb,dd3441c9fbb76d1aa3c5acac79e4e1ef64f78fe5d04e683efdee5c1eb9db3c70,1,1,running,running,True
a-slime-travel,A Slime Travel,CGB only,cgb,entries/a-slime-travel/aslimetravel.gbc,a92919a1e0d78683f0a245de55d3fc1a0fc07df74a758084ab2e552cb3bc115c,1,1,running,running,True
a-walk-in-snow,A walk in snow,CGB only,cgb,entries/a-walk-in-snow/A_WALK_IN_SNOW.gbc,a70a8c20d020748ecfe9e192c3183f24321d6115f07e3691b089ef935b57f095,1,1,running,running,True
a-walk-in-the-woods,A Walk in the Woods [GB Showdown '23],CGB only,cgb,entries/a-walk-in-the-woods/game.gb,6f3f9411a99e972007c6935d8fc4c9275f56ff305713aea21826a909a901b456,1,1,running,running,True
acattag,ACATTAG,DMG,dmg,entries/acattag/acattag_GBJAM9.gb,5c0243438561a228df22d186aa1140035fe0446fba9c8486d4ea3c5791c82706,1,1,running,running,True
acgb,Animal Crossing GB,CGB only,cgb,entries/acgb/ACGB_A04.gb,37faf398e9afc3056b6a56f4449c3fb6d038cc08c3de4423dd770ba54264cc16,1,1,running,running,True
adjustris,adjustris,DMG,dmg,entries/adjustris/adjustris.gb,47f1fa0b5d0ee47f6380c8c388dce2a839f73a55cb4060a4decb44cf36c2a13b,1,1,running,running,True
adulting,Adulting!,CGB enhanced,cgb,entries/adulting/Adulting_Soundtrack.gb,5de8ee49c1b98ece0f408393a0d1a42c449fed1659d397d919cf599d0eef35b0,1,1,running,running,True
aevilia,Aevilia,CGB only,cgb,entries/aevilia/aevilia.gbc,67e784ed61846bc84bfe9f45b9da343371eec6b896ed1b945b64c0aec7aa735b,1,1,running,running,True
airaki,Airaki,CGB enhanced,cgb,entries/airaki/airaki.gb,fd8fe6e023d9969935e05e7469c0f687f34a430d1a71fdeb5bb30183ce1ea2dd,1,1,running,running,True
aironium_gb-biringan,Lagusan Sa Biringan,DMG,dmg,entries/aironium_gb-biringan/files/LBS0.3.5.gb,cb68b3a68fe748ea84d94657ea03ac2f9851e516fe5249c5fa982e533ac99078,1,1,running,running,True
airplanz,AIRPLANZ,DMG,dmg,entries/airplanz/AIRPLANZ.gb,736b821e17f5509d9b0088289977e1232e18338cad923f3e5588300d8622a662,1,1,running,running,True
akaru-hime-the-red-princess,Akaru Hime The Red Princess,DMG,dmg,entries/akaru-hime-the-red-princess/akaru-hime-the-red-princess.gb,09f54e53c47dc45b83e17dcc2d678212c7035c5f2bc71a8c0756b2cb4c321853,1,1,running,running,True
akino-hitoshi-demo,Akino Hitoshi Demo,CGB enhanced,cgb,entries/akino-hitoshi-demo/Akino Hitoshi Demo (PD) [C].gbc,7d8594e0752f638be3b871bb22cb187c1e188ccb96c88745f77d6267e1d058b6,1,1,running,running,True
alien-invasion,Alien Invasion,DMG,dmg,entries/alien-invasion/Alien-Invasion.gb,78cbb13080f587c108d8a18661db7d7b4a5c14c730f5bb86794a41132035fbf0,1,1,running,running,True
alien-planet,Alien Planet,CGB enhanced,cgb,entries/alien-planet/aplanet.gb,b02ef6405e1e0275d4d78449811658ee611e373194ced89193003e3542e7ce02,0,0,running,running,True
all-humans-must-die,All Humans Must Die!,CGB only,cgb,entries/all-humans-must-die/AHMD_V1.0.gb,7d4829cb9dd23029cbcc2c03a049da94d11222a5c67896a710f146736ac3581c,1,1,running,running,True
alliemackie__purls-of-magic,Purls of Magic DEMO,CGB only,cgb,entries/alliemackie__purls-of-magic/PurlsofMagic-v.09.gb,1c49dcb8a49e95c3f4b733ae828c369319989562ad22d8c7aa8d7ff94978a1cd,1,1,running,running,True
alt-party-09,Alt. party 09,DMG,dmg,entries/alt-party-09/jml-a09.gb,aca103e34ac05371e819bf13544f7e6424e0e3fc9bded6339d1f4d4a75a63de1,1,1,running,running,True
alt-too,Alt Too,CGB enhanced,cgb,entries/alt-too/alttoo.gb,d82c0284b89cd6775f5e93554c38e39a52abf581dcbe47eea3a6cfc21d517208,1,1,blank,blank,True
amenizer,Amenizer,DMG,dmg,entries/amenizer/amenizer.gb,cd5092edc8036b2e6bff3c519cbbc593f9b8bd4d47cf48ce9f18d7b10a66c51a,1,1,running,running,True
amingos-wild-journey,Amingos Wild Journey,CGB enhanced,cgb,entries/amingos-wild-journey/AmingosWildJourney.gbc,6a1f4b8e196dfc60508116e172d762be4721a060d6a07a3638f40063dcd76237,1,1,running,running,True
anakitten_mario-kart-gb,Mario Kart GB,CGB only,cgb,entries/anakitten_mario-kart-gb/files/Mario Kart GB Version 1.01.gb,4aebb71f11a289e83a1c68c6965239f15a32813dde8e30818f7a9ef8e95441e2,1,1,running,running,True
ankoku-housou-gb,Ankoku Housou GB,DMG,dmg,entries/ankoku-housou-gb/ankoku-housou.gb,9fb159a2cdd111751ba4191a13a3411d55c91df9a8238b048202b6821a455151,1,1,running,running,True
ant-hill,Ant Hill,DMG,dmg,entries/ant-hill/AntHill.gb,501f182e0c886d271b97658d980615b689ec9bce38321d13fac4648e0721472b,1,1,running,running,True
ant-soldiers,Ant Soldiers,DMG,dmg,entries/ant-soldiers/ant-soldiers.gb,8f42d5406db3ac052c536c3c29f4ef66e8f591bc1f8b8fc68a6f432660bde562,0,1,running,running,True
antiisda-warrior-v1-0,AntiISDA Warrior v1.0,DMG,dmg,entries/antiisda-warrior-v1-0/AntiISDAWarrior.gb,1d1879255890e88a667721c728c2ed03a46b01435a579148283495791104c4b5,1,1,running,running,True
apa-demo,APA Demo,CGB enhanced,cgb,entries/apa-demo/APA Demo (PD) [C].gbc,e35e2840e37be46eab423ebb7acbefa915eeea02bcbb535317136362d719a7a4,1,1,running,running,True
ape,APE for GB Studio 2.0.0 Beta 5 [TOOL],DMG,dmg,entries/ape/APE_v1_02.gb,925a68e90aa9b6478472a203b24dac517c90bafdecfbb8c44a8bf87324de6668,1,1,running,running,True
apocalypse,Apocalypse (Music Cartridge),DMG,dmg,entries/apocalypse/Apocalypse.gb,8fcd7325f1bc9ec644fc98b7af0796d3648ab704b4ff86c15040fbec88654cad,1,1,running,running,True
apocalypse-now,Apocalypse Now,DMG,dmg,entries/apocalypse-now/APOCNOW.GB,af4aacc25e5ae6a9eaeb351ce37c434b8694a60c9f5b3110316ebb2585c00b20,1,1,running,running,True
apple-demo,Apple,DMG,dmg,entries/apple-demo/Apple Demo (PD).gb,7a4e8bb18fca5536f7818bf41caaa20f5cff2adca335535958bbb91e3f99d1f6,1,1,running,running,True
aqueous,Aqueous,CGB enhanced,cgb,entries/aqueous/Aqueous.gbc,3d76aeb44166f2129443f7dd72de15923606b7e96129f6082deeb42366c85154,1,1,running,running,True
are-you-real,Are you real? (WWF Betrayal +5),CGB only,cgb,entries/are-you-real/dcs-t_01.gbc,2f6cd6e8a4a26435a781f722dfbf33bfb7a1b1103ff4e7bbad0f5dce1902f825,1,1,running,running,True
aris-delivery-palooza,Ari's Delivery Palooza,DMG,dmg,entries/aris-delivery-palooza/Ari_s_delivery_Palooza.gb,cb0d382f51372431eb44817c45b45a3aa2fb700a906dbbdf87cccfbcb5b5efa6,1,1,running,running,True
armageddon,Armageddon,DMG,dmg,entries/armageddon/Armageddon.gb,65e37faf67b4faf62f9a1f2b1af6a8e1ee76f43e4c27a3cb319159f49ba7546d,1,1,running,running,True
around-town,Around Town,CGB only,cgb,entries/around-town/AroundTown.gb,33ba38b587469834aa902201dc62e6b9c47cc196ad96b0dc24893588977d3e0a,1,1,running,running,True
arresting-wrestling,Arresting Wrestling Demo!,CGB only,cgb,entries/arresting-wrestling/game.gb,6c3499b706745fd6dc729f3f8d7fba24502b569ca8bdebd38a41b77da835ca56,1,1,running,running,True
arvex_x-frame,X-Frame (Prototype),DMG,dmg,entries/arvex_x-frame/files/xframe-128KB-2025-08-31a_jam.gb,0afa43f97c5081ac453894cc41932a4c9a6ffe7a9fb7411ea934e8def87b50c9,1,1,running,running,True
ascii-wars-v1-0,ASCII Wars v1.0,DMG,dmg,entries/ascii-wars-v1-0/AsciiWars.gb,fdf4978bb9a6cc6af8d504a3110f5cb5bf3395178131218c0d867906932e1c64,1,1,running,running,True
asteroids-treasure-hunt,Asteroids Treasure Hunt,CGB enhanced,cgb,entries/asteroids-treasure-hunt/AsteroidsTreasureHunt.gbc,2ace74835a4f1383d470425334e3dcb5e945524dad2b34871e93c0e2b54b67fc,1,1,running,running,True
atchafalaya-arcade,Atchafalaya Arcade,DMG,dmg,entries/atchafalaya-arcade/atchafalaya.gb,0c72773aa73ffb85a59f64e22cc4a6aee53007cecfc2007e5333539e69b0e30d,1,1,running,running,True
atop-the-witchs-tower-gb,Atop The Witch's Tower GB,CGB enhanced,cgb,entries/atop-the-witchs-tower-gb/atwt_v1.1.gb,73974a2954989ac9d3b44a3fd139b2f8c35f59b07cc7518aab8f122760496392,1,1,running,running,True
avivbeeri_scoundrel-gb,Scoundrel,DMG,dmg,entries/avivbeeri_scoundrel-gb/files/SCOUNDREL_jam.gb,c51a3d4b206ad8d73a6cf2870a9f48dcfc208d109a91d879639a6fb3301e2990,1,1,running,running,True
back-to-color,Back to Color,CGB only,cgb,entries/back-to-color/demo.gbc,7d7e60e154bdb806f8a0142394a468f318afde8a336d58e5051e722d0700b50c,1,1,running,running,True
back-to-earth,Back to Earth,CGB enhanced,cgb,entries/back-to-earth/bte.gb,d250670ccb950af10565d0e4856c0a091df08cbfe4c04882533c8a51f40de28d,1,1,running,running,True
back-to-space,Back To Space,DMG,dmg,entries/back-to-space/backtospace.gb,a5684d0d080d4029f3d12aa26a587908b4782889f4fbfff76ff2519e829422d2,1,1,running,running,True
bad-apple,Bad Apple!!,CGB enhanced,cgb,entries/bad-apple/BADAPPLE.GBC,2e6a39c3de29dbfc54bada4d7b9ed0cf21f84e5d94dc02bb1f259c8621c03c65,1,1,running,running,True
badliz-the-great-strategy-roblox-theme-2006,(GB PCM Demo) Badliz: The Great Strategy- Roblox Theme 2006,DMG,dmg,entries/badliz-the-great-strategy-roblox-theme-2006/The_Great_Strategy_(2005).gb,261d7f31d426d2e7b37f4e84086755b72eff38b986fb164d74398fee58005d35,1,1,static,static,True
ball,Ball,CGB enhanced,cgb,entries/ball/BALL.GBC,52cd9a9612d7f0bc1cf38222d14dcaf81efccac50e7f8a4ee3bb9f84c6e9bdde,1,1,running,running,True
ballgamedx-demo,BallgameDX Demo,CGB only,cgb,entries/ballgamedx-demo/BallgameDXDemo.gbc,b5814e8f37766b99d30b6773bc8fa1a0f7f9a6daf87d821f37c956cc5d1cb7be,1,1,running,running,True
balloon-man-v1-0,Balloon Man v1.0,DMG,dmg,entries/balloon-man-v1-0/BalloonMan.gb,4aa3f4ae8912589445f50652aae7f0da5f77bbf7d8a4cd38b6083fd8fe615af6,1,1,running,running,True
bannerprinter,Bannerprinter,CGB only,cgb,entries/bannerprinter/bannerprint.gb,6f81cd87c25bf8b65a4ffb9ca77a5f7bcd41288aba0285c6bbb34023f7a9f1cb,1,1,running,running,True
bard-0__nunya,NUNYA(demo),CGB only,cgb,entries/bard-0__nunya/NUNYA.gb,5114da4920f6e511fed2f1189656e469d9bdd12545b9b6cec8e7f938cadd8a7a,1,1,running,running,True
bbb-studio_sokopenguin-gb,SokoPenguin GB,DMG,dmg,entries/bbb-studio_sokopenguin-gb/files/Soko Penguin GB_jam.gb,3718a23f49bebda6f31c05860674d6c0ed740968a09883898660cc9ed6bdf8c6,1,1,running,running,True
beamycat_void-stranger-gb,Void Stranger GB,DMG,dmg,entries/beamycat_void-stranger-gb/files/void_stranger_jam.gb,2e0e82acdeab86f429a8fc89402139df3b9ebb2507885061ce44c4a0c027228e,1,1,running,running,True
beatscribe__gb-compo-23-music-cart-tune-in,Gb Compo 23 - Music Cart - Tune In!,CGB only,cgb,entries/beatscribe__gb-compo-23-music-cart-tune-in/beatscribe_jam.gb,ecd2ef2d203017c97b856b1b540e30608873119ab9998572a8d63c3a7beb1685,1,1,running,running,True
beatscribe_gbbbs95,GbBBS95,CGB only,cgb,entries/beatscribe_gbbbs95/files/GbBBS95_1.4.4_ESPANOL.gb,36c8834959bd349137d1697f18ad50e1b60d33a1f1925231b9fb6f65b57e6458,1,1,running,running,True
beauty-girls-1,Beauty Girls 1,CGB enhanced,cgb,entries/beauty-girls-1/BG-Vol01.gbc,4c274f55fe030e19632f7e229d4c840146d3c4638d7c1adabc8b86586ae0f0be,1,1,running,running,True
beauty-girls-volume-1,Beauty Girls Volume 1,CGB enhanced,cgb,entries/beauty-girls-volume-1/beauty-girls-volume-1.gbc,92264d481f5e83a732a8625947db5a33b37348bd0ddf42fa88e1d214f06c99fb,1,1,running,running,True
beberg,Beberg,CGB enhanced,cgb,entries/beberg/beberg.gbc,416b36e0d2af76b870def79e8c25fb2fbdd6dd8dcebc62148cfe88d96ab47785,1,1,running,running,True
bee-jump,Bee Jump,DMG,dmg,entries/bee-jump/bee jump music.gb,0ccd673eac554af7d4e8e655543352385321d34fc2619541ad3d7ca466b4e1dc,1,1,running,running,True
beep-boop-boom-box,Beep Boop Boom Box,DMG,dmg,entries/beep-boop-boom-box/beep-boop-boom-box.gb,330ad3baa7a3768e75622873004f82e34d6536951ec853e5f124626a4d5e9742,1,1,running,running,True
beigeray,BeigeRay,DMG,dmg,entries/beigeray/beigeray.gb,f71cbd590fa3944e86b47647f81b850cb0fd156420999a9d00e2e173508aadbd,1,1,running,running,True
benchmark,Benchmark for Gameboy,CGB only,cgb,entries/benchmark/FNum.gb,d3452de65a2426799e1f5429ecea57993437a55883aa9239c8b1b75db61d3f98,1,1,running,running,True
benjelter_ormblok,OrmBlok,CGB only,cgb,entries/benjelter_ormblok/files/OrmBlok_jam.gbc,144dd98ddd5f846cd345ef27b9e1b744a48ab857657fc7effef9ab6e6fccb66a,1,1,running,running,True
big-scroller,Big Scroller,DMG,dmg,entries/big-scroller/Bc.gb,cbb75160063c800ed276626033bfc46fbe9a4236fc447b6134adcaa96a070df0,1,1,running,running,True
big2small,Big2Small,CGB enhanced,cgb,entries/big2small/big2small.gb,59c096333f93c12c8eb25a5fcffa2be15001abcd5d20b9a82c2bc2dae7e625b2,1,1,running,running,True
billgamesh_gilgamesh-enkidu-and-the-netherworld,Gilgamesh Enkidu and the Netherworld,CGB only,cgb,entries/billgamesh_gilgamesh-enkidu-and-the-netherworld/files/Enkidu_jam-CORRECTED.gbc,26fdca2655b7352b9ce64ed758686e5752ae6e875f816f4ff7c16d1a7a45d28e,1,1,running,running,True
bin-day,Bin Day!,DMG,dmg,entries/bin-day/BinDay.gb,72de132c31836a0e576879439f36bdbbd4bd96c12c31e721c1e501261d02fdab,1,1,running,running,True
binary-chaos,Binary Chaos,CGB only,cgb,entries/binary-chaos/chaos.gbc,b147eac30db6933371245a69876c8f004ab45ba27d3dc914fae86d81264d2326,1,1,crashed,crashed,True
biotic-limit,Biotic Limit,DMG,dmg,entries/biotic-limit/bioticlimit-1.gb,e876b7680e4ef96fbc56da6c5e7352136be1c08779e509c6a2a4e7a073de0f5d,1,1,running,running,True
bit_bang,Bit Bang,DMG,dmg,entries/bit_bang/bit_bang.gb,2a4e25370cab3fa7b76a7ca630321b585be70aa4030ac776228c0641154c7735,1,1,running,running,True
bitte-8-bit,Bitte 8 Bit,CGB only,cgb,entries/bitte-8-bit/8bit.gb,64e6659a13424254db975d45c4bba7684ef37e20d43423e8f7c8d1afaa1b7211,1,1,running,running,True
black-castle,Black Castle,DMG,dmg,entries/black-castle/black-castle.gb,457aff350dc6fb3caa137c89fe14fed91fbc7002fcab9173517e1aa4f88763a6,1,1,running,running,True
blackrookgames_george-demoscene,George Demoscene,DMG,dmg,entries/blackrookgames_george-demoscene/files/george_jam.gb,b1a72e71c1bdbc7f9981c41a82e87eb00d186ca684862946066be90176b1b702,1,1,running,running,True
blackybird,Blacky Bird,CGB enhanced,cgb,entries/blackybird/BlackyBirdCol.gb,602996bd120639fef4c6e96d2894ad687b4e566437ab249b0eee9dab6b302d56,1,1,running,running,True
blarble,Blarble,DMG,dmg,entries/blarble/blarble.gb,451a385860ce15200b13c04997509dc48f1bde7270683cbbe489a4f227a93265,1,1,running,running,True
blastah,Blastah,CGB enhanced,cgb,entries/blastah/blastah.gb,bba10e19e78d85b51e36c5b409dafd5340918ceb59494386eb1d9c4738530be7,1,1,running,running,True
bleep,bleep,CGB enhanced,cgb,entries/bleep/bleep.gb,46aa1cb8b09bfbf189e77e6211584ade1a0fdd26fd18ee5392d94e0c641d334f,1,1,running,running,True
blem,Blem!,DMG,dmg,entries/blem/BLEM! (PD).gb,0dc4db0209369466adbd6cd4033b4b218e81bd666c8f7c1710d4334dfc3410f1,1,1,running,running,True
blossom,Blossom,DMG,dmg,entries/blossom/tu_b_shvat.gb,d140db2a9dbda799ad533f6746c884d6624e0cdc6da225576d8d93d4c22a4685,1,1,running,running,True
bluerabboot_through-the-woods-and-back,Through the Woods and Back,CGB only,cgb,entries/bluerabboot_through-the-woods-and-back/files/TTWAB_jam.gb,0cf08cfcbee072888397ff0b1fca7af1d20074ddaf272030045a4c6c19215cd8,1,1,running,running,True
boboplushie,BOBO&PLUSHIE,CGB only,cgb,entries/boboplushie/BoboPlushie_V0_8.gb,bda89345aa251da634363aeee74c43ee82e9e11e46655bb0e6737ab3fc97af76,1,1,running,running,True
bomber,Bomber,CGB enhanced,cgb,entries/bomber/Bomber.gbc,1614fecc3ccf5b96a4981ee27c1662b99af6104a7208db6b0438c6123b954955,1,1,blank,running,False
bomberman-tm,BOMBERMAN,CGB enhanced,cgb,entries/bomberman-tm/Bom.gb,7a9dca21e8416ecc098242e19320cc28a3e11edfd0292f924f45af1174088f8e,1,1,running,running,True
bone-finder,bone finder,CGB enhanced,cgb,entries/bone-finder/bone_finder.gb,7522fad348460977467dfb10b02a130a9daf0a2bbd78d5fad74cc0829a2d8902,1,1,running,running,True
books-of-the-bible-v1-4,Books of the Bible v1.4,DMG,dmg,entries/books-of-the-bible-v1-4/BotBfGB_14.gb,37a3624281d4b673ba1184c438a7813cb75a61c25e9a04ca9b5218b4810e29d3,1,1,running,running,True
bork-paw-kisses,Bork Paw Kisses,DMG,dmg,entries/bork-paw-kisses/game.gb,fdc98e141e53a9afe613595bd83556b546ee8e0831504cc580bdb783c28baf7a,1,1,running,running,True
botb-invitro,BotB Invitro,DMG,dmg,entries/botb-invitro/botb-invitro.gb,75a8be81043ef033d5a3dffad37b93c295f6e17bd7b81f6e0251847539c560c1,1,1,running,running,True
boulder-dash,Boulder Dash,CGB only,cgb,entries/boulder-dash/bdash.gb,717a79bdd3f619aa6e77f321c7afd2ac6161f32c962be3520e82375b4e441609,1,1,running,running,True
bounce,Bounce!,DMG,dmg,entries/bounce/Bounce.gb,10dab8731255b7a249cd1646b666aca6f6c00fa8e344592569d47fe7e2505cce,1,1,running,running,True
bounce-v1-1,Bounce v1.1,DMG,dmg,entries/bounce-v1-1/Bounce.gb,f6069b3d905fd7b3d2027eb71ebeb50623387c078c689a63935455a249b49b0c,1,1,running,running,True
bounced-5-trainer,bounced +5 trainer,CGB only,cgb,entries/bounced-5-trainer/bounced-5-trainer.gbc,1ad18dd4e1d97395fa6f6c487194a156a00e0597f7d09fc67ff501981c0f486e,1,1,running,running,True
bounty-land,Bounty Land,DMG,dmg,entries/bounty-land/Bounty_Land1.4.gb,b75781956053211e2147fbacea58ce7fd65c54dfa3bbacd0fbd46ba858a90698,1,1,running,running,True
bownly_ningami-2,Ningami 2,DMG,dmg,entries/bownly_ningami-2/files/Ningami2_jam.gb,f2f27bdf08ce0264e6b84dd40e13e88dab636b0ec0346d3601fc6fe10f2ac842,1,1,running,running,True
boxed-in,Boxed In,CGB only,cgb,entries/boxed-in/Boxed_In.gb,21b713c19af22b104b658e1a4b2ecd0ef41c67dbe20bf6f959e7fa0b8c1c0256,1,1,running,running,True
boxes,Boxes,DMG,dmg,entries/boxes/Boxes.gb,f2c7eb632f1a1415a0b4000ebd9198983b1e49687ca2c81b2c0f12be64a4c87a,1,1,running,running,True
boxing,Boxing,DMG,dmg,entries/boxing/BOXING.GB,ae88fb1be6b75d874b6dd9975cf6a1c903388e7f88454327932ff250a1004ba8,1,1,running,running,True
brainfox,BrainFox,DMG,dmg,entries/brainfox/brainfox.gb,71c1ee001b8949e7f89f5f4ba021a716dc5b468c3cda88236803ffbe547332f0,1,1,running,running,True
brekstascat,Breksta's Cat,DMG,dmg,entries/brekstascat/brekstascat_1_3.gb,e46dc09ce51b0bf3ca5c4539350ab7e2d4ea4d428329540605aa0a978ac3ece8,1,1,running,running,True
bubble-factory,Bubble Factory,DMG,dmg,entries/bubble-factory/bubble-factory.gb,4446ed2192165a4dabed979b72d1ccab583a3ba68df9ad6ac3af66c8ee7a544b,1,1,running,running,True
bubbles,Bubbles,CGB enhanced,cgb,entries/bubbles/tlu-bubbles.gbc,c7feabcc9aa5390627b109fc19955c5584bf27c1a599883be04914a1f011f9bf,1,1,running,running,True
buddy-book-battle,Buddy Book Battle,DMG,dmg,entries/buddy-book-battle/Buddy_Book_Battle.gb,4d0d7bffea688ddb7ce003576cc093ce28628afadd5c4059e0a4aa294c28dc4e,1,1,running,running,True
bugbites,Bug Bites,DMG,dmg,entries/bugbites/Bug_Bites!.gb,d172ce055c3ead850824fa72cb055a2fbe0c7e045e8b3f41eaa0f82b83077ef7,1,1,running,running,True
bump,Bump,CGB enhanced,cgb,entries/bump/bump.gbc,296664c63a75035fb18e69a7ff2625daf44876ea529feb7cacc507e44dffa949,1,1,running,running,True
bung-sprite-demo,Bung Sprite Demo,CGB enhanced,cgb,entries/bung-sprite-demo/sprite.gb,94afa62b8fb539c83e13e42e284bd756823600818f456de4464939a3635b59a9,1,1,running,running,True
bung-trivia,Bung Enterprises Limited Product Test,DMG,dmg,entries/bung-trivia/TRIVIA.GB,c2ae0c93e20deed76d795f2d949e184fdd12da4a2e13bf797972073af675435b,1,1,running,running,True
burly,Burly,DMG,dmg,entries/burly/burly.gb,0814c718cd41b376f3f6d20ccc216f32098943e5858194e49b8278b47bde7aa5,1,1,running,running,True
burly-bear-vs-the-mean-foxes,Burly Bear vs. The Mean Foxes,CGB enhanced,cgb,entries/burly-bear-vs-the-mean-foxes/burly.gbc,b74ad58ef5946616a753b126e0c9112b5ea73a42754fa345c5c2f4cc910ef1e7,1,1,running,running,True
bustfree,Bustfree!,DMG,dmg,entries/bustfree/bustfree.gb,05640bb1aac6201ab271cf9f6fd9ef5e37fef235514106f81ffa3fcadf06e23a,1,1,running,running,True
buzzy56_devils-dance,The Devil's Dance (DEMO),CGB only,cgb,entries/buzzy56_devils-dance/files/TheDevil'sDanceDEMO_jam.gbc,dc01ae219265c1eaaf625a68702005502e94dcd708295c483688193fb5e64d36,1,1,running,running,True
byjustasix_pilot,Pilot Care,CGB only,cgb,entries/byjustasix_pilot/files/herogotchi-pilot_care.gb,d4490bc33fe662ce3df0a33aad5aa40917f29b857dd914e835f69f3ac5bf07f7,1,1,running,running,True
c64-will-never-die,C64 will never die (VIP),CGB only,cgb,entries/c64-will-never-die/cpl-i_06.gbc,c204ca41f9dca749d34ac6020c0774800508927eecf06ebb517d46c8f53dba75,1,1,running,running,True
cache-cache,Cache Cache,DMG,dmg,entries/cache-cache/cachecahe.gb,43b667b9e1b3f8162745a1bb9475dae5042bf68dd6409a2cff07af12fb1a4dc1,1,1,running,running,True
calculator,Calculator,DMG,dmg,entries/calculator/calc.gb,6195aaee39f9211173b6dd23c61c80aaa8c3133e23e78f0b08464e1274b10945,1,1,running,running,True
callmedj169_i-dream-of-harold-gbcompo,I Dream of Harold (GBCompo),CGB only,cgb,entries/callmedj169_i-dream-of-harold-gbcompo/files/IDREAMOFHAROLD_jam.gb,ffae4c67130be52fc365fffe170250ca0f747242d81feb3f1831ffc56bde44f6,1,1,running,running,True
canight__slime-trials,Slime Trials,DMG,dmg,entries/canight__slime-trials/SlimeTrials.gb,38879f865221131e83f59e1168417566356fb8139e3e59c76422bd2b05305b14,1,1,running,running,True
car,Car,DMG,dmg,entries/car/Car.gb,3a370bf72dc5038eb92c3107c13729e19ed08b753d9e4253840f7332846409b8,1,1,running,running,True
car-demo,Car Demo,DMG,dmg,entries/car-demo/L2.GB,4bbc58789a0aa7fbf7b50b36ccc8f0cad20ab584441db43a7dd074799a13e85d,1,1,running,running,True
carazu,Carazu,DMG,dmg,entries/carazu/carazu.gb,eef9dea9ecba15be7b21f3495e8c8bad937a0b2245cac09eec8baf61dfc91fb5,1,1,running,running,True
card-shuffle,Card Shuffle,DMG,dmg,entries/card-shuffle/CardShuffle.gb,3d06c6dee0ec43054f5cb0980d59c9a02c520ff20f422539b5ad47c107503c84,1,1,running,running,True
caretaker,Caretaker,DMG,dmg,entries/caretaker/Caretaker_(v.1.0.2).gb,61e1ebaa0b95720fff7ff421ff607155186ca2cda48a952ed60d6f844cdbaac5,1,1,running,running,True
carillon-demos,Carillon Player Demos,CGB enhanced,cgb,entries/carillon-demos/fruitless.gb,4423de4d26ddb9ee5643925efa8609dbafbe72fe8889195f209b387434291e37,1,1,running,running,True
carillon-editor,Carillon Editor,CGB enhanced,cgb,entries/carillon-editor/carillon.gb,44cdb9722d27db470f5cd5d30ca7b88a7ee7008217352f7ed57b7225c3ae4166,1,1,running,running,True
carillon-wf,Carillon WF,CGB enhanced,cgb,entries/carillon-wf/carillon-wf.gb,3b3c638eb6d8e638d82dcefb0eb8a7f183bd6259ea9b1dd43c93abdc13ddc3a1,1,1,running,running,True
cars,Cars,CGB enhanced,cgb,entries/cars/Cars.gbc,5eadfb04a48ba3bb6a35ea27a322af4c5fcc5077b93214545892ffe26e7a5c1c,1,1,running,running,True
cartoon-strength__kelp-dragon,Kelp-Dragon,DMG,dmg,entries/cartoon-strength__kelp-dragon/Kelp-dragon_jam.gb,f920bb11684634dc442955b84e9dbbe0b608285e223a4ecae4e4d9f41758dc6d,1,1,running,running,True
castle-of-sword-n-shield,Castle of Sword & Shield,DMG,dmg,entries/castle-of-sword-n-shield/main.gb,05c5fc6ca040c4db6a6278b8f6d3d1888f8380504672480c62b5946fa0eca8ef,1,1,running,running,True
catgoesfishing-gameboy-version,CatGoesFishing -Gameboy version,CGB only,cgb,entries/catgoesfishing-gameboy-version/game.gb,fa0b04815beeb2f080a421c1009b747d472ddadf0bb1e085f0e5b5472c8c2344,1,1,running,running,True
catmario-gb,CatMario-GB,CGB only,cgb,entries/catmario-gb/catmario-gb.gbc,ffe4f597f654f6edc8804aaf8d1014c6f9373f448210fc40ccde9076b300e67e,1,1,running,running,True
cavern-mvm-9,Cavern (MVM 9),DMG,dmg,entries/cavern-mvm-9/Cavern_MVM9.gb,2653f587fb7bc645ac663b1fa1c4e1ece1ef4f971a3269cc84a499974310c96d,1,1,running,running,True
cc,Calling Cloud,CGB only,cgb,entries/cc/game.gb,6e1cd0a3f5353c12c38004b9abcb38017bf8824fb5ede87d11f2373b57299c91,1,1,running,running,True
cenotaph,Cenotaph,CGB only,cgb,entries/cenotaph/dcs-ctph.gbc,a6bdd043a5aa39e17441e1f9f8c20ae01a40d8fde8e7bc7543118482b11d45bd,1,1,running,running,True
channel-49-first-strike,Channel 49 - First Strike,CGB enhanced,cgb,entries/channel-49-first-strike/Channel49-firststrike.gb,aeb9ca3f70cd1a5c9502e04e26c2f3e70e647269d6448a810a8d48d86591a5fd,1,1,running,running,True
chaos89,Chaos89,CGB enhanced,cgb,entries/chaos89/Chaos89 by Charles Doty (PD) [C].gbc,070fd18084a90de4c32c739e1466802e7ea494ac9929f2e61c3041c123c6a835,1,1,running,running,True
chavezfunktion__monkeys-on-mars,Monkeys on Mars,DMG,dmg,entries/chavezfunktion__monkeys-on-mars/chavez_monkeys_on_mars_gbcompo_jam.GB,ab11f97d73caba553c5a9ad1b9e84b5c666d86e2cca0b0e50df1b5cf5575bead,1,1,static,static,True
checkercube,CheckerCube,DMG,dmg,entries/checkercube/CheckerCube.gb,1b5b4829cfbe05f7da74dd61b8dd2db940179c295a88797008f0fdad0168431c,1,0,running,running,True
child-s-play,Child's Play,CGB enhanced,cgb,entries/child-s-play/childsplay.gbc,5bd3ff0f8a05ee223900be471d30bb1b77bc0ebeec227f6d9a6a07a145ecba1c,1,1,running,running,True
chord,Chord,DMG,dmg,entries/chord/chord.gb,b01ca71430d934fdf467be945ea2dfe9d3f8b7563e52e9d86f6ed5ee6d8718c4,1,1,running,running,True
christmas-2004-musicdisk,Christmas 2004 Musicdisk,DMG,dmg,entries/christmas-2004-musicdisk/jml-joul.gb,d2eb4cdc8099ac44e5ea5c9ac4cfd86cc6b7d846d1d673d8cce868e66715ea24,1,1,static,static,True
christmas-light-simulator,Christmas Light Simulator,CGB enhanced,cgb,entries/christmas-light-simulator/star.gbc,bb652ca42dd11c47b8107bb9fbdf32e604a219cb78cdd9e55fe56b073dd05342,1,1,running,running,True
chuckie-egg-dx-version-033,Chuckie Egg DX (Version 0.33),CGB enhanced,cgb,entries/chuckie-egg-dx-version-033/chuckie.gbc,36aa9e0c5fd062607d3d02345958b8d66ca5ca6cf5d42dd46c25806468d2543f,1,1,running,running,True
chunk-out,Chunk Out,CGB enhanced,cgb,entries/chunk-out/chunkout.gbc,83cd70d3cf9d1d7da3baa98055c7f3aa292b85594160335cca351761717e94a4,1,1,running,running,True
chunky-world,Chunky World,CGB enhanced,cgb,entries/chunky-world/GBDEV.GBC,d988e21fe5b9f71b849351218d47679c67cd4d7a79653fe3495097f352113ea4,1,1,running,running,True
chunkysteveo_cartbound-the-gb-hardware-quest-gbc25-jam,CartBound - The GB Hardware Quest,CGB only,cgb,entries/chunkysteveo_cartbound-the-gb-hardware-quest-gbc25-jam/files/cartbound_jam.gb,46189aa0d4a70c3af90f53d4b462d57a9b4bbd72d39c0de318e5c657b71908b2,1,1,running,running,True
circle-1886,Circle 1886,CGB only,cgb,entries/circle-1886/CNCD_CIRCLE1886.gbc,9dd4b35905af63bbfacc3044fe127f3814996eda767e4d0bf701144764cb0c22,1,1,running,running,True
clay-pidgeon-shooting,Clay Pidgeon Shooting,CGB enhanced,cgb,entries/clay-pidgeon-shooting/Clay Pidgeon Shooting by Jim Bagley (PD) [C].gbc,f2b1ed3abba36f59267c073deb8bca0fa57d7bb06f75ec81cde1208890a9850a,1,1,running,running,True
claytheturtle_cosmo-command-gb-compo-2025,Cosmo Command - GB Compo 2025,CGB only,cgb,entries/claytheturtle_cosmo-command-gb-compo-2025/files/CosmoCommand_jam.gbc,39ee7b9e436edbda0f644b44f35d85890c5f4f40a966ac9c0916aea3e19f99a0,1,1,running,running,True
clickomania-alpha,ClickOmania (Alpha),CGB enhanced,cgb,entries/clickomania-alpha/clk.gb,d54ed4db3b8cfad5e26b0bfcc6bb8ece042cd846104ecda791724f5f4897e16d,1,1,running,running,True
clockclicker,Clockclicker,DMG,dmg,entries/clockclicker/clockclicker.gb,231669a85000488c62d57791361fe641b63ef238301794cbe615bf08e730198b,1,1,running,running,True
cloudscomputing__sgb-sou-trn-demo,SGB SOU_TRN demo,DMG,dmg,entries/cloudscomputing__sgb-sou-trn-demo/sgb_mus.gb,ca861c0a971ad6aa915654f97c0782c7290af37b20b81f19aff1bcb804a42b8c,1,1,running,running,True
clown,Clown,DMG,dmg,entries/clown/CLOWN1.GB,155fb583d670e441856a43862713a070fff55312b6095af965e2cd33fdb00753,1,0,running,running,True
clunkypd,Clunky and the Parallel Dimension,CGB only,cgb,entries/clunkypd/game.gb,379a48825a2f92578ff18c05af6c736b57e10f9cf1a78740c1f180fc56fb492c,1,1,running,running,True
color-bar,Color bar display for GBC,CGB enhanced,cgb,entries/color-bar/colorbar.gb,05c1f84cd46f2cf2d861da14ecac1c1a70a8bc4ff27f073f1ec7489f19a2ea51,1,1,static,static,True
color-collapse,Color Collapse,DMG,dmg,entries/color-collapse/ColorCollapse.gb,e7a0a7a24a59dfcb142cfd94c314b2da7a888ace9d73e4f796df4324da770817,1,1,running,running,True
color-tuner-v1-0,Color Tuner v1.0,CGB enhanced,cgb,entries/color-tuner-v1-0/Color Tuner V1.0 (PD) [C].gbc,d3eee47b57eb5b816910511354ddce40dc9ec0fa847a0647647fe004010d7254,1,1,static,static,True
commando,Commando,DMG,dmg,entries/commando/Commando (PD).gb,05744fdb3e3ad3aba72f40d40bbdb4cc6b23e55d65971c06c72b826335040ff4,1,1,running,running,True
commando-death,Commando Death,DMG,dmg,entries/commando-death/CommandoDeath.gb,38d8792b5f2ec40775c3f2b1fca70763b10cac90a237a8336374df58d2e6489f,1,1,running,running,True
concert-grove,Concert Grove,DMG,dmg,entries/concert-grove/concertgrove1.gb,d5ef149086c97117617628cfd9e086c66c40d104b9b7ca39b0824f67e2e18f04,1,1,running,running,True
cook-simburgerking,Cook (SimBurgerKing),CGB only,cgb,entries/cook-simburgerking/cook.gbc,45ce000230b1f980358ccb3b694673834be03ad322604e33a5ee57bf78079d75,0,1,running,running,True
cookies-bakery,Cookie's Bakery,CGB enhanced,cgb,entries/cookies-bakery/bakery_v1.0.3.gb,578cf38370d8b6fc34f13a371dd9a89288e7d0f8c229baae4d958b20698162e2,1,1,running,running,True
core-machina,Core Machina,CGB only,cgb,entries/core-machina/Core Machina v1.2c DEMO.gb,b9cd4f29954e4ba9befeb1e2f6c2d9b0c1a8b2b8b0b1237b1da345b8bbd6b301,1,1,running,running,True
corrib75,<corrib75>,CGB enhanced,cgb,entries/corrib75/corrib75.gb,9ef17859e70db0adb10f4e7b843f4228a4369acc51ec4b8142515937d7a58ff8,1,1,running,running,True
cosmic-attack,Cosmic Attack,CGB enhanced,cgb,entries/cosmic-attack/CosmicAttack.gbc,06d569a441fb794c5afa9322a5d09d0b3ca4ff0fe1a463c2bc513693975f9deb,1,1,running,running,True
cosmic-cones,Cosmic Cones,DMG,dmg,entries/cosmic-cones/cosmic-cones.gb,50202c78bd0f4f033000b4cea013b025b6293e5b02e489b1b8c25d4521bf2c09,1,1,running,running,True
cosmica,Cosmica,CGB enhanced,cgb,entries/cosmica/cosmica.gb,d29d56e9a208e313f68c8d261f55acf81bf7f79c365c65a507ccb242558a89db,1,1,running,running,True
coucou,coucou,DMG,dmg,entries/coucou/coucou.gb,37dab6cde7d5c3372efb5e2d66e3f063782476e86e7f726ff444c5c2ee8c8e05,1,1,running,running,True
counterfeitfaker__road-rage,ROAD RAGE: A Cautionary Tale,CGB only,cgb,entries/counterfeitfaker__road-rage/roadrage_jam.gb,2803f5c7317b5217614249e6c92f9ca4bc7ebc5fc5b1839eccd25beb9202b9dd,1,1,running,running,True
counting-sheep,Counting Sheep,DMG,dmg,entries/counting-sheep/counting-sheep.gb,7130e26cafa50ecdcebbe20c30f089018d262a0ec5f7670575ef877d906c53c5,1,1,running,running,True
cpl-gbc-intro-1,cpl gbc intro #1,CGB only,cgb,entries/cpl-gbc-intro-1/cpl-gbc-intro-1.gbc,1a1044d16d3c23c630f16a35597683e427b0f657b82657d2845f1b03e5049d7d,1,1,running,running,True
cpl-gbc-intro-2,cpl gbc intro #2,CGB only,cgb,entries/cpl-gbc-intro-2/cpl-gbc-intro-2.gbc,a9eb82c4ae3e3e5eb9c819bfa2f7e29f2d7446a7a04693ca7e8e5913ecfa9cdb,1,1,running,running,True
cpl-gbc-intro-3,cpl gbc intro #3,CGB only,cgb,entries/cpl-gbc-intro-3/cpl-gbc-intro-3.gbc,03f8a8a33d6fd87cf37d1fb46288e4598e812c6cca4494ca29256eaf90cfe7a1,1,1,running,running,True
cpl-gbc-intro-4,cpl gbc intro #4,CGB only,cgb,entries/cpl-gbc-intro-4/cpl-gbc-intro-4.gbc,0745ae2329726e86313432b6fe6f6d055af0ad19aac8daec6b29ab6ee3f582d2,1,1,running,running,True
cracktro,Cracktro,CGB enhanced,cgb,entries/cracktro/tcintro3.gb,c208e2c47fa98bac1a5eaf96a0401f85329f2aa3c37d6898bf9ca5753f81aa48,1,1,running,running,True
crash,Crash,DMG,dmg,entries/crash/CRASH.GB,1ef54d203357d964ecf28624fa7b65e482b4c58c2b78505e3fca992ac193a69a,1,1,running,running,True
creativags__weekplanner,WeekPlanner,CGB only,cgb,entries/creativags__weekplanner/WeekPlanner_jam.gb,dae3daf6616dd6222b572b4b368ec4e6520d85c71b480abeb40a7458297ffbfc,1,1,running,running,True
creativenamegames_pocket-aquarium,Pocket Aquarium,CGB only,cgb,entries/creativenamegames_pocket-aquarium/files/Pocket Aquarium 2.5_jam.gb,ca60f854fd783bde3829b204f3a4ad1d283caecc78ced3854488f2fbe36cc0e2,1,1,running,running,True
cricket,Cricket,DMG,dmg,entries/cricket/CRICKET.GB,3ad07d6ad3ef02c7afb4c8c1be688f8a3140d5cbe04d53e3d2a50bfafd6e65b4,1,1,running,running,True
crossconnect,CrossConnect,CGB enhanced,cgb,entries/crossconnect/CrossConnect.gbc,5465e7b4aa37ee0d630d2e63a026f282e8d17c213a2bd9f087417e68061e8b95,1,1,running,running,True
crystal-lake,Crystal Lake,DMG,dmg,entries/crystal-lake/CrystalLake.gb,1688e11265c729eecbd26e46c4090dfcdcb79637800b8ca92d6c3170684826c5,1,1,running,running,True
ctc,Chase The Chest Z,DMG,dmg,entries/ctc/game.gb,ac56652cc866dc4f28a781d3272d1ec1fda7c52392cdfb70f0141a793623e489,1,1,running,running,True
cuckoo-in-time,Cuckoo in Time,DMG,dmg,entries/cuckoo-in-time/game.gb,9f6a3484834d3e3f4979a29159bde5d02155382273816891044021f380ac86a5,1,1,running,running,True
cuppajoe,Cuppa Joe,CGB only,cgb,entries/cuppajoe/Cuppa_Joe_(Jam_Version).gb,58cc3c923e3ce17ee05144517f2c4c7e96d3bf82d989a4582b11fcda5eeae9af,1,1,running,running,True
cupritegames__dragons-egg,Dragon's Egg (GB Compo 2023),CGB only,cgb,entries/cupritegames__dragons-egg/Dragons_Egg_jam.gb,3862d7559110b6215556c2184d1acbbacad33b40e13fe1fe496397e89cb3a7f3,1,1,running,running,True
cute-demo-cgb,Cute Demo CGB,CGB only,cgb,entries/cute-demo-cgb/cute-demo-cgb.gbc,1c7a1eb018cfb47e1152420aaa2de766dd4c8332e67fa1ec7fa98a9fb0887ffd,1,1,running,running,True
cuurian__monster-mind,Monster Mind,CGB only,cgb,entries/cuurian__monster-mind/MonsterMind_Jam.gbc,1018176b0669e0154110f008c1b3b23b24e6ef42974ce2034bb9224429d46b79,1,1,running,running,True
cybersquash,Cyber Squash,CGB enhanced,cgb,entries/cybersquash/cybersquash.gb,7efc36b03cd0700a029976cb3f6f98e1015975b4bc5459d8eae1c7f259ebcf45,1,1,running,running,True
daisanpo27_deejay-techno-monkey,Deejay Techno Monkey!,CGB only,cgb,entries/daisanpo27_deejay-techno-monkey/files/DJ Techno Monkey!_jam.gbc,3b7102343e8f2caf53c692c1bb5b130b8160adf47a1ddd52aaa37e578b231250,1,1,running,running,True
damn-plug-it,Damn! Plug it!,CGB enhanced,cgb,entries/damn-plug-it/DPI.gb,6f7762dc47051bba939ef981b975066f69f15c1ace78ff63ec4b78e7f35d3de8,1,1,running,running,True
dan-laser,Dan Laser,DMG,dmg,entries/dan-laser/dan-laser.gb,dd709311561e264393ff4d1961797eceec8d8fa92d2c02e4d5fb38c4fb5f3bdc,1,1,running,running,True
dancar__mind-controller,Enthraller: The Small-Hauler,DMG,dmg,entries/dancar__mind-controller/enthraller.gb,c10311e6b9d996c523cc013c179dcfe81ecd2322fffe29ecdd853d13dc0a9498,1,1,running,running,True
dancar_puzzleboy-logic-quest,PuzzleBoy: Logic Quest,DMG,dmg,entries/dancar_puzzleboy-logic-quest/files/puzzleboy_jam.gb,71693e71f0494e9467299402ee8e523735fe6bdb5dbb9730d11838ac89ce6f76,1,1,running,running,True
dangan,dangan GB,DMG,dmg,entries/dangan/dangan.gb,28a21445177534b9b9a39aa87ef305e2bd240e9b453bbfef549e014ba26cbae0,1,1,running,running,True
dango-dash,Dango Dash,CGB only,cgb,entries/dango-dash/Dango Dash_v01.gb,f411692054c2597f4659d2bde6580fceae1364165b9723891faa8c9c192cd8ad,1,1,running,running,True
dark-intentions,Dark Intentions,CGB only,cgb,entries/dark-intentions/Dark Intensions.gbc,0f56f0d5e5438c3b50a9c3760fba9d02f8b7b32cfac91a4e4b3f27b17630673d,1,1,running,running,True
darkfader-demos,DarkFader Demo Collection,CGB only,cgb,entries/darkfader-demos/MacGB Demo by DarkFader (PD) [C].gbc,d0a90de20bbc2932462c80740484d8c887950956b0d7d891a1ca8a10a647784d,1,1,running,running,True
dashy-no-witch,Dashy No Witch,DMG,dmg,entries/dashy-no-witch/DashyHalloween2019.gb,102e04c6559afec6d007c1ded5c32c14492a1fa680b86384e3fb8100e189bdf1,1,1,running,running,True
daveduck321_block-game,Gameboy block game but C++,DMG,dmg,entries/daveduck321_block-game/files/block_game_but_c++_jam.gb,fb1bb9f6df7b3c2834d27cdb0259bc1fcb1ad316c7ce9b1b592fa42912f862af,1,1,running,running,True
dawn,Dawn,DMG,dmg,entries/dawn/Dawn.gb,c777d330e022408a96d513f6f16829d5a6fcd823a01ae512501247289ee06d02,1,1,running,running,True
dawn-will-come,Dawn Will Come,CGB only,cgb,entries/dawn-will-come/DawnWillCome.gb,3a3b9881b5a3a3708e217efd73f443f6a97782d3b0d3a2086e1a00ac176e5e9f,1,1,running,running,True
days-without,Days Without,CGB only,cgb,entries/days-without/Days_Without_-_Elvies_[More_Endings].gbc,ff8a0c5290a9e245482dfc043c837c8372ce6e4c0cc436c3b4a163746305c064,1,1,running,running,True
dbung,Bung Cart Slideshow,DMG,dmg,entries/dbung/dbung.gb,58a2b66d24cc58de219da98d2544fa730ed78fbf435d56c6dbb55d093477643a,1,1,running,running,True
dcs-gbc-intro-2,dcs gbc intro #2,CGB enhanced,cgb,entries/dcs-gbc-intro-2/dcs-gbc-intro-2.gbc,742e5cf5b21ec4f821857ef7fe2e4d12684aba31f930bfda53d88dfe8d114a3b,1,1,running,running,True
dd-character-sheet-demade,D&D Character Sheet DEMADE,DMG,dmg,entries/dd-character-sheet-demade/game.gb,7b2f62e0f4bf6dc90e7d7a0ca36ab830b670009f1dcd52c43204736901434dda,1,1,running,running,True
dead-dungeon,Dead Dungeon,CGB only,cgb,entries/dead-dungeon/DeadDungeon.gb,1763ddee9581f5330ec3defc7eaf8141d37be488f92996598be6bca64e44913b,1,1,running,running,True
deadeus,deadeus,DMG,dmg,entries/deadeus/deadeus.gb,9f1decfd485b5d7602c75a22565e1d5d2e9535972fc0d2400b35dbb51f6b36eb,1,1,running,running,True
death-planet,Death Planet,DMG,dmg,entries/death-planet/deathplanet.gb,0bc8072fe66a04c318d63be10db5fd7177e144d752adf6af8839b784d6ad342a,1,1,running,running,True
death-ray-free-version,Death Ray Free Version,DMG,dmg,entries/death-ray-free-version/death-ray-free-version.gb,a017b0c70a7cd6da59beac1cdbece3c7571fc1401046d9f220174343def12722,1,1,running,running,True
decline,Decline,CGB only,cgb,entries/decline/Decline_JAM_FINAL.gb,de5537ecb2f9e7081b4ccb0e47acf8c686864186726011391c7b16f90744c550,1,1,running,running,True
deep-dungeon,Deep Dungeon,DMG,dmg,entries/deep-dungeon/Deep_Dungeon_v1.3.gb,a9f5bb305a02959234d628079ece1ec97aabfbceb56fceb12e3bc648810d3c80,1,1,running,running,True
deep-scan,Deep Scan for GBC,CGB enhanced,cgb,entries/deep-scan/dscan.gb,eda9b4caa0bddf091f4ea78254abbea7c3dcd384fb472752221620cd09f56d6a,1,1,running,running,True
deltarune-combat-demo,Deltarune Combat Demo,CGB only,cgb,entries/deltarune-combat-demo/DeltaruneBattle.gb,b999a925530b20f3f24bdcdae8deaaa2feb8d1b0cec335200ca853fd6f5d5f4d,1,1,running,running,True
demekala__toko,Toko,DMG,dmg,entries/demekala__toko/TOKO_jam.gb,dfcda97fdca2c8cdb2ade7c0fbf07d3f32f7cf893c4fd313d5ee1a9df0d7d010,1,1,running,running,True
demiforce-demo,Demiforce Demo,CGB enhanced,cgb,entries/demiforce-demo/Demiforce Demo (PD) [C].gbc,7fe2365e77415e8901d86bc94d3c26ce2153100cbd383543fed08237ac0683d4,1,1,static,static,True
demo-collection,Demo Collection,DMG,dmg,entries/demo-collection/vectdemo.gb,f9eb59cb950f83d339d52775f97b436d69b77b7faef0f656822f98b28c661b8f,1,1,running,running,True
demo-pack,Demo Pack,DMG,dmg,entries/demo-pack/TOONS.GB,83dd06493c14c8fee26ebe2f57855c0649b048f9b0ec9deae839314066cbbdb0,1,0,running,running,True
demo3d,demo3d,DMG,dmg,entries/demo3d/demo3d.gb,b6dbb29c02841920c9af2e46d2f4217b67fdec5ebad839bde2f14e97b5640944,1,1,running,running,True
demolissagegames_the-sweeping-wizard,The Sweeping Wizard (demo),DMG,dmg,entries/demolissagegames_the-sweeping-wizard/files/TheSweepingWizard_jam.gb,c8e5d29d35b97c0dada7fc5ae3613d1bf3b5c8969d7bdb6094c35f9349c4526e,1,1,running,running,True
demon-blood,Demon Blood,DMG,dmg,entries/demon-blood/yup-demonblood.gb,a703616e4d03157917dfabc179fdc258d08f988985de05d1c46499f949865399,1,1,running,running,True
demotronic,Demotronic,CGB only,cgb,entries/demotronic/mb-dtrnc.gbc,72c96a1a488e29c031cc4e3dd69537fdc29f4d547790da0965b5675b32d9ae30,1,1,running,running,True
deseo,DESEO,DMG,dmg,entries/deseo/deseo_español.gb,db0d0d790620340aded91ed9b6b773730d684216c9dbfaad727e5073086322c6,1,1,running,running,True
detectiveknox,Detective Knox In: The DoppelgÃ¤nger (Demo),DMG,dmg,entries/detectiveknox/detective_knox_in_-_the_doppelgänger_-_Demo.gb,2d3ffd192cb4abce845c52bfb777029876f77693b36f2727c61205c500663d1e,1,1,running,running,True
deved_potion-panic,Potion Panic (Demo),CGB only,cgb,entries/deved_potion-panic/files/potionpanic_jam.gbc,86922a48308031d5ca7e79cecbfbe3b4d41c8f094e0c2a5f90b6ced362d708f8,1,1,running,running,True
diamaze,DiaMaze (GB),DMG,dmg,entries/diamaze/diamaze.gb,1a363b0e3a1bacce5c606e657bbc8ad3b9c81bb4dd41c15ff6bc59a5815202ff,1,1,running,running,True
digico-move,Dejiko Move,CGB enhanced,cgb,entries/digico-move/Digico Move (PD) [C].gbc,43e38ea5cd4cbb88b277965d9b403166e9f951ac7c10f04576957a46d3f1d381,1,1,running,running,True
dij_d-u-b,d-u-b,DMG,dmg,entries/dij_d-u-b/files/d-u-b_jam.gb,352c8a904c4f1eb2942b8e1742e9c315219d66baf07ae8f26416bc502473413e,1,1,running,running,True
dimension-of-miracles,Dimension of Miracles,CGB enhanced,cgb,entries/dimension-of-miracles/dimens.GB,45d7b0e911845afc78d87d4ee1f9a24a07eb26a7a9ac7642dcc87009c9c7ed38,1,1,running,running,True
dimensionless-sample,Dimensionless Sample,CGB enhanced,cgb,entries/dimensionless-sample/Dimensionless Sample (PD) [C].gbc,999f7f7c8ddf35886a0adf0c2f478e87df3110be4573cfda08011d3c019920a8,1,0,running,running,True
dino-racers,Dino Racers,CGB only,cgb,entries/dino-racers/DinoRacers_V01.gbc,8e346afcb459025b0977dc4d2df1a3ef5207258a95d6b99bdbf7ae151e5a6026,1,1,running,running,True
dionofspice_living-nightmare,LIVING NIGHTMARE,CGB only,cgb,entries/dionofspice_living-nightmare/files/LivingNightmare_jam.gb,476afd2f9e1e04d3309a699f87ec2b968e4df5c6301b49226b10ebe8afd2b1cc,1,1,running,running,True
dirty-pair-flash-picture,Dirty Pair Flash Picture,DMG,dmg,entries/dirty-pair-flash-picture/Dirty_Pair_Flash_Picture.gb,400f4c5f0a5b01c841cd68955db505302b9dc6e13e74b9c06c31f820cdcaefd9,0,1,running,running,True
distortion,Distortion,DMG,dmg,entries/distortion/dist.gb,4faee005b676eba97a92f7150ad5e0bbebb63916b5da053c3a4474603cddaf0b,1,1,running,running,True
distractedcoder_luigi-mansion-gameboy-demake,Luigi Mansion Gameboy Demake - GB Compo 25,CGB enhanced,cgb,entries/distractedcoder_luigi-mansion-gameboy-demake/files/LuigiMansionGameboy_jam.gbc,6cf7e8c9b5439fba3388f6026bde33088a000250d1583c56b4cd070d49dafc26,1,1,running,running,True
diva-the-finest-girl,Diva - The Finest Girl,DMG,dmg,entries/diva-the-finest-girl/Diva_-_The_Finest_Girl.gb,ee8956770b00445047b4b1689a1bea75e83422e55973ad3716483ae2241160f9,1,1,running,running,True
djarky__keychan,keychan,DMG,dmg,entries/djarky__keychan/keychan_jam.gb,65235608159074235b90a4875262bf595aab6c69ccdf283fe7b4b169694f0198,1,1,running,running,True
djarky__nyan-note,Nyan note,DMG,dmg,entries/djarky__nyan-note/nyannote_jam.gb,a05766f33f87ca4e2ba3b052659284f3f391201ad120feeac7b2208760f6ccb8,1,1,running,running,True
djarky__witch-sound-tracker,witch sound tracker,CGB enhanced,cgb,entries/djarky__witch-sound-tracker/witchtracker_jam.gb,962176cc9002279104af68d5fb6eac40357be237c97373c4eec19ec55b7e15f3,1,1,running,running,True
dmg-p-01,DMG*P-01,DMG,dmg,entries/dmg-p-01/dmgp-01.gb,955597c3fad1fdfcc618092bb38aab15091c19d2581cda7018d4ec343feb73a0,1,1,running,running,True
doctor-how,Doctor How,DMG,dmg,entries/doctor-how/doctorhow.gb,9694e0e037c4911e52f3d5ef76ee71e7ca9548c045ecf22345d9cc8ae68e6e3c,1,1,running,running,True
dodgeball,Dodgeball,DMG,dmg,entries/dodgeball/dodgeball.gb,1822621a6360e18be37227b80c69427bc3a5bec2f57c926626491907186b609d,1,1,running,running,True
dodgy-flood-pour-routine,Dodgy Flood/Pour Routine,CGB only,cgb,entries/dodgy-flood-pour-routine/flood.gbc,05ee1b96616d9e7f7e91add3a9e5de9c92fcb875e6991cea918a76924c7c610d,1,1,running,running,True
dog-demo,Dog Demo,DMG,dmg,entries/dog-demo/Dog_Demo.gb,a54bb7c01cf87a85f4ead78402555cc6a4251183b46b83e8222819cdc9e9cebf,1,1,running,running,True
dogs-muck-island,Dog's Muck Island,CGB only,cgb,entries/dogs-muck-island/game.gb,6d16c819e53aab3030c33392b1fc534e7c3bd809c3cf715b4d88476aeeff7202,1,1,running,running,True
domination,Domination,DMG,dmg,entries/domination/domination.gb,3e87c6be7de03ecb97690a5dbcffac312344807eaae31ceaec71df9d24c0c133,1,1,running,running,True
dont-forget-to-smile,Don't Forget To Smile,CGB only,cgb,entries/dont-forget-to-smile/Dont_Forget_To_Smile_1.1.gb,b6e1e708dba89f2be3be5c58c2c3614d32b3bba9afdc99ba78675d2e98f58ec6,1,1,running,running,True
dont-waste-your-time,Don't Waste Your Time,CGB only,cgb,entries/dont-waste-your-time/Dont_Waste_Your_Time.gb,1526e41cd8dbeda767f3c349ee91e6dd73aaab227be96e5025eaf0862bd2e357,1,1,running,running,True
doomgb,DOOM for GB,CGB only,cgb,entries/doomgb/DOOMGB_a04.gb,9dda3b582789b665761dca5a65951aa4dbaa8e8e31ddfa8f56d219232eb5254f,1,1,running,running,True
doommusic__megaton-pizza,Megaton Pizza,CGB only,cgb,entries/doommusic__megaton-pizza/Megaton_Pizza_jam.gbc,37643ac7ecc6a9b29729e5ffb5b6ec66c14ac52b2b5842f78b8a00a120cad7dd,1,1,running,running,True
dorotea,Dorotea,CGB only,cgb,entries/dorotea/pasquiindustry_dorotea_en_v_1_1_0.gb,d5da803ac2c0f79417e0a9dcebf92621d33f91cbb52500b5cfe7b895bfbe7073,1,1,running,running,True
dots,Dots,CGB enhanced,cgb,entries/dots/dots.gbc,7b8d86298f71db34bbb605268f91d5df5f61c3c0c05920f8e18172ae4ef8ff07,1,1,running,running,True
double-vision-demo,Double Vision Demo,CGB enhanced,cgb,entries/double-vision-demo/Double Vision Demo (PD) [C].gbc,5a2f1e30471f89c6cccf6b7fb7d6124ab069c97327f5cc0a9a97fa080de490ef,1,1,running,running,True
downhill-ski,Downhill Ski,DMG,dmg,entries/downhill-ski/DownhillSki.gb,918e347aebff4e7d03887421dccbb69a8cba5692b900cc44196601db8def0a3a,1,1,running,running,True
downstream-version-100,Downstream (Version 1.0.0),DMG,dmg,entries/downstream-version-100/downstream.gb,ef118852d8cc0b27f6c5949916d28406b907fd4c56671c9bbcebf575a6d47b28,1,1,running,running,True
draculag,draculag,CGB enhanced,cgb,entries/draculag/draculag.gbc,baecd0bbb53ba032139874e27e776e66d76894dd13842ef31339b5acf9ec2788,1,1,running,running,True
drains,Drains,CGB enhanced,cgb,entries/drains/Drains.gbc,38ed0291ec31452b4591a5c4a0461814fdaf06e8553e2d36f16b831d17eab58d,1,1,running,running,True
drawcircles-version-110,DrawCircles (Version 1.1.0),DMG,dmg,entries/drawcircles-version-110/drawcircles.gb,36cc7d28830a86c193445d8c8b8f05a14def4e64c92ecb28eb8ed029dfcec0ae,1,1,running,running,True
drludos_dmg-vs-super-game-boy,DMG vs. Super Game Boy,DMG,dmg,entries/drludos_dmg-vs-super-game-boy/files/DMGvsSGB_jam.gb,675fc1dd5ce442e99b16ad477d852cf8fc556eb1f24f4c872b2308f43f4c08d0,1,1,running,running,True
droneboy,Droneboy,DMG,dmg,entries/droneboy/droneboy.gb,5c7aeadb6ee836f6091975d5e57c0759705c4c3d5ead5d19cd6496f7c7e8134a,1,1,running,running,True
dropini,Dropini,CGB only,cgb,entries/dropini/Dropini.gbc,f47a9930481252d7999ba830f4eb5de0d4d7770135bed2388af65fc0b763fb03,1,1,running,running,True
drum-tech-free-version,Drum Tech Free Version,DMG,dmg,entries/drum-tech-free-version/drum-tech-free-version.gb,f54d6449f4745706ea5cc86dfa0e1f672c9a9e61eb7343c8850c285198a10078,1,1,running,running,True
drymouth-v1-0,Drymouth v1.0,CGB only,cgb,entries/drymouth-v1-0/Drymouth.gbc,09768703a226c5680fefe6d76e3abeb721c609aa9d233d999fe6a91ecf70741c,1,1,running,running,True
dsl-gbc,How to code your GameBoy part 1,DMG,dmg,entries/dsl-gbc/DSL-GBC.GB,a71b99cf0fad6acfe8afda5038533f553ca55c73de093309558702970e16db1f,1,1,static,static,True
dumblin-dungeon,Dumblin Dungeon,DMG,dmg,entries/dumblin-dungeon/Dumblin Dungeon (GB).gb,a8cd0f291acb80a06fdb8cd1244c4b50ac21135a3af832796c920183b78d3879,1,1,crashed,crashed,True
dungeon-escape,Dungeon Escape,DMG,dmg,entries/dungeon-escape/Dungeon_Escape.gb,82b7217e412b6d3395bfc92843e4676eb92bd1cf04023e223e60b4c7020b85d4,1,1,running,running,True
dunked-pooper,Dunked Pooper,CGB enhanced,cgb,entries/dunked-pooper/pooper.gb,f0755e023a2df32da2796abbf22a8041572667d02b7795b0635e4ba1300d1ea6,1,1,running,running,True
dusky-dungeon,Dusky Dungeon,CGB only,cgb,entries/dusky-dungeon/DuskyDungeon-0.1.0.gb,e57c333cbddee9e47ee078936be9804a1d9fb95c3fd7a36d2689e26d526f4428,1,1,running,running,True
dyna-mate,Dyna Mate,CGB enhanced,cgb,entries/dyna-mate/dynamate.gb,6ad82626cb4ab6b56054b0c6096fd9fdbd9947b7a5dea8b7b35ff354d742e5b2,1,1,running,running,True
dynamite,Dynamite,CGB enhanced,cgb,entries/dynamite/Dynamite.gb,468dee0f0211d1ca860272495d789fc989621d166c2d05b59bfd45245cd8c3c4,1,1,running,running,True
echo,ECHO [GBC DEMO],CGB only,cgb,entries/echo/echo_v12a.gb,93cc086376a2bda01cd2eab5fa3530405c55d72ed1c65b1dba4bb74b58edcad1,1,1,running,running,True
egg-racer,Egg Racer,CGB only,cgb,entries/egg-racer/egg-racer-lik-sang-pd-c.gbc,5d98ec5e722b96cb1a24d6a1824dab5fd71a8bf779211d56c6a13153be2a0940,1,1,running,running,True
el-dueloroso,El Dueloroso,DMG,dmg,entries/el-dueloroso/ElDueloroso.gb,21b8c78aec985c9c9335db154b186adde9e2aaba32fc7ed76c9cf37cb8ffcf3c,1,1,running,running,True
el-hazard,El Hazard Movie,DMG,dmg,entries/el-hazard/ELHMOVIE.GB,4a3673f05a0f66af769f1b39c66065b4c499152848435c3621fbe6841545c210,1,1,running,running,True
elemental-fighter,Elemental Fighter,CGB enhanced,cgb,entries/elemental-fighter/elemental-fighter-5-17.gb,dfc04108e18fa1225045c20196b892107854ba632e0a340fa576b03a39c690b6,1,1,running,running,True
elrosso_fun-video-store,FUN VIDEO STORE,CGB only,cgb,entries/elrosso_fun-video-store/files/Fun Video Store DEMO.gbc,868a3bc31b382d395cc8bb76c1ce14eeef5840d504afd0b30af9c336f12ea7ee,1,1,running,running,True
elvies__iron-cor-stainless,Iron Cor - Stainless,CGB only,cgb,entries/elvies__iron-cor-stainless/Iron_Core_Stainless_v.2_gbcompo23_jam.gbc,6ce500cef49fbd55fd2010969d28fe60584f7300eaf11b3bf2ed4e7ec7964a2c,1,1,running,running,True
emperorjub__infernodome-song-rom,The Infernodome - Original GB Song ROM!,DMG,dmg,entries/emperorjub__infernodome-song-rom/The_Infernodome!.gb,2f9ad9e751f19e5974339fd2bc9d68d8dad3aad4120b64bec812f1392b9d2208,1,1,static,static,True
enigma,Enigma,CGB only,cgb,entries/enigma/Enigma.gbc,36280c473b4e97ac58aae1fc4fb771fa60c88d670ddd951d1cad24fe48679e4e,1,1,running,running,True
eric-kenneth_submachine-gbc,Submachine GBC Demo,CGB only,cgb,entries/eric-kenneth_submachine-gbc/files/SubmachineGBC_jam.gbc,71fcf7d098495ab7ee862ab44198f84c6efd7748c8a47f64e28aa3deb7acd5d5,1,1,running,running,True
eric-kenneth_wording,ReWording (GB demo),DMG,dmg,entries/eric-kenneth_wording/files/ReWording_jam.gb,81ddf8ee91e9bb14732fa9a12bce5a302782ee4502b43df5fd22e0065e3dc95b,1,1,running,running,True
escape-obliterizer-dx,Escape Obliterizer Deluxe,CGB only,cgb,entries/escape-obliterizer-dx/ESCAPE_OBLITERIZER_DX.gb,7784d2e829ece4c6da154701051c1881f49c9c069667f7b6a65e666849750e81,1,1,running,running,True
espionage,Espionage,DMG,dmg,entries/espionage/Espionage.gb,2fcb9a24b15515c47272a727e7a70aac3b601523cc9cf0af411ce41a98f9ede7,1,1,running,running,True
ett-quiz,Escola Técnica Tupy Quiz,CGB enhanced,cgb,entries/ett-quiz/Quizz (PD) [C].gbc,294a37ace2c4870c0cdda336c0aff0260bac77ae00ea15370c338c9b5a398d6b,1,1,running,running,True
europa-rescue,Europa rescue!,CGB only,cgb,entries/europa-rescue/Europa Rescue.gbc,96ed044ab6bb97683bd4369a749e8f07679feb1b02decb92f14e9b79afc6b82c,1,1,running,running,True
eva-pong,EVA Pong,DMG,dmg,entries/eva-pong/EVA Pong (PD).gb,04c6b04f567d2e06e9a570cef6d8ec69da429f84ebbfda1455083bf1ff7d0962,1,1,running,running,True
evolandgb,Evoland.gb,DMG,dmg,entries/evolandgb/evoland_0.3.0_en.gb,924f4a90eba7fb5cfbc0adceeb0f7595911928d8cf621bf387217b01f8a26a93,1,1,running,running,True
exeman,exeman,DMG,dmg,entries/exeman/exeman.gb,14dd8cba1b2bf8fd16025a719dbac787e9c972d2102f1c1b9a19789fe6659a27,1,1,running,running,True
exit-planet-dust,Exit Planet Dust,CGB only,cgb,entries/exit-planet-dust/b004.gb,1b43769ea5f18e25542972701a87a7cddcb425e03e7203d8a605061a69681083,1,1,crashed,crashed,True
expiration-date,Expiration Date (GBC),CGB only,cgb,entries/expiration-date/Expiration_Date.gbc,c6efaae4d342b8d4ddecb0384347f3cf7eddc703f01947958a28df848cb7a17b,1,1,running,running,True
extremejay_fatal-error-jazz,FATAL eRRoR Jazz,CGB only,cgb,entries/extremejay_fatal-error-jazz/files/FATAL eRRoR Jazz_jam.gbc,da8b1f7a38abce3fb3c6606cafcc8c944c54c22a0876712e69dbda6aa2f4d551,1,1,running,running,True
extremejay_fatal-error-jazz-ost,FATAL eRRoR Jazz OST,CGB only,cgb,entries/extremejay_fatal-error-jazz-ost/files/FATAL eRRoR Jazz OST_jam.gbc,b69673719b529f7cacf0c3da5f07018b013cd1595452d1b0b149741c93ba927c,1,1,running,running,True
f1-racing-2000-demo,F-1 Racing 2000 Demo,DMG,dmg,entries/f1-racing-2000-demo/F-1 Racing 2000 Demo (PD).gb,d9e51d45515be297e9102744f893ecf44bfeb4a3ddbe1956d09fb12d09ec6dbc,1,1,running,running,True
factory-danger,FACTORY DANGER,DMG,dmg,entries/factory-danger/factory_danger_v01.gb,f74bb459976383595f4faa3830e9a464584e6b1b818973eaff0245b907533f2f,1,1,running,running,True
fader-demo,Fader Demo,CGB enhanced,cgb,entries/fader-demo/Fader_Demo.gbc,1d96bb9ab4ab54b82cc59fb6ebc8cc1d316d8f5f10e1dbd634162cf6d25411f0,1,1,running,running,True
faderfox-jr,Faderfox Jr.,DMG,dmg,entries/faderfox-jr/faderfox-jr.gb,a8e89ababc57611e067c422b6fab979ef14e45ac122afd395e303f3649ff5477,1,1,running,running,True
fancy-dance-moves,fancy dance moves,DMG,dmg,entries/fancy-dance-moves/fancy-dance-moves.gb,8aae6eee8c5a2819f8840d98431a91441d7be721e2aaf8d872fb194d498cc305,1,1,running,running,True
fatal-flame,Fatal Flame,CGB enhanced,cgb,entries/fatal-flame/FatalFlame_v2.gbc,488094e1395041037030a3fb2a33deddb880a7ec45d8dc8da0b160518fed8e2d,1,1,running,running,True
fatass,Fatass,CGB enhanced,cgb,entries/fatass/fatass.gb,258077dbdfc7dac158d116ba3957a7dddc2930cd0616f21da1a3801ee55ef913,1,1,running,running,True
feeding-time,Feeding Time,DMG,dmg,entries/feeding-time/feeding-time.gb,7d8297438a82d572202471b84057f92bf9efadd512876ff2e21b3d9946f0b2bb,1,1,running,running,True
fgb,FGB,CGB only,cgb,entries/fgb/fgb.gb,d5fb3c506cf717a4f1605e9d93b27926ad23b331b60b396e9406efd79f01ef14,1,1,running,running,True
final-blade,Final Blade,CGB only,cgb,entries/final-blade/fb.gbc,cc2b49bbd7d4c097aaa011ef712b404242705f9c3e925123fda3f1042504b135,1,1,running,running,True
final-tankasy,final-tankasy,DMG,dmg,entries/final-tankasy/final-tankasy.gb,557f10e795d45b80cad21ab8b13e57dbc45eed397a3995ff19b8d6304b2fe0e4,1,1,running,running,True
finally-a-quiet-place,"Finally, a quiet place.",CGB only,cgb,entries/finally-a-quiet-place/game.gb,b3b1b87d3fc06b4bf2f789366a138ab86a7a35dd38e7201385e471342890a015,1,1,running,running,True
fingerflinger_spaceballs,SpaceBalls,CGB only,cgb,entries/fingerflinger_spaceballs/files/spaceballs_jam.gbc,13b0e1c70cec5862dde501b07ab4f96a38c4f945db3ce7c5fc516c8e29575fbb,1,1,running,running,True
fire,Fire,CGB enhanced,cgb,entries/fire/FIRE.GB,8071f2c06ed2181232f95c73c4bc20107a1d1cda56a06d7a498f022e615671ea,1,1,running,running,True
firefly,Firefly,CGB only,cgb,entries/firefly/game.gb,0f76c18321b5cce70067dff32e7ed1ce02dd0a9a0902289dd98d707809cccb3b,1,1,running,running,True
fix-my-heart,Fix My Heart,CGB only,cgb,entries/fix-my-heart/Fix My Heart.gb,1f7e2f0b7b831cde30d22036a8bea986286c12e3570f90f20eb5b12ddcba6428,1,1,running,running,True
flag-demo,Flag Demo,DMG,dmg,entries/flag-demo/Flag_Demo.gb,e26a5a7aa5efb3d21b87386128d2ca6263bd6320c2971ee0a384d66a8e60efc8,1,1,running,running,True
flappy-bird,Flappy Bird,DMG,dmg,entries/flappy-bird/flappybird.gb,d343732cbbea1d3bdac5358e3075a96e32b01d98e4dc4c556d5076ec304e4c82,1,1,running,running,True
flappy-boy,Flappy Boy,DMG,dmg,entries/flappy-boy/flappyboy.gb,fdee22217da0ffe70c6b767892defbd591e3629250eb920baa71acd238250b32,1,1,running,running,True
flappy-flappy,Flappy flappy,DMG,dmg,entries/flappy-flappy/flappy_flappy.gb,8fd241a13bf82785ea2d24837c03804072b3b76b15299a7e777d3faf8c6df83b,1,1,running,running,True
flaresquip,Flaresquip,DMG,dmg,entries/flaresquip/Flaresquip.gb,57853ebcb935bbc4b17be3d52cead8c987adf39c3216b48b05bad1ef630c1b0c,1,1,running,running,True
fli-plasma,FLI Plasma,CGB enhanced,cgb,entries/fli-plasma/cGOplASM.gbc,2b8cd7f3be59f27478f05a1b9e82d88df1a1b5003de1da5a0116b5309b1f02c0,1,1,running,running,True
flies,Flies,DMG,dmg,entries/flies/flies22.gb,0f4bc524540a4368b42c6eae153b2034b30d50103a4e24a86b6d6425172c5514,1,1,running,running,True
flightbun_millennium-gun,Millennium Gun,DMG,dmg,entries/flightbun_millennium-gun/files/millennium-gun_jam.gb,008459a4d209e694495c98b4add746d8f7f3955b4793efc21bdb091e082cd2f5,1,1,running,running,True
flooder,Flooder,CGB only,cgb,entries/flooder/flooder.gb,fc5b3c68dc9a8685eabe3dc69f937a0e703a236821b3d710bc60c797a85957e4,1,1,running,running,True
floracy-demo,Floracy (Demo),CGB enhanced,cgb,entries/floracy-demo/floracy.gbc,2079bf9fc139ba2ef43d7a9a72ae284b8900880a5be94d7852deec45d69aaf63,1,1,running,running,True
fnd,Friendship Never Dies,DMG,dmg,entries/fnd/FriendshipNeverDiesGameBoy.gb,33716f7b19263221f4f9cddffe092c96a09645afffa1f118e5c8a25add3645dd,1,1,running,running,True
font-demo-waugh,Font Demo,CGB enhanced,cgb,entries/font-demo-waugh/Font Demo (Jonathan Waugh) (PD) [C].gbc,0c1e256c15994a4076e97a6db7e8812a13198353850b031880e80dee4ca63abd,1,1,running,static,False
forehead-block-guy-gb,Forehead Block Guy GB,CGB enhanced,cgb,entries/forehead-block-guy-gb/fhbg.gb,aa18e7d438778a203eeb83b80ce3f2e9072a2479d8eefe4fae86005b5a940f9b,1,1,running,running,True
formula-racing---wip-build---apr082016,Formula Racing - WIP Build - APR.08.2016,CGB enhanced,cgb,entries/formula-racing---wip-build---apr082016/racemedo.gb,b8ef9887e15cdba13022ea79d4b3e498e39ed454dfb948a7d2b782aac169f6ce,1,1,running,running,True
founded-in-fellowship,Founded in Fellowship,DMG,dmg,entries/founded-in-fellowship/FoundedinFellowship_1.gb,1234a2db1acb0f204ed77e7872dfc3062e78e176703f6a87bfa0e47c48b839b7,1,1,running,running,True
freeart-intro-v0-1,Intro v0.1,CGB enhanced,cgb,entries/freeart-intro-v0-1/FREEART Intro V0.1.gbc,06339fd001b07e41b8c1410d51e83058415160e7a1fde456ffc5e9bf719e1026,1,1,running,running,True
freeart-intro-v1,Intro v1,CGB enhanced,cgb,entries/freeart-intro-v1/FREEART Intro V1.gbc,1ee175664cd24f8cdf963a98961022c38f76c183ae04ab892c5b6662e1de22ce,1,1,running,running,True
freebie-gbs-2018,Freebie-GBs-2018,DMG,dmg,entries/freebie-gbs-2018/Freebie-GBs-2018.gb,658a8c47a5140c7407106d7315999d425309020bd2aa6eba418addda385ad51f,1,1,running,running,True
freebie-gbs-2019,Freebie-GBs-2019,DMG,dmg,entries/freebie-gbs-2019/Freebie-GBs-2019.gb,3e9e3c2729c3bff9ad20d61b13e334ef4f7822e6db25964441deb66edebc7e5e,1,1,running,running,True
freind,Friend?,DMG,dmg,entries/freind/Friend.gb,2f39dd7bcb2391c8ba71b4338e8ae5c2dc7de85ba26d3cf22fff2107e21164e8,1,1,running,running,True
fridaymilk,金曜日の牛乳,CGB only,cgb,entries/fridaymilk/game.gb,c53c93de32697083860deef91bcbf42fb5797f75f038c265f18d8bbe3b7452d6,1,1,running,running,True
friend-of-the-void,Friend of the Void,CGB only,cgb,entries/friend-of-the-void/FriendoftheVoid.gb,06a1f47dac4107daf200860227bfe9507cca1dd9a9dee67e0525c5332aa3df69,1,1,running,running,True
friend-quest,Friend Quest,CGB only,cgb,entries/friend-quest/FriendQuest.gb,eb766200d3e02e9fae93db5be96484c39839f1f50c0836534c90852c5005a10d,1,1,running,running,True
friend-ship,Friend Ship,DMG,dmg,entries/friend-ship/output.gb,ccde490fe2cc693c59dcd124d87146b190765de557aab31ef01f1b2eecc7ed73,1,1,running,running,True
friend-switch,Friend Switch,CGB only,cgb,entries/friend-switch/friendswitch.gb,973f337edc21ea027d8b25d6807c6bf1be9f3eec6783d8be89694cf12a46a7fd,1,1,running,running,True
friendly,Cinnamon & Bean In The Unfriendly Forest,DMG,dmg,entries/friendly/unfriendly_forest_final_v4.gb,d242a4c3328d839f64a6e308a2909a7a9e0ddb7b063e2560854ee77deb6f32d9,1,1,running,running,True
friendly-curse,Friendly Curse,DMG,dmg,entries/friendly-curse/FriendlyCurse-1.2.gb,0200bcfdcf89bcbc9b0d5cd570c935dc17019e4d553a484bf50448495a795c63,1,1,running,running,True
friendly-delivery,Friendly Delivery,CGB only,cgb,entries/friendly-delivery/game.gb,8ed3630f360a9047012aca81a88342eae862398736430f565cadccf9d6caf2b8,1,1,running,running,True
friendly-fire,Friendly Fire,CGB only,cgb,entries/friendly-fire/game.gb,1497df2eb6321c3aa7a405282c00cc42ac53b288ea7cf466bf92b01bb21d90eb,1,1,running,running,True
friendly-pirates,Friendly Pirates,DMG,dmg,entries/friendly-pirates/afriendlypirates.gb,e0b57f2e6a316526ea51b98b95a4671b7ccc4708cd108f166fc82cfd7749cf65,1,1,running,running,True
friendlymen,"friendlymen -- format"".gb""--awecome",CGB only,cgb,entries/friendlymen/game.gb,10ba00fc73b0244b995b5ac7958beb8ef2ae11af6387be1fa7be631982df7e6a,1,1,running,running,True
friki-race,Friki Race,CGB enhanced,cgb,entries/friki-race/frikirc.gb,a480fe362699c70c091d9168b175325efe78c5d220c9c7d33c31e3a56d049f85,1,1,running,running,True
frogatr-ribbot_slide-quest-demo,Slide Quest Demo,DMG,dmg,entries/frogatr-ribbot_slide-quest-demo/files/slidequest_jam.gb,b1e4166c7de81b86ebd0d9d2fc8eabef234184660dfa9d1ebb556ed5ac5b7854,1,1,running,running,True
froggo-spood-gb-showdown-2023,Froggo and Spood [Game Boy Showdown 2023],CGB only,cgb,entries/froggo-spood-gb-showdown-2023/F&S_jam_version.gb,907efc1d45ea59746bb2e5a16aca1ff766a59d5a748782ca8d095e62f9c79820,1,1,crashed,crashed,True
frown-town-gb,Frown Town GB,CGB only,cgb,entries/frown-town-gb/game.gb,b70943bed8cff741ff7f3946e23add46eba86daf00e52effd70825376de1901a,1,1,running,running,True
fruit-fly-version-100,Fruit Fly (Version 1.0.0),DMG,dmg,entries/fruit-fly-version-100/fruitfly.gb,90865103c08c4642b83cd9d2526c45f075796b4672a4d748cda3a47073ef8f04,1,1,running,running,True
fruit-pursuit,Fruit Pursuit,CGB enhanced,cgb,entries/fruit-pursuit/Fruit_Pursuit_Beta_20221020.gb,ed113467f6d3438e9e7ffea67e12e7be04f2e627b2876abe317fdabda3d827f2,1,1,running,running,True
fruits-field,Fruits Field,DMG,dmg,entries/fruits-field/FRUIT.GB,9dd822c3ecc4589a194aaa144ef3c09eb5d734119d27c66a814cd2c89e60524c,1,1,running,running,True
funny-numbers,Funny Numbers,DMG,dmg,entries/funny-numbers/funny-numbers.gb,6832b5c2375634020cc38531505fd0727901b29ef0db2f3c2190b7d9b8461483,1,1,running,running,True
future,Future,DMG,dmg,entries/future/game.gb,a71293663efa39d9f70fe5d59b7a170d7f9a12877ec36d37225b7d95fb490dc0,1,1,running,running,True
fuzzys-world,Fuzzy's World,CGB only,cgb,entries/fuzzys-world/FWORLD.gbc,4bbc5df3b315102f52dbe104b047c6f1bbbf072386a6edd0e8df191c966b4e8b,1,1,running,running,True
fx-shooter-g-minirpg2-story,FX Shooter G: MiniRPG2 Story,CGB enhanced,cgb,entries/fx-shooter-g-minirpg2-story/fxgbc.gbc,b8e10bd7ec2f08d8900026ed2d3106bfb26dfc95e9b7340d8ba222b79afb68b6,1,1,running,running,True
fx3gbc,fx3gbc,CGB enhanced,cgb,entries/fx3gbc/fx3gbc.gbc,0362dc1bacf7ef363bb9e755756535693b68133e5f795d5c65ec1907d8a54ccd,1,1,running,running,True
fxshootr,fxshootr,CGB enhanced,cgb,entries/fxshootr/fxshootr.gbc,f69967f98b5282bff1888ed882be60a4e4e4cc809fc6b397e02ff89e8f0b5b97,1,1,running,running,True
g-zero,G-ZERO GB,DMG,dmg,entries/g-zero/G-ZERO_V2_6_0.gb,35bb26b32ff3da10e7ea016bfbe0b7ac0188472a1922b4e88174d511799fb3f2,1,1,running,running,True
gabe_edit,Gabe Edit v0.1,DMG,dmg,entries/gabe_edit/Gabe_Edit.gb,6327242cbddd76f84d5f21a5044efd00743f645199b9d6457d304f8c54cba26d,1,1,running,running,True
galactic-ambassador,Galactic Ambassador,DMG,dmg,entries/galactic-ambassador/galactic_ambassador.gb,89cc524e4ff6d6847ff8cb4af4e304f74c1c3ce02ecac17694e4fcea9d0e8fac,1,1,running,running,True
galaxia,Galaxia,CGB only,cgb,entries/galaxia/galaxia.gbc,7b3cbba2e24eaefed37ca3b0a868dffcf1f5b672ab40925ff89a6d0238419685,1,1,running,running,True
galaxy-neptune,Galaxy Neptune,CGB only,cgb,entries/galaxy-neptune/game.gb,a6221ce22925ac6fb7054ffdd97846e3829187dc3933b2e95a0d67817e98f6ad,1,1,running,running,True
game-1,Game 1,DMG,dmg,entries/game-1/GAME1.GB,a5db4fe922a2a97919562ee1cb14fffe662f2586948318bcd29fca93668b2573,1,1,running,running,True
game-boy-color-picker,Game Boy Color Picker,CGB only,cgb,entries/game-boy-color-picker/GBColorPicker.gb,f0f9b984c7635a935c8b523f7a67e5c46e38d8940c9aee10150b2aac2531a527,1,1,running,running,True
game-boy-dnd-character-sheet,Game Boy D&D Character Sheet,DMG,dmg,entries/game-boy-dnd-character-sheet/GB_Character_Sheet.gb,cc29e92e336750423e6bb64e4e94033ea8d569804580bf99178ea889ae429563,1,1,running,running,True
game-boy-life,Fast Conway's Life,CGB enhanced,cgb,entries/game-boy-life/life.gb,c8fe32c0020be616ecdb57f6531c039867a8dbec585a5ac5be73d40f392e19d6,1,1,running,running,True
game-boy-sound-manipulator,Game Boy Sound Manipulator,CGB only,cgb,entries/game-boy-sound-manipulator/gbsound.gb,9a9d8a93aa939890c10f00c052b106aaf9ec6193f60f299e9591e27333ba0fe8,1,1,running,running,True
game-boy-video-player-2,Game Boy Video Player 2,CGB only,cgb,entries/game-boy-video-player-2/game-boy-video-player-2.gbc,260cb096e102230b607688cf2d25cbe9bb9e06f4de5bce9bff4ec5d5aa34d47d,1,1,running,running,True
game-boy-wip,Game Boy W.I.P,DMG,dmg,entries/game-boy-wip/game.gb,bffea1c391d38d5fc6442aaffe556f429460ae6b95ec0bbb3a51e38edef34e42,1,1,running,running,True
game_boy_of_life,Game (Boy) of Life,DMG,dmg,entries/game_boy_of_life/life.gb,d491f5d18f0fad55e660277210d1a07a7b52b65c480927e5c78f2f70d824895a,1,1,running,running,True
gameboy-music-compiler-2014-10-21,GameBoy Music Compiler (2014/10/21),CGB enhanced,cgb,entries/gameboy-music-compiler-2014-10-21/bgm03.gbc,6c98690bf21e6fe6a3cf7a6398a3b8e314097277bd30975e5fea558d293f7f10,1,1,running,running,True
gameboy-pong,Gameboy Pong,DMG,dmg,entries/gameboy-pong/gbpong.gb,1714c0ccf65f954d5b99a0063750c45cea8d178be783f218a17d599ff1bca65e,1,0,running,running,True
gameboy-project,Gameboy Project,DMG,dmg,entries/gameboy-project/steffen.gb,acd2095c8306f46fa96a0b6cac7376adb2230eb4d3e8f668e7391c95fc00d581,1,1,running,running,True
garpsters-archaic-rooms-of-paranoia,Garpsters Archaic Rooms of Paranoia,CGB enhanced,cgb,entries/garpsters-archaic-rooms-of-paranoia/GARP.GBC,624a385f73d77918ad47862f0ddd4927ae656f8d12f1d2a59fefd642e63879ee,1,1,running,running,True
gas-demo-1,GAS Demo 1,CGB enhanced,cgb,entries/gas-demo-1/GAS Demo 1 (PD) [C].gbc,0dcfea279ba35a80ce166276fe25d8e677074801280878fb7f99ab061a6a53fa,1,1,running,running,True
gay,Gay,DMG,dmg,entries/gay/GAY.GB,94f01094e101fa7456308295530f7ffed9ab171dda8aea51c128bb195cf43d49,1,1,running,running,True
gb-303,GB 303,DMG,dmg,entries/gb-303/gb-303.gb,f7ba0d7a04241203a2bccf718796f52ce406d027d158a35383b07b5f1e3a6de7,1,1,running,running,True
gb-als,GB ALS v1.0f,DMG,dmg,entries/gb-als/GB ALS V1.0f (PD).gb,86ec1d75c4a6232332b575ffc5e82ca414d0fcd530a6a30f3462fc0c4b5366d6,1,1,running,running,True
gb-basic,GB Basic,CGB enhanced,cgb,entries/gb-basic/GBBASIC.GB,53b30d1d3b01d9c5326b24d4c640a8c5534579d1254ab072245942c0651b48fb,1,1,running,running,True
gb-clock,GB-Clock (MBC3 RTC handling by GBC),DMG,dmg,entries/gb-clock/clock.gb,3acad9e7cdc9e53915a680d3a6e3f02ef9910a5e9456f8921831f93b766f910f,1,1,static,static,True
gb-corp,GB Corp.,CGB enhanced,cgb,entries/gb-corp/gbcorp.gb,5a39926a23ff50448859b2d924d8bba5a8c68db91563783f0c593a3aa8e7bad3,1,1,running,running,True
gb-debug,GB Debug,DMG,dmg,entries/gb-debug/GBD.GB,2ca0458a969a1dfacae8ae5b01974b3c1e5db81ec8635c6a34aefc5de66f2570,1,1,running,running,True
gb-dtmf,DTMF Dialer for GBC,DMG,dmg,entries/gb-dtmf/GB-DTMF.GB,38a5a391494bfb3e72fba07b463f16590724953a60d55f72c93852a2e712680e,1,1,running,running,True
gb-electric-drum,GB Electric Drum,DMG,dmg,entries/gb-electric-drum/GB Electric Drum (PD).gb,6e4ffde630d9c9eb8fa42c2051c12b2294e6996f81b54679c39fe5105b3535cc,1,1,static,static,True
gb-fm-synth,FM Synthesis,CGB only,cgb,entries/gb-fm-synth/gb_fm.gbc,2592a2072add5088734addf1781ad2f7d7c0d2e2ec8b5c5cb1aea3b75391d826,1,1,running,running,True
gb-fm-synth-20090410,GB FM Synth (2009.04.10),CGB only,cgb,entries/gb-fm-synth-20090410/gb_fm.gbc,2592a2072add5088734addf1781ad2f7d7c0d2e2ec8b5c5cb1aea3b75391d826,1,1,running,running,True
gb-footy,GB Footy,CGB enhanced,cgb,entries/gb-footy/game.gb,c54e9d2e4494ca2e3c97ce51fd5eae9f2686e4b0dc2635ae91317756a0bec7df,1,1,running,running,True
gb-key,GB-KEY (PS/2 keyboard handler),CGB enhanced,cgb,entries/gb-key/gb-key.gb,e3723bb8a26de8a9729bbe21b4d02dbb5216a73e9602745206ba423e4fb44527,1,1,static,static,True
gb-lander-v0-02,GB-Lander v0.02,CGB enhanced,cgb,entries/gb-lander-v0-02/GB-Lander.gb,655058968650a94eac1a5b572ad7376a0b6f0385e3b4de6d6990b22bf9c4ad6b,1,1,running,running,True
gb-lunar-lander,GB Lunar Lander,CGB only,cgb,entries/gb-lunar-lander/gb_lunar_lander.gb,c8ada6b4e2ba0617b2a135e96c7b5a4fdd34435726f30145e0dbe1313a44c9c4,1,1,running,running,True
gb-monhun,GB Monster Hunter Music Cart,CGB enhanced,cgb,entries/gb-monhun/GBMonHunMUSIC.gb,1ea0e3891fd13509846736514653fd1a947df2d6b0458b83eae1548dbb68995e,1,1,running,running,True
gb-pda,GB-PDA,CGB enhanced,cgb,entries/gb-pda/pda.gb,c867046b584788ff3cb08a60c1efe409efc2a630ffe4e0662f3378f7fccea59a,1,1,running,blank,False
gb-phantom,PHANTOM [GB CONCEPT],DMG,dmg,entries/gb-phantom/Phantom.gb,1d70493bda70b3fee4da9fc2d72a98bedc28d1970261f0dcf54d8eb069d99cce,1,1,running,running,True
gb-pongo1,GB_PongoFriends,CGB only,cgb,entries/gb-pongo1/game.gb,8dc9359277b9b8314c664f64c0fb45c5f35927df44a7609028cf27ec69fd1f91,1,1,running,running,True
gb-printer-emulator-v1-0,GB Printer Emulator v1.0,DMG,dmg,entries/gb-printer-emulator-v1-0/Gameboy Printer Emulator V1.0 by Jeff Frohwein (PD).gb,2663ffb32fddd7ade48af9b30ecd398ad7528382203bbd02fc727444c2968d42,1,1,static,static,True
gb-quiz-for-kids,GB-Quiz For Kids,DMG,dmg,entries/gb-quiz-for-kids/Quiz.gb,6b7f24e62b90be9deaff0bde73144781e9b67ced2e2cc57539799f52f7abb017,1,1,running,running,True
gb-raycast,GB Raycast,CGB enhanced,cgb,entries/gb-raycast/RAYCAST.GB,7ad68e9470537808bafa0a839e70b52110fb64046b2e295437864f96f7506c42,1,1,running,running,True
gb-rem,Learning RemCon,CGB enhanced,cgb,entries/gb-rem/gb-rem.gb,68fec69c8cf82a7e439927ee33aea53d053caed77522a4d095e1b9367ee79132,1,1,running,running,True
gb-sfx-generator,GB SFX Generator,DMG,dmg,entries/gb-sfx-generator/gb-sfx-generator.gb,d14a0b0c6028920d74fee7e5e8770d828319102ecb652f1dbbf8395c141a96c7,1,1,running,running,True
gb-snake-reini1305,Snake,CGB only,cgb,entries/gb-snake-reini1305/snake.gb,94f66ec5063b33bea89ed80ed05334e1655bcc71114d2c9a33a953aa368bb049,1,1,running,running,True
gb-stasis,STASIS [GB DEMO],DMG,dmg,entries/gb-stasis/GBStasis_Demo_(v0_83).gb,4c93395e942e98c2c2f9e784cf60ca9cf92c1a3573d5775a7a3dc21bbac8543f,1,1,running,running,True
gb-tic-tac-toe,GB Tic-Tac-Toe,DMG,dmg,entries/gb-tic-tac-toe/GB-TicTacToe.gb,f1c323066081a4ebfc201c3ebc1f75e7c199f90f370685d1a83a0762f28a37b2,1,1,running,running,True
gb-wordyl,GB-Wordyl,CGB enhanced,cgb,entries/gb-wordyl/GBWORDYL_0.85_en.gb,acc12e3e920e0c432606846da60a5ca9bba21f8012304e8de4a26f88273d14de,1,1,running,running,True
gbamatron,GBamaTron,CGB enhanced,cgb,entries/gbamatron/gbamatron.gb,f450fd3eed4a0da69cf7243201403ad98dc053e49964d49db3dd3fadf33e705b,1,1,running,running,True
gbamatron-v1-0,GBamaTron v1.0,CGB enhanced,cgb,entries/gbamatron-v1-0/GBamaTron.gb,a38913a1a9a61abf77fa575e94c63d2568beb68b3265b3532af6f863e263a4c3,1,1,running,running,True
gbapa2,GBAPA2,DMG,dmg,entries/gbapa2/GBAPA2.GB,811347e68b373b6922cd4b8d4c9ceb1d1d79388e212d57f2f8c0c86815587159,1,1,running,running,True
gbc-niccc,GBC-NICCC,CGB only,cgb,entries/gbc-niccc/gbc-niccc.gbc,0e4a49918f4a44a21a871318eea135559feb4e6f112fa2015070a1682db9517a,1,1,running,running,True
gbc-vs-ngpc-movie,GBC vs NGPC Movie,CGB only,cgb,entries/gbc-vs-ngpc-movie/GBC vs NGPC Movie (PD) [C].gbc,8fd2b4563c6b7bc9664b6143e52bf42b5493e3e3eb2e14f1099a0e59cbaca683,1,1,running,running,True
gbcbarcode,Barcode reader,CGB enhanced,cgb,entries/gbcbarcode/gb-bar.gb,28fb2b828bbd8198b8e1e66f7afc8e1c6d2a6c4a64748e1443e8ad52c3f2b10b,1,1,static,static,True
gbccardgame,Pelmanism,CGB enhanced,cgb,entries/gbccardgame/pelmanism.gb,3dcfc0c06543f3006a2d8344661c9da94b5266c34a4e310d8f42b8f17ded6a0a,1,1,running,running,True
gbccuecat,CueCAT reader,CGB enhanced,cgb,entries/gbccuecat/gb-cat.gb,ac2fdb355794ff7b8ec48d8a8853f77ed4c7d9ea506422f449b20f48ae90fb8e,1,1,static,static,True
gbcgps,GPS receiver,CGB enhanced,cgb,entries/gbcgps/gb-gps.gb,77afb7f3c01fe175a83de4d44b47a227a532f4cdee04aa50d385f2ecd642db5f,1,1,static,static,True
gbcirviewer,IrViewer,CGB enhanced,cgb,entries/gbcirviewer/ir_view.gb,7a680058192def2108acea24838e9b3530d1f7faaacd0d3f56d0070dfa3ebb1f,1,1,running,running,True
gbcjkit,Kanji driver kit,CGB enhanced,cgb,entries/gbcjkit/jkit.gb,858e0309757cbacef398b683f1cc2e0c4dacec73b008d200beeefe021419a2af,1,1,running,running,True
gbclock-v1-0,GBClock V1.0,DMG,dmg,entries/gbclock-v1-0/Clk.gb,08fba33311c3d67ed410f66a2a53c111c2e8d3f87a40c38f7003e4fe7585a6dc,1,1,static,static,True
gbclock-v1-2,GBClock V1.2,DMG,dmg,entries/gbclock-v1-2/CLK.GB,9e2a0c234d2da533c31667886caa19270036b00349c1afacafa9385c7f432d87,1,1,static,static,True
gbcompo21-entry,GBCOMPO21 Entry,CGB only,cgb,entries/gbcompo21-entry/game.gb,2debcf8e2e3fb0d1212c642de6fbfb4d03aa02c3caab8a675d1c504adbe088e2,1,1,running,running,True
gbcpdc,GB-PDC,CGB enhanced,cgb,entries/gbcpdc/gb-pdc.gb,5708b63cdb21ad2e931996cea791c431bb4350fcb4eca141401812d9496048fe,1,1,running,running,True
gbcshell,GB-SHELL,CGB enhanced,cgb,entries/gbcshell/shell.gb,e296f3b646591a7c5ddf697e87fe3fc7e7d8cebef1e4454c555422a81206cb9d,1,1,running,running,True
gbcspelunky,GBCspelunky,CGB only,cgb,entries/gbcspelunky/GBCspelunky.gbc,264962d504463cb7278301de80bcf61062d07334a799d838784acfff28071e63,1,1,running,running,True
gbdev14-snake,gbdev14-snake,DMG,dmg,entries/gbdev14-snake/snake.gb,094cb9e3562f67bb0d3ec928d59876ed12289da5ee03824f717a8827a13ea4d8,1,1,running,running,True
gbflyer,GBFlyer,CGB only,cgb,entries/gbflyer/a009.gb,43ea9c24281f03b73670f3c04ee4ab393bc1c2343920ab6679facb49a25b0779,1,1,running,running,True
gbhack,GBHack,CGB only,cgb,entries/gbhack/gbhack.gbc,f93a27e8b6272771bbba96105a2754f27ffc3f8317d71c063bdbd60dd0d74527,1,1,running,running,True
gbiskindasus,Among Us for Gameboy,DMG,dmg,entries/gbiskindasus/game.gb,cd3479c8e815e19785467003c2bd9cb517e913f9ad447acf911f47695c9db43e,1,1,running,running,True
gbsoundxperimenter,GBSoundXperimenter v1.3,DMG,dmg,entries/gbsoundxperimenter/Soundx.gb,78305bffd0841ab2fdcc0f1045abad301da1dcdbaa2b70f84d51f000cb2a07dd,1,1,running,running,True
gbstadium,GB Stadium,CGB only,cgb,entries/gbstadium/GBStadium_0.2.1_Arcade.gbc,daadf48506db03c7e7e5eae8091af2910a28dc4aa9106c10cf098c8846e5d8d8,1,1,running,running,True
gejmbaj,Gejmbåj,DMG,dmg,entries/gejmbaj/gejmboj.gb,f14c6d66a662123ffd5f0e8990dfa2e74eff831e9326e76262745574228a0632,1,1,running,running,True
generalgruntin_boris-yeltsin-flappy-bird,Boris Yeltsin Flappy Bird,CGB only,cgb,entries/generalgruntin_boris-yeltsin-flappy-bird/files/BorisYeltsinFlappyBird_jam.gb,4ab1d6587b58b4df83dbaad5d44e2ee2ba3917a0d230d7baef94fedff9b693de,1,1,running,running,True
genesis,Genesis GB,DMG,dmg,entries/genesis/game.gb,fcae866f2dac13990b6d220db30552837478286bd297ddb88d0cbd6b5ae002db,1,1,running,running,True
geometrix,Geometrix,CGB enhanced,cgb,entries/geometrix/geometrix.gbc,f13575af6bf87003c3eef8c2cab67a49ca6b02aa23ff6a31a38beb96d6eb1795,1,1,running,running,True
gerardodce_grimoire-rush,Grimoire Rush,CGB only,cgb,entries/gerardodce_grimoire-rush/files/GRush_jam.gbc,73953c7faa81fc9e64f9a8589f9365b728db4dceab52114c5be4d21e88b9eae6,1,1,running,running,True
gerry-the-friendly-ghost,Gerry the friendly ghost,DMG,dmg,entries/gerry-the-friendly-ghost/game.gb,48671bf5ffdca0b6b5c3b015a5f7208a4348969db6c6a04100097f59d2a7fcaa,1,1,running,running,True
gerzytet_race-for-the-ps9,Race for the PS9,CGB enhanced,cgb,entries/gerzytet_race-for-the-ps9/files/PS9Race.gbc,0c1337f283de23fa9f42d3c6d181c7f616dc2f602afb16e235490802b0882506,1,1,running,running,True
gesusa-hilfe,Gesusa Hilfe,DMG,dmg,entries/gesusa-hilfe/gesusa-hilfe.gb,27fc0cf060be55298cd54fd912fb96c61c443c8692d2b4f3ab5e40d7656dfa70,1,1,running,running,True
ghostbusters-logo-demo,Ghostbusters Logo Demo,DMG,dmg,entries/ghostbusters-logo-demo/Ghostbusters Logo Demo (PD).gb,da0fb130aeaac0c8da2c8fe29f7c8438f969ff9321c4bea37831032f889b7f67,1,1,running,running,True
ghostly-labyrinth,Ghostly Labyrinth,CGB only,cgb,entries/ghostly-labyrinth/ghostly-labyrinth.gb,3744961416760f569fa10f78c04220d7903837b45ff4c3e51a336e14810e3c76,1,1,running,running,True
ghostly-labyrinth-2,Ghostly Labyrinth 2,CGB only,cgb,entries/ghostly-labyrinth-2/ghostly-labyrinth-2.gb,b587e8b2e2af4efbd3e685db6b39df894eb32fba693e4214cc9df9bce06a6c84,1,1,running,running,True
ghunter-v0-5,GHunter v0.5,DMG,dmg,entries/ghunter-v0-5/GHunter.gb,e69246155969dfd288a8d4e9567b010a5affaff171dbbd2d4738d4039dcae760,1,1,running,running,True
gibbongl_gb-tv-show-music,GB TV Show Music,DMG,dmg,entries/gibbongl_gb-tv-show-music/files/game.gb,cc60131062ba70694677631d7d90243237d64ca30b9803efe284672357307662,1,1,running,running,True
gibbongl_gbc-pip-boy,GBC Pip-Boy,CGB only,cgb,entries/gibbongl_gbc-pip-boy/files/Pip-Boy by GibbonGL_jam.gbc,1d73d78dc0759e60b4e1f985450fef07661e0e67db128247915265105bb1e764,1,1,running,running,True
glitchytsp__exterminator,EXTERMINATOR,CGB only,cgb,entries/glitchytsp__exterminator/EXTERMINATOR_jam.gb,d630f3087e13f8d12330744a81adbf2464bf92f3284bd5307b2fe8de238f4966,1,1,running,running,True
gloomglow,Gloomglow: Prologue,DMG,dmg,entries/gloomglow/game.gb,2c4f602af06ca2d542086eb1de82405cf43028873ad1a3193abb69ff6f42b1cf,1,1,running,running,True
glory-hunters,Glory Hunters,DMG,dmg,entries/glory-hunters/Glory Hunters Chapter 1 ver.0.1.gb,80fbc4eb3d8d69aa915fcf5c595d3bfeb1ec3e4446aeb2b0631181251faa11c8,1,1,running,running,True
going-bananas,Going Bananas,DMG,dmg,entries/going-bananas/banana7.gb,ea696b3dac78de95f7534f32848d07f9f365fa0152b2334eb7cc1240f0ce8c71,1,1,running,running,True
good-luck-mrbatto,Good Luck Mr. Batto!,DMG,dmg,entries/good-luck-mrbatto/GLMrBatto-v0-3.gb,0324eb863d88f46a8d0b7fef51f92703c30ffc2ced91e4dce97523ce34bfaae2,1,1,running,running,True
goose-a-gotchi,Goose-A-Gotchi,CGB only,cgb,entries/goose-a-gotchi/game.gb,b2af0ff55087077580572accc94603af60d2200732dc1296f09b1ebea929e5d8,1,1,running,running,True
gortyncode__chantey-prologue,Chantey (Prologue),DMG,dmg,entries/gortyncode__chantey-prologue/chantey-prologue_jam.gb,1bda583845a88a087ab8a287dde3cc548f1e3ec65281d9d641a6d1ad20a4f471,1,1,running,running,True
gorzylla__mission-earth,Mission: Earth,CGB only,cgb,entries/gorzylla__mission-earth/MissionEarth_Rom_Jam_v1.gb,7fd9e8168ab41391a8757bab1fd1c9273f5812761561cc672ff922b4a98e503a,1,1,running,running,True
gosub,GoSub,DMG,dmg,entries/gosub/gosub20220609.gb,ed737c4517907d60ac6ab9f0e737e9aae33f27da8657ffbc54db019f049775c5,1,1,running,running,True
graal-v1-1-adventure-demo,Graal v1.1 Adventure Demo,CGB enhanced,cgb,entries/graal-v1-1-adventure-demo/Graal V1.1 Adventure Demo (PD) [C].gbc,2d7efe92b3dbed078f4e3f28a2b860abb96777629b38f43c9f752053efb7e7a8,1,1,running,running,True
grannies,Grannies,DMG,dmg,entries/grannies/grannies.gb,bc3baf4c74aef22a0ad922efc248da4ede135ff3b502b1b6ba8eef65fd9ca1a0,1,1,running,running,True
grayfox-gbdk-scroll-sample,GBDK Scroll Sample,DMG,dmg,entries/grayfox-gbdk-scroll-sample/SAMP03B1.GB,539629b1a7b6508f5e283719a8a6bf6d45c1d507d5b19804608fcfae04fd544b,1,1,running,running,True
grayfox-gbdk-sprite-sample,GBDK Sprite Sample,DMG,dmg,entries/grayfox-gbdk-sprite-sample/SAMP05B1.GB,8fabed9e1d8a207d71438439f1c891f51f7a8e1a3c65f48629ea67d6ff6b2f35,1,1,running,running,True
grayfox-gbdk-window-sample,GBDK Window Sample,DMG,dmg,entries/grayfox-gbdk-window-sample/GBMG04B1.GB,a4802fb43fee60971ee204ab630226c7b6bc50090512eeea7e3a46a76020d02a,1,1,running,running,True
greatfoohachi_game-boy-hero-ii,Game Boy Hero II,DMG,dmg,entries/greatfoohachi_game-boy-hero-ii/files/Game Boy Hero II_jam.gb,02744edc6727a3b83faec9fd55e787b3342f8fb2a1ffa8e607802bda1aa54b3e,1,1,running,running,True
grecotron-v0-91,Grecotron v0.91,CGB enhanced,cgb,entries/grecotron-v0-91/grecotron.gbc,c0f88c7918d8248ec38245a813128e81e4f031b351f29202b0ed45b399ac08f9,1,1,running,running,True
grimmrobegames__abducted,Abducted,DMG,dmg,entries/grimmrobegames__abducted/Abducted.gb,bc8e9612e8cdddc77a5c7ae72f549b95f1356c53eeae929ca02a3bd5278d79cc,1,1,running,running,True
grind-jet,Grind Jet,DMG,dmg,entries/grind-jet/grind-jet.gb,bff04e8ac9c3840e752f0790690e46e8c0c5a25b7ea6beb3c864853a455ec1d7,1,1,running,running,True
grub-glide,Grub Glide,DMG,dmg,entries/grub-glide/GrubGlide.gb,7cb3d8ae5dd5d042436982f0e78a5daab4d99620eb50adb260cab9b37221b9c0,1,1,running,running,True
guess-the-number-1,Guess The Number 1,DMG,dmg,entries/guess-the-number-1/GuessTheNumber_1.gb,7046baf188453cdbe5cd047210810943f2ba2d3e73cb2e6b7ef78550a73df410,1,1,running,running,True
guess-the-number-2,Guess The Number 2,DMG,dmg,entries/guess-the-number-2/GuessTheNumber_2.gb,53bb9d5a29a78f293ee8793fcdf4447c759f8d5a4109bc4b90be76292728f6f5,1,1,running,running,True
guess-the-number-3,Guess The Number 3,CGB enhanced,cgb,entries/guess-the-number-3/Guess The Number 3 (PD) [C].gbc,959f2d5bedb037a781a229df18d36048ec2836ddadcab24b5aa90af01cd10ef5,1,1,running,running,True
gumpyfunction__feed-it-souls,Feed IT Souls,CGB only,cgb,entries/gumpyfunction__feed-it-souls/Feed_IT_Souls_v1.4.gbc,2e32fc3e23b74ac67d1585d53edf2c63555722fd153df9c6c4f23c851c504655,1,1,running,running,True
gunman-clive,Gunman Clive,DMG,dmg,entries/gunman-clive/gunman-clive.gb,a74922c34f50ea7c2c799d7677c564e571a9baad43df67ead5fb11da108e642f,1,1,running,running,True
gunpey,Namihey,CGB enhanced,cgb,entries/gunpey/namihey.gb,d63f596767594c20bd276d5422b80f95304d35ede11271e0d54d8d968d6fbcfc,1,1,running,running,True
guns--riders-version-10,Guns & Riders (Version 1.0),DMG,dmg,entries/guns--riders-version-10/gunsriders.gb,7f17db198d5d5f2e13b6ff53cc24b8d2bbbf06015abfd8219e7cb13d76008150,1,1,running,running,True
gunship,Gunship GB,DMG,dmg,entries/gunship/game.gb,8ffce4ae18d1cbefec02683d9edaa98d9d9838069a64e16087ecded1de643dc3,1,1,running,running,True
hamburgers-en-route-to-switzerland,Hamburgers En Route To Switzerland,DMG,dmg,entries/hamburgers-en-route-to-switzerland/hamburger32.gb,2fa7aa349ab335ddb7d52343b2301a3ab3d333f24a09ff2bc04971ca454a72c2,1,1,running,running,True
handheld-heroes-player,Handheld Heroes Player,DMG,dmg,entries/handheld-heroes-player/handheld-heroes-player-rev-b.gb,feff78e2d9785b5d18e8a91c4bf3046c99898d19d9a78b571dd3735532aca735,1,1,running,running,True
hangman-99,Hangman 99,DMG,dmg,entries/hangman-99/Hangman_02.gb,f227bd0b4610d7cb275b607c9436122fa7f23577952a3dcc96de37ce77a7cd35,1,1,running,running,True
harlequin__automatron-gb-demake,Automatron GB Demo,CGB only,cgb,entries/harlequin__automatron-gb-demake/automatron_jam.gb,8cbc283d6bea81dd1fb1c1120914b04ea073564c594f49c512f336c2d8373167,1,1,running,running,True
harrier,Harrier,CGB enhanced,cgb,entries/harrier/harrier.gb,7afe9826ed27a5b24dfd50aa01fb5dc7239393ff10dae5c6199b7c3e25b7c715,1,1,running,running,True
haunted,Haunted,CGB only,cgb,entries/haunted/haunted.gb,ddffc1ed870171f720d926a55f206f63c6c8f46cb6f4861a8b0a4f2948533f6a,1,1,running,running,True
headache-boy,Headache Boy,CGB enhanced,cgb,entries/headache-boy/headache-boy.gb,5e4ec1a489b50d3be2c0036b9ef8d5bae961bd3691d98e4c7bf88dad1f4cb555,1,1,blank,running,False
heebie-gbs-2014,Heebie-GBs-2014,DMG,dmg,entries/heebie-gbs-2014/Heebie-GBs-2014.gb,04c43af671f770ea60f78467912633eced7c9b42c398077da56fe904eaa16ac5,1,1,running,running,True
helicopter,Helicopter,DMG,dmg,entries/helicopter/helicopter.gb,0ed7b8f06140aedf0d6ae3e7aed30119dc327918ba23c5cfeb9bd8631a71e3d3,1,1,running,running,True
hello-tepples,My first attempt,CGB enhanced,cgb,entries/hello-tepples/hello.gb,a1d3c1abb2b4a47953ad9e553f621a3ace6c49cb8c54bc7c946b49821906c3c0,1,1,running,running,True
hello-world,HELLO WORLD,DMG,dmg,entries/hello-world/S_TN - Hello world.gb,8567f7e8abda84d612bb72070857a95bfe885d20b94075cfe9d85fdc7bf6ca3f,1,1,running,running,True
hello_world,Hello_World!,DMG,dmg,entries/hello_world/hello_world-download-version.gb,b1dcf9fd1ba91e0c281f57970a358cb9c64f08a7c28de00f90b421afd728d421,1,1,running,running,True
her-sovereign-virus-version-010,Her Sovereign Virus (Version 0.1.0),DMG,dmg,entries/her-sovereign-virus-version-010/hersovereignvirus.gb,294fd14b3971a557a59e1625e525b802c677ad4a3665f575f6a0db311e747c57,1,1,running,running,True
hero-guide-your-heart-concept-demo,Hero: Guide Your Heart (Concept Demo),DMG,dmg,entries/hero-guide-your-heart-concept-demo/game.gb,5f327e1c0826d46b07d3d563a1dac0ef44ed19a06b757c74d538f9463d0adb69,1,1,running,running,True
herozero-fractal-demo,HeroZero Fractal Demo,DMG,dmg,entries/herozero-fractal-demo/HeroZero_Fractal_Demo.gb,811347e68b373b6922cd4b8d4c9ceb1d1d79388e212d57f2f8c0c86815587159,1,1,running,running,True
hey-you-pikachu-demake,Hey You! Pikachu Demake,CGB enhanced,cgb,entries/hey-you-pikachu-demake/game.gb,90e88d83fe97d7e02b7c9f0f8a00cf0e42205a13f06fa5d173a254a040614687,1,1,running,running,True
hi-colour-demo,Hi-Colour Demo,CGB enhanced,cgb,entries/hi-colour-demo/gbhc.gbc,5c7bf3c16007e4725a62861b4019a61a24a408c2f9bca78283e984c518c8b2e9,1,0,running,running,True
hicolor-animation-engine,Hicolor Animation Engine,CGB enhanced,cgb,entries/hicolor-animation-engine/GFX.GB,f1351e80e1e803f5a24123d6121e609d288dec1541856dd5475f01433b0707c4,1,1,running,running,True
highnoon,HighNoon,CGB enhanced,cgb,entries/highnoon/HighNoon (PD) [C].gbc,4f73b31b39a8f13c06ce819dc1aa72ae28c7b8bc87b298ebf2c3b89bbfa51a3d,1,1,running,running,True
hikaris-summer-job,Hikari's Summer Job,DMG,dmg,entries/hikaris-summer-job/Hikaris_Summer_Job.gb,91a16086b685e19207b92f9c5046639a6d188ae5719e98b2889091c6b369a956,1,1,running,running,True
hikaru,Hikaru,DMG,dmg,entries/hikaru/HIKARU.GB,0c3be183c84b04849e49386df8d30255045764eb0f730097f93055dd28323612,1,1,running,running,True
hitorigb,HitoriGB,DMG,dmg,entries/hitorigb/hitori.gb,3cc20ab5613a94f9ecfc0467b6f209b2cb6ed9c0e2718ca9d956b1e7fdd60069,1,1,running,running,True
horatiofresh_megamallds,Mega Mall DS,CGB only,cgb,entries/horatiofresh_megamallds/files/MegaMallDSv1_jam.gb,7156dd1eae2c7b8790016b5c7e4ae66bc2b17d30c8b4551e94343c3082ec50e2,1,1,running,running,True
hot-gameboy,Hot Gameboy,DMG,dmg,entries/hot-gameboy/hotgb.gb,26f8fe68d75dd319857677c9cfeced1ed546b27582913b3442924f04ac30a32d,1,1,running,running,True
hover-defender,Hover Defender,DMG,dmg,entries/hover-defender/hoverdefender.gb,f68940cf913d0f0f5ad52aea05196decb8d219d17f739716137be7dcad204815,1,1,running,running,True
howdyriceball_polar-peril,Polar Peril,CGB only,cgb,entries/howdyriceball_polar-peril/files/polarperil_jam.gb,53a6a211f1b98bdca0511c66e0ea12162cb2e59ac094420b6c780f6c6de42bf9,1,1,running,running,True
hs-gbc-intro-1,hs gbc intro #1,CGB only,cgb,entries/hs-gbc-intro-1/hs-gbc-intro-1.gbc,0ffc3f2a2d46d6505b1ecdd8ac5e4280132c1b3abdd44a854eccd848d2f58a4f,1,1,running,running,True
hungry-are-the-dead-demo-3,Hungry are the Dead (Demo 3),CGB enhanced,cgb,entries/hungry-are-the-dead-demo-3/hungrydm3.gbc,20e719f1dfc343af0a3f8e83365f096f2e45180de105d6c559d93ddd3376c413,1,1,running,running,True
hungry-birds,Hungry Birds,DMG,dmg,entries/hungry-birds/HungryBirds.gb,7338be00f2e9579c374cd38265a4bc3433f72ff9a1fa26d28656a0af533aebf8,1,1,running,running,True
hwilson_ccex,CLEAVING CALIBER EX [GBC],CGB only,cgb,entries/hwilson_ccex/files/CleavingCaliber_jam.gbc,f9e027f2bb9d3b491312c44576c349cf5823b64a734cfcb963ac2448adea08d9,1,1,running,running,True
hybrid-gbplot,Hybrid GBPlot,DMG,dmg,entries/hybrid-gbplot/Hybrid GBPlot (PD).gb,d9fd46fd64c3576c45978a0c6bccd3305fa8a62819c4b937294530d31eb6f88e,1,1,static,running,False
hyper-cat,Hyper Cat,DMG,dmg,entries/hyper-cat/hypercat.gb,dff6d19c6b895246bd13df84c81c6d972ff66c02fa53b930254267c0159f695b,1,1,running,running,True
hypertechgames_where-da-jam-at,Where Da Jam At?,CGB only,cgb,entries/hypertechgames_where-da-jam-at/files/WhereDaJamAt_jam.gb,b49c37965c37cdadbee2d620c8af43893cd21a85df27343c00eea372623f225f,1,1,running,running,True
i-dig-holes_cosmoctopus,Cosmoctopus,CGB only,cgb,entries/i-dig-holes_cosmoctopus/files/cosmoctopus_jam.gb,f136748b9cd7a4e749e9ed3e26609f245835f5939d54ea4e813b325599ceff5b,1,1,running,running,True
i-dig-holes_random-walk-generator,Random Walk Generator,CGB only,cgb,entries/i-dig-holes_random-walk-generator/files/RWG_jam.gb,c702e922b983b8fd41e6d376d96e5c58ce82cfaaf7360649d41193c3c8d4a021,1,1,running,running,True
i-guardian,I Guardian,CGB enhanced,cgb,entries/i-guardian/I Guardian (PD) [C].gbc,12c4062102fca70887b67ae533e7f0ad6dfd047cdf4db4cf8b1a6095a57e16d0,1,1,running,running,True
i-look-around,I Look Around,CGB only,cgb,entries/i-look-around/I_Look_Around_0.1.gb,21a3a79f53f3a67fd850a7689ee2a16ba318202228d91a7ac18c6756c8daeca8,1,1,running,running,True
i-shall-be-queen,I Shall Be Queen,CGB enhanced,cgb,entries/i-shall-be-queen/ishallbequeen.gb,5e0895e48e51cb97b54e090c5c87908f1fbcc8c1ffa67f32d5b79c82a256204a,1,1,running,running,True
ichi-ni-san,Ichi Ni San,DMG,dmg,entries/ichi-ni-san/ichi-ni-san.gb,6ff8eab3e50f93990eb0bb109eeca2db1e4e91910e0ef7553e3a77833b68de07,1,1,running,running,True
idk1801_archaea,ARCHAEA,CGB only,cgb,entries/idk1801_archaea/files/ARCHAEA.gb,159d8f14617addfa99a75132e2e61b9fc0995430c9e43cf8d0e3be232d3a3238,1,1,running,running,True
idnitmedia__sporophore,Sporophore,CGB only,cgb,entries/idnitmedia__sporophore/Sporophore0.1.0_jam.gbc,c3e8a4caae89a3b0877d4a24b2bf1ae86cb8345709f34d7d514792660f547618,1,1,running,running,True
ikinari-bopper,Ikinari Bopper,DMG,dmg,entries/ikinari-bopper/ikinari-bopper.gb,e91473abf5431a637f22938458d8d454a79bd3e99fa8ed50a89b6e87e346a847,1,1,running,running,True
impossipong,ImpossiPong!,DMG,dmg,entries/impossipong/pong.gb,9c4b3feb686c2b8f0d8eb29d5618b544aa9eb88fb88a4641bc7a9c10d6ab07ca,1,1,running,running,True
incognitiouwu__no-time-for-art-sorry-music-cart,No time for art sorry (Music Cart),CGB only,cgb,entries/incognitiouwu__no-time-for-art-sorry-music-cart/No_time_for_art_sorry_jam.gb,4f8629617f3da790031d9db9fc8a24090e1ea3257d03deac18afd07e5934b389,1,1,running,running,True
infinite-bobs,Infinite Bobs,CGB only,cgb,entries/infinite-bobs/InfiniteBobs.gbc,0e4dff5bbc64de646f0aa7bcddddba7301ca207176daed22be9dfc5290407ff3,1,1,running,running,True
infinitron,Infinitron,CGB enhanced,cgb,entries/infinitron/infinitron.gbc,fded23e3cec6db805bedb651dd4944a9e6c9a1fcc8d09d454f2ed97413d79e59,1,1,running,running,True
infinity-preview-version-100,Infinity (Preview Version 1.0.0),CGB enhanced,cgb,entries/infinity-preview-version-100/infinity.gb,a5c7b34dbc1a6be0c2ec7ff5943f0e2bef24de9e9624d06604e7d60971a94330,1,1,running,running,True
infrared-investigator,Infrared Investigator,CGB enhanced,cgb,entries/infrared-investigator/Infrared Investigator by Ken Kaarvik (PD) [C].gbc,1db38c7ace31f4048f7394f5dc51f37c0032f4cda4c962aa92c76c8233c6a95e,1,1,running,running,True
interblocked,INTERBLOCKED [Game Boy],DMG,dmg,entries/interblocked/INTERBLOCKED.gb,d036a2003a3bad5a270b4737bb7ff87849d5d6e1a7fe738e8df47bff20d319ae,1,1,running,running,True
into-the-blue,Into The Blue,DMG,dmg,entries/into-the-blue/into-the-blue.gb,71c4c7cdaee320385407c7c68211b2b388459e9da2090f2888601802b328ba8b,1,1,running,running,True
intro-1-capital,Intro #1 (Grand Theft Auto),CGB only,cgb,entries/intro-1-capital/cpl-i_01.gbc,1a1044d16d3c23c630f16a35597683e427b0f657b82657d2845f1b03e5049d7d,1,1,running,running,True
intro-1-dcs,Intro #1 (Metal Gear Solid),CGB enhanced,cgb,entries/intro-1-dcs/dcs-i_01.gbc,b2361fd3c334148611fc3d6cd3542dc72563cc8b6f13e2233f1ee3f05ff5cf52,1,1,running,running,True
intro-1-oldskool,Intro #1 (X-Men Mutant Academy),CGB only,cgb,entries/intro-1-oldskool/os-i_01.gbc,01f03b1532acbd032ccef521b73a3873e88e2c84808cd3457f2dea37107ba0b7,1,1,running,running,True
intro-1-paradox,Intro #1 (Lucky Luke: Desperado Train),CGB only,cgb,entries/intro-1-paradox/pdx-i_01.gbc,6e57b9014b3a2a581cbe37926b08ebe1a48726689cc09dc964e88878b03202d7,1,1,running,running,True
intro-2-capital,Intro #2 (Robot Wars: Metal Mayhem),CGB only,cgb,entries/intro-2-capital/cpl-i_02.gbc,a9eb82c4ae3e3e5eb9c819bfa2f7e29f2d7446a7a04693ca7e8e5913ecfa9cdb,1,1,running,running,True
intro-2-quartex,Intro #2 (Harvest Moon 3),CGB only,cgb,entries/intro-2-quartex/qtx-i_02.gbc,b059d6904fa9bfcf14aaec84d176ead13a0441d5f9a82f15d53c97f22cffe146,1,1,running,running,True
intro-3-capital,Intro #3 (Cannon Fodder),CGB only,cgb,entries/intro-3-capital/cpl-i_03.gbc,03f8a8a33d6fd87cf37d1fb46288e4598e812c6cca4494ca29256eaf90cfe7a1,1,1,running,running,True
intro-3-dcs,Intro #3 (Alfred's Adventure),CGB only,cgb,entries/intro-3-dcs/dcs-i_03.gbc,8f411e7bb8a068a6fd92051f1808b1766d49c1c9fdbb98fbb0e3718b612c9761,1,1,running,running,True
intro-4-capital,Intro #4 (Monkey Puncher),CGB only,cgb,entries/intro-4-capital/cpl-i_04.gbc,0745ae2329726e86313432b6fe6f6d055af0ad19aac8daec6b29ab6ee3f582d2,1,1,running,running,True
intro-4-dcs,Intro #4 (Trouballs),CGB enhanced,cgb,entries/intro-4-dcs/dcs-i_04.gbc,7e1ceb4afbcf5ac1aef3a2ff0fd32c5d858dd4c868d2f22499d7b6d5b27a328d,1,1,running,running,True
intro-5-dcs,Intro #5 (Marvin Strikes Back),CGB only,cgb,entries/intro-5-dcs/dcs-i_05.gbc,af0810940b938162a5d082a627081bc638394b703ba06d1e1f2d2d2d97ebeeb7,1,1,running,running,True
intro-6-dcs,Intro #6 (Croc 2),CGB only,cgb,entries/intro-6-dcs/dcs-i_06.gbc,6ed06120ffe17a3f1eebdcf17902c6327fbd74762165ca155b489c54916d914c,1,1,running,running,True
intro-collection,Intro Collection,CGB enhanced,cgb,entries/intro-collection/introcollection.gbc,92c121b6647ba7ee608f2a576ce79a1a1320ca068c8597d79b8e9878c93ec40c,1,1,running,running,True
intro-v2,Intro v2,CGB enhanced,cgb,entries/intro-v2/FREEART Intro V2.gbc,31427c639036b908bd4fc59cb3a2b337096828e22c86d08622bb1229c0885cb2,1,1,blank,blank,True
intro-v3,Intro v3,CGB enhanced,cgb,entries/intro-v3/FREEART Intro V3.gbc,6c5f8d2d3ddf1f2f048de0a57a9345f0327fd050475a1a4a39590068db473c76,1,1,running,running,True
invasion-dx-09-05-2000,Invasion DX (09-05-2000),CGB only,cgb,entries/invasion-dx-09-05-2000/invasion.gb,2bf2cabc034d14dfefeb2b57ca365466c6aab414ef5fb675c573b43d47619bd5,1,1,running,running,True
ir-viewer,IR-Viewer,CGB enhanced,cgb,entries/ir-viewer/IR-Viewer (PD) [C].gbc,7a680058192def2108acea24838e9b3530d1f7faaacd0d3f56d0070dfa3ebb1f,1,1,running,running,True
is-relative,Is_relative,DMG,dmg,entries/is-relative/Is_relative_french.gb,b6bf3a0f2f4be76b4a04e45b5f163b96c4815d85f5a1fe1f769443fbba768a09,1,1,running,running,True
is-that-a-demo-in-your-pocket,Is That a Demo in Your Pocket?,DMG,dmg,entries/is-that-a-demo-in-your-pocket/pocket.gb,1e27305df67500fae49376cdf33b7cf052442e3ef5c910f96047b2cf63afe797,1,1,running,running,True
isaac-first-gb-demo,Isaac's First GB Demo,CGB enhanced,cgb,entries/isaac-first-gb-demo/Issac's First GB Demo (Quang2000) (PD) [C].gbc,f8d2851c0682db0096463a2e45d6868b9161124e44bd8d8bed3869093fb12bfe,1,1,running,running,True
island-story,Island Story,DMG,dmg,entries/island-story/ISLANDSTORY.gb,9168a731a7a68954d4d268b84b838752a32dc13dec4b0060b42c7cedefd114f8,1,1,running,running,True
issues-cancelled-demo,Issues Cancelled (DEMO),CGB only,cgb,entries/issues-cancelled-demo/game.gb,3b0d98f3b57332ee8a5439c3fb4050af573dbcd44ff640cd2d696ed6ce0d9df2,1,1,running,running,True
it-came-from-planet-zilog,It Came from Planet Zilog,CGB only,cgb,entries/it-came-from-planet-zilog/pht-pz.gbc,7ba04822fca1384a5eec2689de6e137045a12e10db5cbc4286a1219315cd16ab,1,1,running,running,True
its-about-time,It's About Time,DMG,dmg,entries/its-about-time/game.gb,fe4383a95209912f2fda0c78334c4ad4e827bda75e2ce23e1f65d9fd32aafd14,1,1,running,running,True
jackoatley_gekokujo,Gekokujō,DMG,dmg,entries/jackoatley_gekokujo/files/gekokujo_jam.gb,d06ead96a3e812cf6f4d0bc2c67d546544ce0482efc12358454718e80e5d3c88,1,1,running,running,True
jamboy,JamBoy,DMG,dmg,entries/jamboy/JamBoy.gb,370cba6928df5eae05ec19dc8b3db5e175139c4908b53d7dc14ba09fe1c568c2,1,1,running,running,True
james-bond-demo,James Bond Demo,DMG,dmg,entries/james-bond-demo/James Bond Demo (PD).gb,d89f770118ace6a9e3e7a16f2b12c81ff4cad6a413d8130f92e53ea1f261c068,1,1,running,running,True
jeffzzq_western-road,Western Road [Unfinished],CGB enhanced,cgb,entries/jeffzzq_western-road/files/western_road_jam.gbc,b1e474dbbe9ca00a91bd9cc30a49f512aff6eedb1f8c7b4374513ae9517305af,1,1,running,running,True
jet-pak-dx,Jet Pak DX,CGB enhanced,cgb,entries/jet-pak-dx/jetpakdx.gb,243b0425a4585a4045b64662b47a4ffb45b062f52a18d2947808b7080c068ece,1,1,running,running,True
jet-set-willy-v2-beta-2,Jet Set Willy (V.2 Beta 2,CGB enhanced,cgb,entries/jet-set-willy-v2-beta-2/jsw.gb,86923169f0239ae28ce846e669bc618b424b899dd867bf46cc722434669c348b,1,1,running,running,True
jetpak-dx-gr,Jetpak DX (Greek),CGB enhanced,cgb,entries/jetpak-dx-gr/jetpakdx-gr.gb,b2758ea30466ead2ed249f02b1d1b20742fa5267fe433742624092eb40fc6861,1,0,running,running,True
jetset-willy,JetSet Willy,CGB enhanced,cgb,entries/jetset-willy/jetset-willy.gb,94df450a0cbab6a531bf8f7da7e835090eb2f314176ff47d2367221e72a3108a,1,1,running,running,True
jlim_gbcompo-2025,GBCompo Cargame 2025,DMG,dmg,entries/jlim_gbcompo-2025/files/game.gb,60d2ac8b5b8504d9832c213df107554ca8000153e2a9ef056457030237459f6b,1,1,running,running,True
jls-gameboy-beatem-up,JL's gameboy beat'em up,DMG,dmg,entries/jls-gameboy-beatem-up/game.gb,e2e2522988ba50242fad07fdfe28332166016bc4674f711e9b7032200c891d48,1,1,running,running,True
joaobapt__dungeon-master,Dungeon Master,DMG,dmg,entries/joaobapt__dungeon-master/dungeon-master_jam.gb,3de537500bffe02f6753efba9b1d812886962d969c0e021958e0c69c5164cb2b,1,1,running,running,True
joestrong__monster-within,Monster Within,CGB only,cgb,entries/joestrong__monster-within/monster-within_jam.gbc,b33a9eb81e19d2c4d7bfb13aead5f671fd53c06700e4a285ea068311da8820fb,1,1,running,running,True
jordanly_the-elder-scrolls-travels-morrowind,The Elder Scrolls Travels: Morrowind,CGB only,cgb,entries/jordanly_the-elder-scrolls-travels-morrowind/files/TEST Morrowind 0.6.5.gbc,4bff369546257b77ec6961dbe9e08ecacb077b9bb71841e06ad833e89376e2bb,1,1,running,running,True
joserichi__arrow-rain,Arrow Rain,DMG,dmg,entries/joserichi__arrow-rain/ArrowRain_jam.gb,231b2d6da282c1d18abc0f71f1043c3510dd2c291cb83fe6a4dfe20b0298a26d,1,1,running,running,True
joshua-wise-demo,Joshua Wise's Demo,DMG,dmg,entries/joshua-wise-demo/Joshua Wise's Demo (Quang2000) (PD) [C].gbc,d5671c4bc502fc46d790aaf1ebd23bca0ab725a1acdb89476310db2a8f3080ae,1,1,running,running,True
joypad-test,JOYTST.GB ver .1,DMG,dmg,entries/joypad-test/Joypad_Test.gb,365c8be2d1137c08d07b61dc165c30fe38e724d0ef920e71e202313f93f1fbb4,1,0,running,running,True
jp,JP,DMG,dmg,entries/jp/jp.gb,417fa2e7287fb26f27bc90f51e36c3edb7f5a6745654af870b2cb6fa587bdc8a,1,1,running,running,True
jrp-01-invite,JRP'01 Invite,CGB enhanced,cgb,entries/jrp-01-invite/GINTRO.GBC,f9daee94a871bb151c152556dbfdd9c3bc23e37cbbb6ce5ed0ef53fe8fae130e,1,1,running,running,True
jumpik,Jumpik,CGB enhanced,cgb,entries/jumpik/jumpik-bung-v4-pd-c.gbc,e02255634435fa5c5c1b57dad616fab8bc29a50c6dc683ef1af424e5e0e37348,1,1,running,running,True
jumpman-86,Jumpman '86,CGB only,cgb,entries/jumpman-86/jumpman86.gbc,107f59fb7ea193fc7b57745b0061ed60c5a43303366ecfda9c9ac1100ccaa986,1,1,running,running,True
jurassic-snap-demo,Jurassic Snap (Demo),CGB only,cgb,entries/jurassic-snap-demo/Jurassic_Snap_DEMO_1.1_ESPANOL.gb,e2343fb7ca4d1393189ad00e69318349c1f395640c14af3cfc488c9c23616517,1,1,running,running,True
k32superrocket,K32 Super Rocket,CGB enhanced,cgb,entries/k32superrocket/K32_Super_Rocket_(World)_(Rev4)_(GBCompatible).gbc,78e9b1c971cd23de99411198b22e11a8e503e392581e7c6e39deb629e3c5c7fa,1,1,running,running,True
kabcorp__8bit-sunset,8bit Sunset (GameBoy Music),DMG,dmg,entries/kabcorp__8bit-sunset/8BIT_SUNSET_jam.gb,fd7ddb7f4253748d25407be5efad5e58883ef51e0bda48343d90e89aa35ca156,1,1,running,running,True
kabcorp_dmg-keygen,DMG Keygen (GameBoy Music),DMG,dmg,entries/kabcorp_dmg-keygen/files/DMGKEYGEN_jam.gb,1b51317d492ead875f25879a93f8d41bbb391638629195cb3d2d6fea83e88c4d,1,1,running,running,True
kannonblitz85_gbdoom,GBDoom,DMG,dmg,entries/kannonblitz85_gbdoom/files/GBDoom_jam.gb,e61ce269ceea51ffc5e6ef77b4172039c0a3e61dc485829ef69f7714367e639e,1,1,running,running,True
kasumi-scroller,Kasumi Scroller,DMG,dmg,entries/kasumi-scroller/Kasumi_Scroller.gb,ddc99089daec04d7cf4d7ea14f62d1076bd6f1c9ad016db8b81db61f3a869237,1,0,running,running,True
kenny-and-the-evil-blob,Kenny And The Evil Blob,CGB enhanced,cgb,entries/kenny-and-the-evil-blob/KennyAndTheEvilBlob.gbc,1dcf8c089e2894a1f8bfb99c9de68371167042137f9d7486395f3db8aff14acd,1,1,running,running,True
keystone-capers,Keystone Capers,CGB enhanced,cgb,entries/keystone-capers/keystone-capers.gb,4342d7ad564810be5b2edbba3ce8ebd40588929350fe6832fefb18ce3fa76be5,1,1,running,running,True
khonsu,Khonsu,DMG,dmg,entries/khonsu/Khonsu.gb,f33633d73e237b997f9fcef3dde7fac7db56334a6dfb9b05e7bd7ce52e6c62f3,1,1,running,running,True
kings-korner,King’s Korner,CGB enhanced,cgb,entries/kings-korner/KingsKorner.gbc,7966e04f5559afc8679426f3e21bfde3d01628174821c62ae4804ac506d2a3de,1,1,running,running,True
kirbothedirbo_tickets,Ticket Check!,DMG,dmg,entries/kirbothedirbo_tickets/files/game.gb,150d580681ad4c762c09104ca700dfe6097550fdf6fd83555c8641ef1f7d1c5e,1,1,running,running,True
kirby-xxl,Kirby XXL,DMG,dmg,entries/kirby-xxl/KIRBYXXL.GB,96667d434a76142ed601f43ffb08b705ff424312f77dd3545b353187944f9faa,1,1,running,running,True
kittyn_goodluckbaby,GoodLuck Baby,CGB only,cgb,entries/kittyn_goodluckbaby/files/goodluckbaby_jam.gbc,57ccd998ce679b4b48af10e90b25f7d3c0218af43aaeafa4442bb7d8360efa4a,1,1,running,running,True
kittys-quest,Kittys Quest,CGB only,cgb,entries/kittys-quest/kquest.gbc,130f09110838738e2be9fd96124afa4b7ab2b1714c32abc0d9b4aa05ba777919,1,1,running,running,True
klondike,Klondike,CGB enhanced,cgb,entries/klondike/klondike.gbc,182200c76c53b498c2166f14937690a113fdf64cb1dd3858e6a90133b0f41cd5,1,1,running,running,True
knark,Knark,CGB only,cgb,entries/knark/pht-knrk.GBC,f3e117fda3b284cb98ec97cb343098591b6015ef4fafd58568b4638989b00539,1,1,running,running,True
kolobok-zoom-1,KOLOBOK ZOOM 1,CGB enhanced,cgb,entries/kolobok-zoom-1/KOLOBOK ZOOM 1 (PD) [C].gbc,8fcfa1e626b4edd39b60af972fa2380a611cfc49256a6acdc3e8e4e87b832762,1,1,running,running,True
kolobok-zoom-2,KOLOBOK ZOOM 2,CGB enhanced,cgb,entries/kolobok-zoom-2/KOLOBOK ZOOM 2 (PD) [C].gbc,d2c228d340f72cf644bf8a667245e84903dec373c9502e49f0fa0341ac7539bb,1,1,running,running,True
kristiandvd__tigertale,Tigertale,DMG,dmg,entries/kristiandvd__tigertale/TIGERTALE_NoColor.gb,98a503de0904859e3082051e9296e420a7e1a5f7a42d7226c645ff241962be8f,1,1,running,running,True
kupman,kupman,DMG,dmg,entries/kupman/kupman.gb,649cc7b645953489db004e00221425a4ce3a6f063a635b477b62413132ab4640,1,1,running,running,True
kurolink78__the-children,The Children,DMG,dmg,entries/kurolink78__the-children/game.gb,6b4975ce6484075807d57dac3cb4f85a9f07f6b1bcdd80e0a69cdaebfce496f6,1,1,running,running,True
lab3d,Lab3D,CGB enhanced,cgb,entries/lab3d/Lab3D.gbc,864fc7883ccae9b6a935636a1c6ad3ac5e20fda9df8a9fc34b2d9a2dd373f858,1,1,running,running,True
labirinth,Labirinth,CGB only,cgb,entries/labirinth/Labirinth.gbc,b0a2efc53c9d1770e75cbdbb410e96fdf2bc6ea049249ea269bc1da0f4d92f8a,1,1,running,running,True
labyrinth,Labyrinth,DMG,dmg,entries/labyrinth/Labyrinth.gb,bfa11d4201b6955bd13629fcb6f56d674bc6e12344217b4cd84ad2aa5d0384fc,1,1,running,running,True
lacoste42__bomb-runner-1-2,Bomb Runner 1-2,CGB only,cgb,entries/lacoste42__bomb-runner-1-2/Bomb_Runner_1-2_GBC_(WLS).gbc,c34a5bf651a82dd4e1057100d82e5f9472b2225a0150247d64a7a18347589611,1,1,running,running,True
lacoste42__gnter-the-monster-and-his-friends,GÃ¼nter the monster and his friends,CGB only,cgb,entries/lacoste42__gnter-the-monster-and-his-friends/Günter_the_monster_and_his_friends_GBC_(WLS).gbc,9983cbb5b3e940eaca8fbdaa495d5659dc6ec0ccf4f14cbe7f1244b4e3498375,1,1,running,running,True
lacoste42__mad-monster,Mad Monster,DMG,dmg,entries/lacoste42__mad-monster/Mad_Monster_GB_(WLS).gb,69570a4774f867f576796a13209bec135aca4b39c64de25cd91a8a6e18c4d0f1,1,1,running,running,True
ladeks,Ladeks,DMG,dmg,entries/ladeks/LADEKS.GB,6454ac4ae8e655740fb6778d86aeb7c35821223a1e719133d2cfdeceeaeb8bb4,1,1,running,running,True
lambo-ii,Lambo II,DMG,dmg,entries/lambo-ii/L2.GB,4bbc58789a0aa7fbf7b50b36ccc8f0cad20ab584441db43a7dd074799a13e85d,1,1,running,running,True
lamenth_legally-distinct-archeologist,Legally Distinct Archeologist and the Historically Vague Relic of Inexplicable Importance,CGB only,cgb,entries/lamenth_legally-distinct-archeologist/files/LDA_jam.gbc,42bb0e7fbc3c53ee87e35afa00a26765706a101278fa7ebb27f6fa9c32e9dd74,1,1,running,running,True
landscape,Landscape,DMG,dmg,entries/landscape/Ls.gb,202f077b6db3ea1f14fc669e19e319a1bac846075ede4345063c6d81227b0466,1,1,running,running,True
last-crown,Last Crown Warriors,CGB enhanced,cgb,entries/last-crown/lastcrowndemo.gb,06510228555fb62188819eab34aeeb8a4229712b3ee0a582cefa1c78d98c574e,1,1,running,running,True
lavallure_pocketware,PocketWare,CGB only,cgb,entries/lavallure_pocketware/files/PocketWare_v1_2.gb,b638087fb6bd658d3f80da1a9a726ce0e53e05a8edd62332a4460348b3049667,1,1,running,running,True
lawnboy,Lawnboy,CGB enhanced,cgb,entries/lawnboy/LAWNBOY.GBC,d205ecd174ae36bae1ca2245d659872af8787621117a6527614359d417038b3d,1,1,running,running,True
lazerpong,Lazerpong,DMG,dmg,entries/lazerpong/lazerpong.gb,051215a87577fdf2e609e43a40ae64c089629d68f772a2e7462d1c2d1d85e449,1,1,running,running,True
lazydevs__stardiver,Stardiver,DMG,dmg,entries/lazydevs__stardiver/stardiver.gb,cf50fca853e9cac017723f8999b2e3e198a3f497d84f0055923ffdfcc81bc0d8,1,1,running,running,True
lazydevs_dragonslayer,DRAGONSLAYER,DMG,dmg,entries/lazydevs_dragonslayer/files/dragonslayer.gb,8e38cb9517accd8588e240adc7e4b79aa231b5579a8eeced12080f8d95a57d43,1,1,running,running,True
lcd-game,LCD Game,CGB enhanced,cgb,entries/lcd-game/LCDGame.gbc,b07ac962a4bbc27058790bb58ca810ef1d4ee024e6e777d19687d98cac6db106,0,0,running,running,True
lcp2000,LCP2000,CGB only,cgb,entries/lcp2000/1MB - LCP2000.gbc,1247e55d621cf6c20c48c9ab668cd6fd80d5cd99d6bd1a1a359b31df6a39d4bc,1,1,running,running,True
le-grand-bleu,Le Grand Bleu,CGB enhanced,cgb,entries/le-grand-bleu/lgb.gbc,fd943d90f13689d7ab60c9b77d480ad0919d81a3468caa5f84c968e3c6b4d8a5,0,1,running,running,True
leanart_kuli,[PREVIEW] KULI,CGB enhanced,cgb,entries/leanart_kuli/files/kuli_jam.gbc,b7d22e2b5f7161d164bb2026d0ac7e2862e5660b27dc554fb7728f56d103d225,1,1,running,running,True
leanart_sgb,Still Got the Blues,DMG,dmg,entries/leanart_sgb/files/sgb_jam.gb,2736d9d1614c2fc8113247fbc5e4546eb12bac3352dcd1500cab4067e5e2df8c,1,1,running,running,True
legend-of-doge,Legend of Doge,CGB enhanced,cgb,entries/legend-of-doge/Legend_Of_Doge.gb,c23a6437a110e82f5af454876a9f8eb7f189adf630e509146547ae9a920eb89f,1,1,running,running,True
lemon-player-2-demo,Lemon Player 2 Demo,CGB only,cgb,entries/lemon-player-2-demo/Lemon Player 2 Demo by Lemon Productions (PD) [C].gbc,84285f2ac3d4153ce07daf42fe6cb590a49bb44662b07145af6b8def627af6c1,1,1,running,running,True
lemon-player-demo,Lemon Player Demo,DMG,dmg,entries/lemon-player-demo/Lemon Player Demo by Lemon Productions (PD).gb,484d7db84d9187ca0e94f834961e00060b69b7844cb175498b7e4156ce1905a6,1,1,running,running,True
les-wet_save-maurice-dig,Save Maurice!,DMG,dmg,entries/les-wet_save-maurice-dig/files/SAVEMAURICE_jam.gb,7941bc6daaf3c8395cde814b10ea54a74c46aede1a55528d7be011b2fa48ef55,1,1,running,running,True
less-is-more,Less Is More,CGB enhanced,cgb,entries/less-is-more/AYS-LiM.gb,d704962e10a283bc785306f029d77ee124c67571682e404d934dbc449197715e,1,1,running,running,True
lets-bee-friends,Let's Bee Friends,CGB only,cgb,entries/lets-bee-friends/Lets_Bee_Friends.gb,26eec9d5c14e369166f1c36bfa277ecb1fcaf99edd957239c3de232d12cf8c72,1,1,running,running,True
libbet,Libbet and the Magic Floor,CGB enhanced,cgb,entries/libbet/libbet.gb,079d161bf2bff4f3baec01339b4f6f02ff6f966c69456885a165b97aac11fa12,1,1,running,running,True
life-gb,Conways Game of Life,DMG,dmg,entries/life-gb/life.gb,b739ec5b2bb72b547243680429d776277b0a98fa9994b196a016a378278c694b,1,1,running,running,True
light-boy-game,Light Boy Game (Demo),DMG,dmg,entries/light-boy-game/game.gb,125256a444356d140e68b7df8debb00ddcb04e41e44e58816dc2d63985ea9b91,1,1,running,running,True
lightforce-intro-1,Lightforce Intro 1 (The Emperor's New Groove +4),CGB enhanced,cgb,entries/lightforce-intro-1/lfc1.gbc,ba2671de846b45fc2338d6eccf0f3866ebd2752f7e8642fa2dc135484785b2d5,1,1,running,running,True
lightlytoasteddave_heartsheroes,Hearts and Heroes,CGB only,cgb,entries/lightlytoasteddave_heartsheroes/files/HEARTS&HEROES_jam.gb,2e3e22b6a65590e839811fe62c5c6087920993aa1d33c2ade1e079b8a38150ad,1,1,running,running,True
lillie-chippie__dddddeemon,DDDDDEEMO(N),DMG,dmg,entries/lillie-chippie__dddddeemon/dddddeemon_jam.gb,997a9058cd49c2d8b236dd1fce5c79ce57e92b7170c478c44fa304412c5ca699,1,1,running,running,True
linum-alpha-a01,Linum Alpha a01,DMG,dmg,entries/linum-alpha-a01/Linum_Alpha_a01.gb,759c2ea7dfce0fd0bd97389e5a3439f9763947dc48c134ad4b2cfe03a54be41d,1,1,running,running,True
little-short-demo,Little Short Demo,CGB only,cgb,entries/little-short-demo/lsd.gbc,99d46ca16816db5b0ce0a822c6bd644ed9e85df61f5d4cf63130b75436b04a54,1,1,running,running,True
little-thief,Little Thief,CGB only,cgb,entries/little-thief/LittleTheifRomReseve.gb,13fffada8fe5f3a13eb21c79a0909c618964ebb31f7e8a924b17246007661314,1,1,running,running,True
live-in-8bit,Live in 8bit (Commander Keen),CGB only,cgb,entries/live-in-8bit/eur-i_01.gbc,fca72b96be16faf0689e0a299c4af02908a87331de77d772b5f7fdb432719341,1,1,running,running,True
lmkdots_sheepsplit,Sheep Split,CGB only,cgb,entries/lmkdots_sheepsplit/files/SheepSplit_v1.0_jam.gbc,990619699efaabcdbe139520170110810898e43e9bef650b7373afa5af171e4a,1,1,running,running,True
loderunner,Loderunner,CGB only,cgb,entries/loderunner/loderunner-en.gbc,056def5a6d8dd2006ed99696099dd4cc33073ccf7f1b9209b9e748362456e2f2,1,1,running,running,True
lofi-gb-beats-1,LoFi Chiptune Beats To Relax To Vol 1,DMG,dmg,entries/lofi-gb-beats-1/lofi-chiptune-1.gb,66c0bb3766e286d0e0406da1e3ddaf4637bba9d4dc31c6073792076cf0033b66,1,1,running,running,True
logx,LogX,DMG,dmg,entries/logx/LogX.gb,f65fc3272c69c0efaa7c46927d5830a91ecca7fd6d4a89b90706499cd216ce75,1,1,running,running,True
lonely-house,Lonely House,CGB enhanced,cgb,entries/lonely-house/Lonely_House.gb,6a1f0007764174e5d23d4d9c0cf7045f02742105b2443a1702214da37bc83fd3,1,1,running,running,True
long-boi,LONG BOI,DMG,dmg,entries/long-boi/longboi.gb,749ea7b55c431edbb2bb0e059c1859747655163436ad9e3271108d9a0db82a5b,1,1,running,running,True
loop,Loop,CGB only,cgb,entries/loop/LoOp.gbc,de2f69f1f2afa55718f085f5c0aa89bf40447b57b99438ffc5004d5d0f622c0d,1,1,running,running,True
lost-in-translation,Lost in Translation,DMG,dmg,entries/lost-in-translation/lost-in-translation.gb,943a6acb5629dc0d461409cf867a7d0a85b60d470a056df0caad18efdf7d2acf,1,1,running,running,True
love-replica,Love Replica,CGB only,cgb,entries/love-replica/LoveReplica.GBC,5ee62da703601480289f114c4b80edc36cb68d08d4ffd9d8845073adca2628d6,1,1,running,running,True
love-you-to-death,Love You To Death,CGB only,cgb,entries/love-you-to-death/lytd.gbc,e568beb7e02572afe6fc4aa836bb2b472e16e0b1c50356cae870c5427ce5c9c0,1,1,running,running,True
low-battery,LOW BATTERY,CGB only,cgb,entries/low-battery/game.gb,1133be2e7bb8c73da95a688fc5232ceb1934ba0d0719d842b4951c341043566e,1,1,running,running,True
lsdj,LSDJ,CGB enhanced,cgb,entries/lsdj/lsdj.gb,501e6dfaa942c8c41031465b7721f99327799f84bf37b796b8bf43bdd1b89875,1,1,running,running,True
lucidlyes_sliding-puzzle,Sliding Puzzle,DMG,dmg,entries/lucidlyes_sliding-puzzle/files/Sliding_Puzzle_GB.gb,be05dad50054c10e8d392f6f88fe59624a54a3786e11b09f7ca77be865c59e69,1,1,running,running,True
luigo-scroller,Luigo Scroller,CGB only,cgb,entries/luigo-scroller/Luigo Scroller (PD) [C].gbc,fa282d8ea40f08ec280ba8d798c51c49da2b408c2a2a8c6f63a42898240fe0ec,1,1,running,running,True
lumberjack,Lumberjack,DMG,dmg,entries/lumberjack/ind-lj.gb,5c02806bc79a7d8b96fdaf508af68cd91661fe218b9222ef21bc0e65f9186039,1,1,running,running,True
luna,Luna,CGB only,cgb,entries/luna/MOON.gbc,6d8036946f95d1dfd55bbe864a7a0527c862ac854a2bdefff528da3cdff996b4,1,1,running,running,True
lunar-chase,Lunar Chase,DMG,dmg,entries/lunar-chase/x-tech-demo-1.gb,7d5175bf4d4f99998b73ee240adc1d89c2e1d409009b7c3f5dd496fb314b622c,1,1,running,running,True
m3t4stinger_the-dark-book-and-the-crimson-phylactery-demo,The Dark Book and The Crimson Phylactery - Demo,CGB only,cgb,entries/m3t4stinger_the-dark-book-and-the-crimson-phylactery-demo/files/The Dark Book and The Crimson Phylactery_Jam.gb,1563c9636208bfb5b56feb82deaaf9dbd3ba30eb527cb5f87eb6cd53c33aa463,1,1,running,running,True
macintester,Welcome to Macintester,CGB only,cgb,entries/macintester/Sloopygoop_Welcome_to_Macintest.gb,1bbc5872f223841c7c2e9c965a42aa9d7157306baf9dad86c122dd100afd1381,1,1,running,running,True
madpews-battlegrounds,madpews battlegrounds,DMG,dmg,entries/madpews-battlegrounds/battlegrounds.gb,6aa0bfb4223def21034226ce61550ed1efb64da72a2b41a2f7d702a902ece4f3,1,1,running,running,True
magali-the-wiener,Magali The Wiener,DMG,dmg,entries/magali-the-wiener/magali-the-wiener.gb,cfe08ca23e7e86a2b5dc8153881320668b7a5ff4768136da52b46c132002e82c,1,1,running,running,True
mageofcode_a-hunters-heart-demo,A Hunter's Heart Demo,DMG,dmg,entries/mageofcode_a-hunters-heart-demo/files/A Hunter's Heart_jam.gb,26ddc4114fd4f74b546307ccf026a5bf21f4bb2c196f9284a007ac1efe58aae3,1,1,running,running,True
magic-eye,Magic Eye,CGB enhanced,cgb,entries/magic-eye/Magic Eye (PD) [C].gbc,20e5b89a1afd3e38a9619d3eb323c819372f972e49c547638f216bb6e9a2c441,0,1,running,running,True
magic-screen,Magic Screen,DMG,dmg,entries/magic-screen/Magic Screen (Etch-A-Sketch) (SGB).gb,ee71aa1b7749bea4ca409c0871409ea00dc8a5c42c933ed363cd3d3b5bfb6100,1,1,running,running,True
mainblow,MainBlow,CGB only,cgb,entries/mainblow/Mainblow.gbc,61b2a1e8755ee247586ac534f05f8f4705d2ca2d3898f228493fda353313abd9,1,1,running,running,True
mallard,Sam Mallard – The Case of the Missing Swan,DMG,dmg,entries/mallard/mallard.gb,e10b0b84ed423f56db58bec3cf1be81cec88f86e13446655af92764237cbfa85,1,1,running,running,True
marcbla-3d-demo,Marcbla 3D Demo,CGB enhanced,cgb,entries/marcbla-3d-demo/Marcbla 3D Demo (PD) [C].gbc,186cebdc536b75d2121c977945b82c06647232bc06903c70aed5b36c601cf244,1,1,running,running,True
maresia,MARESIA,DMG,dmg,entries/maresia/Maresia_v1.1_en-ptbr.gb,7b8832673bdce6af8b4a8aedd50d51351cbf314219f5aeb1ac24e4f86f8ade92,1,1,running,running,True
mario-bros-demo-02,Mario Bros Demo 0.2,CGB enhanced,cgb,entries/mario-bros-demo-02/mario.gb,8d06d260be42aaff214cc40d3dc0e9de27fa10ae1391c3b1a898c093e148ce24,1,1,running,running,True
mario-clone,Mario Clone,CGB enhanced,cgb,entries/mario-clone/mario.gbc,7393c1725008dac4c6982ac654c097220909efa6469a4fbe96d2cf52cad7390b,1,1,running,running,True
mario-walk,Mario Walk,CGB enhanced,cgb,entries/mario-walk/walk.gb,550c5e55c6d498a3f7995d5ae405fc5e293ec446c3fbb8bbf7822e65ce670512,1,1,running,running,True
marla-and-the-elemental-rings-demo,Marla and the Elemental Rings DEMO,CGB only,cgb,entries/marla-and-the-elemental-rings-demo/Marla_and_the_Elemental_Rings.gbc,656c8fb20b3416d675441c756fa654dc9a23bdfcd75739d76a4f4f9e10caa334,1,1,running,running,True
mashinn__little-dungeon-renovator,Little Dungeon Renovator,CGB only,cgb,entries/mashinn__little-dungeon-renovator/Little_Dungeon_Renovator1.0_JAM.gb,aff5baf42ddc008e6ec30ae0157937d58ef54b6c5ea34d3afc378526f2beaf48,1,1,running,running,True
master-your-multiplication,Master Your Multiplication,DMG,dmg,entries/master-your-multiplication/MasterYourMultiplication.gb,f49eb26bcb0dbc7d3e42bc799f73a9d438a5d23dc06f624027cdffd196c16e26,1,1,running,running,True
mastermind,Mastermind,DMG,dmg,entries/mastermind/mastermind plus.gb,e7678aee13300db1101b6f9bc33952bfaa4c3d662c0d39afa40e8a613096ff98,1,1,running,running,True
mateusdigital_el-jamon-volador,El Jamon Volador,DMG,dmg,entries/mateusdigital_el-jamon-volador/files/el-jamon-volador_1.2.1.gb,c2868703b46215ca13fec107a02875dab04e0ee639515fb116a48d07d34e5a15,1,1,running,running,True
math-drill-20,Math Drill 20,CGB enhanced,cgb,entries/math-drill-20/MathDrill20.gb,73169fa70330792f55a4ff48b3dab2b8cc9775bb4f4c8cf2e974f7abad265dfb,1,1,running,running,True
max,Max,CGB enhanced,cgb,entries/max/game.gb,fe3ba445e8891d3b76e9473ab75995a687b3aa8f54302183758dd180373a99a5,1,1,running,running,True
maxpirate,Max Pirate,DMG,dmg,entries/maxpirate/maxpirate.gb,ade748a976cc87d382cf538daf441a3545c324c81d5fcda1f89ec0511b227d7a,1,1,running,running,True
maxpirateeb,Max Pirate Extra Boom,DMG,dmg,entries/maxpirateeb/maxpirateeb.gb,11320e82aea34d56c3b8b5cabd3c15122ff0bbb281ec397d39b3f80a0bda688c,1,1,running,running,True
maze-rage,Maze Rage GB,DMG,dmg,entries/maze-rage/maze_game.gb,ec849e222eeeda5afb592e4b2d12c3a48d11c61a8906e55a7bf3857fd896022a,1,1,running,running,True
maze-runner,Maze Runner,CGB enhanced,cgb,entries/maze-runner/MAZERUN.GBC,9150e39e4aa7af9e4a52000565e3422cc006d1579793fcb18feaa9dabaa9a0dc,1,1,running,running,True
maze-runner-atari-style,Maze Runner - Atari-Style Version,CGB enhanced,cgb,entries/maze-runner-atari-style/Maze Runner - Atari-Style Version (Quang2000) (PD) [C].gbc,7e9ceab00333f4f3d75b1092f10cd9da572cd7c44b61a852f05d0f2a5f9f9355,1,1,running,running,True
mazezam,MazezaM,CGB enhanced,cgb,entries/mazezam/MazezaM.gb,301bc50f43c3e0d81c117260b375bfc479830ea231aca741e4afb5337479910b,1,1,running,running,True
mean-mr-mustard,Mean Mr. Mustard,CGB enhanced,cgb,entries/mean-mr-mustard/mean-mr-mustard-lik-sang-pd-c.gb,b9c8bdcf23257375cc5c7f37f3d3e6155224802232190559af71a255271a9db8,1,1,running,running,True
megamania,Megamania,DMG,dmg,entries/megamania/SHIP.GB,d01493221dfed857dc7daee2fb78dc0cbfe435dd0697f57e3917191b6ba50af4,1,1,running,running,True
meganime,MegAnime,DMG,dmg,entries/meganime/MEGANIME.GB,514e7cfb67d538c8c5e29539c43bb2ad718ba4563e9dd162cd9ea95696e779e9,1,1,running,running,True
mental-respirator,Mental Respirator,CGB only,cgb,entries/mental-respirator/pht-mr.gbc,b4dbe171142d06e802c5b9ed54879d68254c736b58314fccf401aaf75498b0df,1,1,running,running,True
menu-1-capital,Menu #1 (Pocket Bomberman +5),CGB only,cgb,entries/menu-1-capital/cpl-t_01.gbc,0c5223c4f17d1f07cd2b8bfcc3a24a8e26487d7b344f1726e9f10bc7d604a3d3,1,1,running,running,True
menu-1-high-society,Menu #1 (Mr. Nutz),CGB only,cgb,entries/menu-1-high-society/hs-t_01.gbc,66374b7fd80f66b801ec5e13620050c388ba298580f19e03513353271703083e,1,1,running,running,True
menu-1-quartex,Menu #1 (Zoboomafoo +2),CGB enhanced,cgb,entries/menu-1-quartex/qtx-t_01.gbc,97fd6fc64c171bf6e7ca626e6d862834348cd373f81acee53df1db27281ec2d5,1,1,running,running,True
menu-1-resistan,Menu #1 (Donald Duck M5 +3),CGB enhanced,cgb,entries/menu-1-resistan/rse-t_01.gbc,3e14ef2e83f8a8ac11bda5a89e529bc14af2ea6c6acd6f1f9aaf6f8b7d11a152,1,1,running,running,True
menu-1-tristar,Menu #1 (Bomberman Max Red +4),CGB enhanced,cgb,entries/menu-1-tristar/trsi-t_1.gbc,47679deb10431a884a7b4df90f481b05126672c3ca7d823100a64dc101f1038b,1,1,running,running,True
menu-1-utopia,Menu #1 (Wings of Fury +2),CGB enhanced,cgb,entries/menu-1-utopia/utp-t_01.gbc,ddcd02b8092a60d0f0fc82722ed2e8991cd7beca1cc83aa52bb13abe78d7eb42,1,1,running,running,True
menu-1-venom,Menu #1 (VIP +5),CGB only,cgb,entries/menu-1-venom/v-t_01.gbc,1167dd25883cdfdc3e72bff08fd8b863576e43ddc9dcb98da646185f0d7b8bd4,1,1,running,running,True
menu-1-zizero,Menu #1 (Montezuma's Return +6),CGB only,cgb,entries/menu-1-zizero/zz-t_01.gbc,a0c9469f798ac8312dd50fb7c703f09967e9668a3c7716e70db5afcd06a7ffb0,1,1,running,running,True
menu-2-capital,Menu #2 (Lucky Luke: Desperado Train +6),CGB only,cgb,entries/menu-2-capital/cpl-t_02.gbc,f6081f3feba069951266ddf531c1b5c8a9f31a2abc95c120b8dd1df4fe3e235f,1,1,running,running,True
menu-2-resistance,Menu #2 (The Jungle Book: Mowgli's Wild Adventure +3),CGB enhanced,cgb,entries/menu-2-resistance/rse-t_02.gbc,e6cae938837688ded426ae9e8bc6291bbeb365b766f18e2fe8bcbefff32527ef,1,1,running,running,True
menu-2-utopia,Menu #2 (Tonka Raceway +6),CGB enhanced,cgb,entries/menu-2-utopia/utp-t_02.gbc,bf1b4ba90ef72ef67fd73de0ec79ae77bcd05faacfb27eeddc6833101679abb8,1,1,running,running,True
menu-3-capital,Menu #3 (Fix + Foxi: Ludo +3),CGB only,cgb,entries/menu-3-capital/cpl-t_03.gbc,30658b8de6bcbf921aa4371e7fbe9b56bd2d6382c0ff1e64bab4384de12b515c,1,1,running,running,True
menu-3-resistance,Menu #3 (Nascar Racers +5),CGB enhanced,cgb,entries/menu-3-resistance/rse-t_03.gbc,6a5ab16fd9475ab81abdbfa15b0f54d91b172f31a2e70797749b5de242688b22,1,1,running,running,True
menu-3-utopia,Menu #3 (Donkey Kong GB +1),CGB only,cgb,entries/menu-3-utopia/UTP-T_03.GBC,88e37ae541fcca2315f040c47048d035ce987ce54de021a40244f3ec42de5a08,1,1,running,running,True
menu-4-capital,Menu #4 (Painter +6),CGB only,cgb,entries/menu-4-capital/cpl-t_04.gbc,dcb0dc916e88e64efde134ef71a58fad93e8bbe48eeb8a5661f8c88ccde7677a,1,1,running,running,True
menu-4-resistance,Menu #4 (Elevator Action DX +5),CGB enhanced,cgb,entries/menu-4-resistance/rse-t_04.gbc,807466456728223fdc3ea733d3ec17185c8b3c8270043a174e056645170616cf,1,1,running,running,True
menu-5-capital,Menu #5 (Speedy Gonzales: Aztec Adventure +5),CGB enhanced,cgb,entries/menu-5-capital/CPL-T_05.GBC,c7d1d434c7d2e4ab34922887c8efa54f9dca0239bc4e09b537bb0b52000ee8ca,1,1,running,running,True
menu-5-resistance,Menu #5 (Test Menu v1.2+5),CGB only,cgb,entries/menu-5-resistance/rse-t_05.gbc,ddc01787668558bdb716c5fba0975757bd810a3b63bbaae72c249444597eec62,1,1,running,running,True
menu-6-capital,Menu #6 (Papyrus +3),CGB only,cgb,entries/menu-6-capital/CPL-T_06.GBC,6f63523a4305e444146cfd592ea92e6e9835917b926155ed657f5f43245c1409,1,1,running,running,True
merken,MERKÉN,DMG,dmg,entries/merken/merken.gb,de49e92de6a7732b8d8b693dcc525f67e95b83d7336aade607b4474a7d614cee,1,1,running,running,True
merry-christmas,Merry Christmas,DMG,dmg,entries/merry-christmas/MerryXMAS.gb,422f18ff97a1762c958596cabc472c055b33c244edd7e8d8063b1f8b78c6e0cd,1,1,running,running,True
merry-christmas-sack,Merry Christmas,CGB enhanced,cgb,entries/merry-christmas-sack/xmas.gb,55fff3e952f8128102ea61eb8ed8b14b51400aa8fffd23d187df5ebc1a59bcff,1,1,running,running,True
messiahm_civ-gb,Civ GB,CGB only,cgb,entries/messiahm_civ-gb/files/CivGB Demo.gbc,caf166ae1a6f9214aa79eb936484f12bdd447a5311c143db7421dba64f96bfb7,1,1,running,running,True
mgb,mGB,CGB enhanced,cgb,entries/mgb/mgb.gb,f1404637569a01481e3569bbb12fb55eb18bb426da9390611bc9f7bdc6d0563a,1,1,running,running,True
mhgb,MHGB,CGB enhanced,cgb,entries/mhgb/MHGB_Demo_V1.gb,d2428827b03f46b9266a787fe4beea87ae700fd0136ed6cbdda5f73736307658,1,1,running,running,True
micro-friendly,Micro Friendly,DMG,dmg,entries/micro-friendly/game.gb,cdadadf8964181bd04f692f9ec779101249cd7018855e0c04fc116b1a441acec,1,1,running,running,True
midnight-intruder,Midnight Intruder,CGB only,cgb,entries/midnight-intruder/midnight_intruder.gb,e788a11dcdad8b0a34ee82981f260c45ba05abc150af4fef2a402bfd25f2540a,1,1,running,running,True
midterm-moments,Midterm Moments,CGB only,cgb,entries/midterm-moments/MidtermMoments.gb,ec8eadb604faae7692f0008fa1b7f3769035c32ddc226b070d92f1b2ae19ba40,1,1,running,running,True
miku-miku-walking,Miku Miku Walking ver.00,DMG,dmg,entries/miku-miku-walking/miku_miku_walking00.gb,32a807fce8a7a5deb3f468c95f33aa26f1bf5c7aedd1608a593eab240ed82301,1,1,running,running,True
mindbleach__slayer-the-hawk,Slayer the Hawk,DMG,dmg,entries/mindbleach__slayer-the-hawk/Slayer_the_Hawk_final_compo_jam.gb,efe74e73f3e39ab70a74e669b4ab40a1e635db8d36cb9f64971028d36835f146,1,1,running,running,True
mines-gbc,Mines,CGB enhanced,cgb,entries/mines-gbc/Mines.gbc,c823cf9e471d69d25ded5dcb78d43080a471d3c4bb747b38198aef93690021f7,1,1,running,running,True
mineshweeper,Mineshweeper,CGB only,cgb,entries/mineshweeper/minewin.gbc,582b0e3d7fbe7ae8943ad0f3ae2b4dcd0e82aede6ce66b8f2cbaf08899111db7,1,1,running,running,True
minesweeper,Minesweeper,DMG,dmg,entries/minesweeper/Minesweeper.gb,5ae1c0cd64952d0636c131930f8a167dcdf434741fb48eae2336d0df4b164241,1,1,running,running,True
mini-molly,Mini Molly,CGB only,cgb,entries/mini-molly/game.gb,773552b924089fee9cec05f272fd6eb75167cd55687d8203090e86948b9c65dc,1,1,running,running,True
missingnostudio_a-glitch-in-slime,a Glitch in Slime,CGB only,cgb,entries/missingnostudio_a-glitch-in-slime/files/GameDemoAGIS.gb,8e58bb4f95f15a31f92f456ade96e87749f32a008a35575d19391fdb723a923a,1,1,running,running,True
mona,Mona and the Witch's Hat,DMG,dmg,entries/mona/Mona_And_The_Witch_Hat.gb,0a6b282afd737bb270aaf2ea5567986cafeb27f96556fa08ad1af41d1fe0a100,1,1,running,running,True
monkey-cowboys-extreme,Monkey Cowboys Extreme,DMG,dmg,entries/monkey-cowboys-extreme/jml-mce.gb,9d82ca03e970247e0a99126aaf54674d5dfecf9eed248f4a0597ee2c23bd0dbc,1,1,running,running,True
monster-egg-demo,Monster Egg,DMG,dmg,entries/monster-egg-demo/monsteregg_demo_v0.1.gb,a065832152a9ce64a12669ba8aa9d9cab6c13fd4a0ffce1272d0cd5462529e69,1,1,running,running,True
moon-fighter,Moon Fighter,CGB only,cgb,entries/moon-fighter/moon.gbc,5178d11d148f3d69898c54b2bd8d553b88ce4feb651a5b07d1135e13ae7cf611,1,1,running,running,True
mousetrap,Mousetrap,CGB enhanced,cgb,entries/mousetrap/mousetrap.gbc,840bfc5a76124fdb21c53271e952e4fcd194dd9fd3b4497c61a45edff4364f08,1,1,running,running,True
mplay-demos,MPlay Demos,CGB enhanced,cgb,entries/mplay-demos/MPLAY205.GB,9fba09d5619ec07cdbd2bd5f0556992f16709e4d89b304663135099913116f49,1,1,static,static,True
mplay2-demo-showroom-music,Mplay2 Demo: Showroom Music,CGB enhanced,cgb,entries/mplay2-demo-showroom-music/mplay2demo---showroom-music-pd-c.gbc,745e4fd2573848236218e18df5d11ba9e840f63fcf9f9ad7812c49f59bdfef94,1,1,running,running,True
mrex3c98_gb-tile-editor,GB Tile Editor,DMG,dmg,entries/mrex3c98_gb-tile-editor/files/gte.gb,81ad1e2445058950735c0912d5197f2805b9a26c110eee6e00076725d3331294,1,1,running,running,True
mrpapshmir__enceladus,Enceladus - GBCompo2023 Version,CGB only,cgb,entries/mrpapshmir__enceladus/ENCELADUS_V3_jam.gbc,04464515c1fe940361c07d9a42347e09ffea7db6200728f022b0c6e76f751dd3,1,1,running,running,True
mrpapshmir_abyss-gbcompo2025,Abyss - GBCompo2025,DMG,dmg,entries/mrpapshmir_abyss-gbcompo2025/files/Abyss_jam.gb,d350e7e064e72652f5971b8633bfecc85c1eddc440375dd8272327e4b0c6e73d,1,1,running,running,True
ms-hazels-flower-garden,Ms. Hazel's Flower Garden,CGB only,cgb,entries/ms-hazels-flower-garden/Ms_Hazels_Flower_Garden.gb,d5f4bf3e49b0133ee67dfc71ca99c6f558b4f4237894230f3bd18c82c171b730,1,1,running,running,True
muddy-gb,Muddy GB,DMG,dmg,entries/muddy-gb/muddy-gb.gb,c965b49d25a4c187a75a3f03fb6c4e5d9b3f19b80e424037235cf00d7a61177d,1,1,running,running,True
multi-puzzle,Multi Puzzle,DMG,dmg,entries/multi-puzzle/Multi Puzzle (PD).gb,595e177e4769424a95a95b8fc6a19e715ffa8ef081722925e659466388a47283,1,1,running,running,True
murdera,Murdera,DMG,dmg,entries/murdera/mc-mrder.gb,4ad6c96b524f671162bbbd7de5fb9c910f2c5abe0d2f100220656edfa50a7046,1,1,running,running,True
music-box-bb,Music Box,CGB enhanced,cgb,entries/music-box-bb/musicbox.gb,17492153c94ab240512cebc295255d8b9990ca8ff6877837b2aeef3a88ff2f47,1,1,running,running,True
music-mod-gb-test,Music Mod GB Test,DMG,dmg,entries/music-mod-gb-test/Music Mod GameBoy Test (GB).gb,62af1bc50d97672737283589cb03bbab138beecc90421d99376126ef9f8616c0,1,1,running,running,True
music-tech-v1-free-version,Music Tech V1 Free Version,DMG,dmg,entries/music-tech-v1-free-version/music-tech-v1-free-version.gb,40b91e8e03606536c1eba549785bca1d66a3042ee9f336e5136af5ff5f3bd326,1,1,running,running,True
music-tech-v2-free-version,Music Tech V2 Free Version,DMG,dmg,entries/music-tech-v2-free-version/music-tech-v2-free-version.gb,42bf9f42be232e388df803520f32610dc25843663a92e6e44b717275f80b5291,1,1,running,running,True
musical-notes,Musical Notes,CGB only,cgb,entries/musical-notes/game.gb,97533f553fe8ec7f75b4cde9a4e1f7887ecead752765e16b1ad9cc1f259c2c02,1,1,running,running,True
my-friendly-little-island,My Friendly Little Island,CGB only,cgb,entries/my-friendly-little-island/My-Friendly-Little-Island.gb,d2b7b2faca97beede3d153f652ba61c1fde59fc5fcfa46bb9561f8b5806dd87d,1,1,running,running,True
my-gb-is-your-gb-and-your-gb-is-my-gb,My GB is your GB and your GB is my GB,CGB only,cgb,entries/my-gb-is-your-gb-and-your-gb-is-my-gb/mygb.gb,361a5933ef87e59c89aa32ce76edda307bc7e2cada0ee21ae4a57f39f805f965,1,1,running,running,True
my-saturday-grounded,My Saturday Grounded,CGB only,cgb,entries/my-saturday-grounded/satgrnd_v1.gb,0ce3b45353d9b515f6f406a85564da0e3fe7bde769c9c8dd87bf2f10a0752155,1,1,running,running,True
mygame,Mygame,CGB enhanced,cgb,entries/mygame/Mygame.gb,88df1c615ad8da976d09b292273f36c77a6a128dc02948a416885164cd24f2bd,1,1,running,running,True
nahu64_ninja-castle,Ninja Castle,CGB only,cgb,entries/nahu64_ninja-castle/files/NINJACASTLE_jam.gb,c3f8855ace2a4923bba5f7b3f410ab7454f4784423f8cbf0152dd111467ac135,1,1,running,running,True
nam-attack,Nam Attack,CGB enhanced,cgb,entries/nam-attack/Nam Attack (PD) [C].gbc,eec15875a5bc812958229e82e25f189408e9683f5a2f7cb70c4ed6143a417ab4,1,1,running,running,True
nan0b0mba,NAN0B0MBA,DMG,dmg,entries/nan0b0mba/nan0b0mba.gb,2f21e5d6c31edfb57aec41bf3243f9e1e4f902ac26fe0607c71b26e92e61cf6c,1,1,running,running,True
nan0fr0ggr,NAN0FR0GGR,DMG,dmg,entries/nan0fr0ggr/nan0fr0ggr.gb,0c076319cb1b90dbcfa64eb375ad02460622f582db53625ab5b5f8cb2c6fe4d8,1,1,running,running,True
nan0w0rm,NAN0W0RM,DMG,dmg,entries/nan0w0rm/nan0w0rm.gb,6cbf9b37635896644b68c670976a1d460ac3a5cef3fc7651f066f9e66296bc63,1,1,running,running,True
nanoloop,Nanoloop,DMG,dmg,entries/nanoloop/nanoloop.gb,98e6d73e50a67a242e2d36764767fb62fbdce902e1cba1c58566c519cb356186,1,1,running,running,True
nanosynth,nanosynth,DMG,dmg,entries/nanosynth/nanosynth.gb,f2539f65d96f13ab6cd7f15fa861abeeb7e427493d9342b6cbfda14f88fec032,1,1,running,running,True
nanovoice,nanovoice,DMG,dmg,entries/nanovoice/nanovoice.gb,309dd90394661f64890eb8633edaf1a34c7fb27135ca9f0028c90500fc9be1eb,1,1,running,running,True
nario-bbs-demo,BBS Demo,DMG,dmg,entries/nario-bbs-demo/BBS Demo (Quang2000) (PD).gb,2f01760ac5cdb63ea13da8eb2b7371abe5476eeff7fb57d1f590996b3ef499a1,1,1,running,running,True
neo-racer,Neo-Racer,CGB enhanced,cgb,entries/neo-racer/Neo-Racer (Quang2000) (PD) [C].gbc,f098efdcfd15c7c57f5a37e30915944da55297573309c41f64a498779d6d76cc,1,1,running,running,True
nerdrix,Nerdrix,DMG,dmg,entries/nerdrix/nerdrix.gb,2d3c3f7dc7a6e9d16e27e20499fc7da2921fdf2437c6cd47ece16d9893db515a,1,1,running,running,True
nervous,Nervous,CGB enhanced,cgb,entries/nervous/NERVOUS.GB,0e10866976d2a7d07cb5af69ac21535fe03314b5cfb44281a394ef581c45d839,1,1,running,running,True
nicholasbm_the-green-knight,The Green Knight,CGB only,cgb,entries/nicholasbm_the-green-knight/files/The-Green-Knight-v2.2.gb,66c8cc1b274bb8cb1fb09229a86cff715ea90c2d4e17ca95ddb8b80d479d59ef,1,1,running,running,True
nightmode,Nightmode,CGB only,cgb,entries/nightmode/nightmode.gb,388f5f4c4279cd71bf6c6691f03d9b5cf0615bdff9bef5a7843e1dcc86de984f,1,1,running,running,True
nikku4211__7heaven,7heaven,CGB enhanced,cgb,entries/nikku4211__7heaven/7HEAVEN_jam.gb,2afb448affe9a4b6de1b34c2b9e6ffd06e5ddbde42387f9a2057eb0cfc5bd38b,1,1,running,running,True
nilltronic_bubblewrap-rom-for-game-boy-color,Bubblewrap Rom for Game Boy Color,CGB only,cgb,entries/nilltronic_bubblewrap-rom-for-game-boy-color/files/Bubblewrap 4.2 JAM.gbc,661dfbac3293fbd70c4fff6cd1ba3ff3f6ab64e90cf51b8345411e2a6af49c30,1,1,running,running,True
nilltronic_squarenose-one-shot,Squarenose ( One Shot ),CGB only,cgb,entries/nilltronic_squarenose-one-shot/files/SquarenoseJam.gb,491d1f0cbe64e819e509ccad447506b57821d32f9deb19a3b54ddb4d1b1f263b,1,1,running,running,True
ninety,Ninety,CGB enhanced,cgb,entries/ninety/NINETY.GBC,000211926c1613583c99ecc0b48b48eebef4e9b2b27160a8b57d2d85c2abdae0,1,1,running,running,True
ningami,Ningami,DMG,dmg,entries/ningami/Ningami.gb,04a240f80c659028fd3cd2dbe187d3c6a79a2861c54d55b756dec95d20822881,1,1,running,running,True
noah-demo,Noah 1.5,DMG,dmg,entries/noah-demo/Noah_1_5_2_by_Sloopygoop.gb,6f03bac63933c0eff60c4c4aa4baeb88aa732301c1d74b1480e579eb11cdd924,1,1,running,running,True
nobody-the-story-of-nothing-demo-version-02,Nobody: The Story of Nothing (Demo Version 0.2),DMG,dmg,entries/nobody-the-story-of-nothing-demo-version-02/nobodydemo.gb,56c2cae1680698cd060fddd123cd460ee81224900397ebd5d89580278fa5c684,1,1,running,running,True
nomoreapples__bebok,Bebok,CGB only,cgb,entries/nomoreapples__bebok/bebok_jam.gb,0cc5ff0aae004dc5071157bbdbff873fcedd03e6ee64b516e3ae3cff7e27b95a,1,1,running,running,True
nosuchthing,No Such Thing as Nintendo,DMG,dmg,entries/nosuchthing/nosuchthing.gb,762954b37988cccdc280371099c47b7c9a4f0dff942fb81c8d74b6ad9c3b3aa6,1,1,static,static,True
novascape,Novascape,DMG,dmg,entries/novascape/novascap.gb,b9c28847248cb04df0bb03bf2a80a5291a5abc048a50b9827b66d3e2a9611ac9,1,1,running,running,True
novasquirrel_conways-life-for-game-boy,Conway's Life for Game Boy,CGB enhanced,cgb,entries/novasquirrel_conways-life-for-game-boy/files/life.gb,738dd0fcc33662a02dd4e58672faf7ae1592f05ac5b36fdf275ffdce66ba513c,1,1,running,running,True
nuku7,Nuku7,DMG,dmg,entries/nuku7/NUKU7.GB,794649490f0f3d14891aea041361db3ed6947c9e5ac4d9b9004756e09d929903,1,1,running,running,True
numeris-oct,Numeris OCT,DMG,dmg,entries/numeris-oct/game.gb,79fc94f3a28878b0ad920bebe044fb0e5c195a623edf1e1bffd96ee96085a856,1,1,running,running,True
nyancat,NyanCat,DMG,dmg,entries/nyancat/nyan.gb,aa64ca000774b6613c962b5bb1267016ddbc5b98a70b7958ef0fb1ea2b8e47e8,1,1,running,running,True
nyktv__tv-chans-great-escape-gb,TV-Chan's Great Escape!: GB,CGB only,cgb,entries/nyktv__tv-chans-great-escape-gb/TVchanGB_Jam.gb,194fcb60dbc1f0a34a948f42cb85b4f202ba4fad2a05034e438803ffe8ee798a,1,1,running,running,True
obgbtc,On-Board GB Tile Creator v1.1,CGB enhanced,cgb,entries/obgbtc/OBGBTC (Tile Creator) (PD) [C].gbc,0b0f5978d311e0d3158b40a3109510dd4bb206176a7c1299dcb90abf1c21dd4c,1,1,running,running,True
office-combat,Office Combat,CGB only,cgb,entries/office-combat/OfficeCombat.gb,e658744a848dc3f46822e8b36c3873dee43442d604d1259136607b04bbb48227,1,1,running,running,True
oh,Oh!,DMG,dmg,entries/oh/oh.gb,7b58248d68c4c9bc257f84bdcbdf8712cb3bd6c1fdf04073c4d0b2b5e5f108b1,1,1,running,running,True
oldskool-intro,Oldskool Intro,CGB enhanced,cgb,entries/oldskool-intro/intro.gb,0657e0ac4c4869774642ef4eac9863267a3c4621d4e0fcc35d39cf688ec8f87d,1,1,running,running,True
one-bit-paint,One Bit Paint,DMG,dmg,entries/one-bit-paint/onebitpaint.gb,cfc3b7fd45de36aacb57e2f236bc7a344794c61b20540a0c822fb727186cb7f7,1,1,running,running,True
one-day,One Day,CGB only,cgb,entries/one-day/game.gb,ede8eee0942022a595641afeb8628989d11c53231d0d43febc5bf9d9c3f4be1e,1,1,running,running,True
one-giant-mooo,One Giant Mooo (Prince Naseem Boxing),CGB only,cgb,entries/one-giant-mooo/cpl-i_05.gbc,60cdead3f7399ae843eb90b10200ddda07a99ed4d063e5bff12dd064b58a4634,1,1,running,running,True
one-hit-kill-screen,One Hit Kill Screen,DMG,dmg,entries/one-hit-kill-screen/one-hit-kill-screen.gb,03a6b30d125023be77dd3b90fc5023ffc46efac923c4c72a8e61088cbf198fc1,1,1,running,running,True
onputor,Onputor,DMG,dmg,entries/onputor/onputor.gb,607e55ad1b0305752297328159fa376ea517bfad0535fe9b48b9497c77be06a7,1,1,running,running,True
oranges,Oranges,DMG,dmg,entries/oranges/oranges52.gb,732457856efb99dba74dc42e47c603fe7998eaf1a244c907d5ce1949c9713167,1,1,running,running,True
orb-catcher,Orb Catcher,DMG,dmg,entries/orb-catcher/orb-catcher.gb,d1a86ef49716d19f03e1f07cacde001723105c342efdf8d0f762502a2907a92c,1,1,running,running,True
orbistertius__petrophobia,Petrophobia,CGB only,cgb,entries/orbistertius__petrophobia/petrophobia_jam.gb,da84a2853e6c5679ac8a1f405b6d853528a5b1dac2336bf22129f16473e35a7c,1,1,running,running,True
orlando64__imperium-strike-force,Imperium Strike Force (demo),CGB only,cgb,entries/orlando64__imperium-strike-force/ImperiumStrikeForce_jam.gbc,b682d721feea84b5a42a462f1f9afcd847988f6b151b4e4b82a8e2064d9518de,1,1,running,running,True
os-diz11,DiZ GameBoy Disassembler Demo,DMG,dmg,entries/os-diz11/test.gb,3799497a8a678b08ef3c304ee3c265015e24320a149566e89e877e3e66b9f43b,1,1,static,static,True
oshf_tomato-do,Tomato-do,DMG,dmg,entries/oshf_tomato-do/files/TOMATO-DO_jam.gb,d6b95f22dbde88c64b2408797e00579111354fdceaa6477a2abe1ba1d9427163,1,1,running,running,True
oyoyo,Oyoyo,CGB only,cgb,entries/oyoyo/Oyoyo.gbc,95ce15f3ff8e0533340646e7e79a27e0be6f97598dcaef0fb6b0980de3ee5dda,1,1,running,running,True
packri-monster,Packri Monster,DMG,dmg,entries/packri-monster/Packri_Monster.gb,387e7ff5e6dfddb340d04af5f6cc55e4bec80d7af94998b0e35b37e561dd91c4,1,1,running,running,True
pacman,Pacman,CGB enhanced,cgb,entries/pacman/pacman.gbc,a0570bc36f797d6ef370e28e4289184f2954db7d0358e99623d312f4865c0b30,1,1,running,running,True
paddle-mission,Paddle Mission,DMG,dmg,entries/paddle-mission/PaddleMission.gb,d286fe4d13ac4d757d0891559fbfd0e071e0e702297eb0539d5106bb71778cad,1,1,running,running,True
pak-man,Pak Man,CGB only,cgb,entries/pak-man/pak-man.gb,cf8a3ca5ac4b926aff49cb7069c2376c09b6373f60a8b02244612e74628f4ff8,1,1,running,running,True
pakman,Pakman,CGB only,cgb,entries/pakman/Pakman.gbc,b952e761ac09dd855d87efff6c13f0c935dba0842e2356cc8f7fa7676721878f,1,1,running,running,True
pakus,Pakus,CGB only,cgb,entries/pakus/PAKUS.GBC,3a4a339286abede3d06482e95cb667c812821743cf4ba98d130fe777299c20ec,1,1,running,running,True
paragon5-music-cart,Paragon5 Album,CGB enhanced,cgb,entries/paragon5-music-cart/P5_ALBUM.GB,d1a5c3a0afec7ee9c3d2da7986fe8edf55ddad8bc715be7475e517bf955389e9,1,1,running,running,True
parallax-starfield,175-sprite Parallax Starfield,CGB only,cgb,entries/parallax-starfield/Stars.gb,2e2bcafdd032cefe359792adc234366e13bae54b264c932e31d3f18a086345f7,1,1,running,running,True
patmorita__hermano-game-boy,Hermano (Game Boy),DMG,dmg,entries/patmorita__hermano-game-boy/Hermano_1.1_jam.gb,e72ddeb6941831ce80f67ed73271ed447cd38bf8a046075f8d3429fab14116e4,1,1,running,running,True
patrician,Patrician,CGB only,cgb,entries/patrician/Patrician.gbc,0ace2513478cf9139cc43dfc9da4e9f106d656d6704b2ad9da574a74f83ceec1,1,1,running,running,True
pattern-demo,Pattern Demo,CGB enhanced,cgb,entries/pattern-demo/Pattern Demo (PD) [C].gbc,b5e6ef8085912bc3bda5abcfc84f0962f47e8ac24376720ca29c9403e69cf5de,1,1,running,running,True
pazeek,PaZeek,CGB enhanced,cgb,entries/pazeek/skyrank-games---pazeek-6-9-01.gb,827675b3c8d42613b163480e6a9810bf046903186eec189e2969d45a00df2f7e,1,1,running,running,True
pdromscom-relaunch-intro-2002,Pdroms.com Relaunch Intro 2002,CGB only,cgb,entries/pdromscom-relaunch-intro-2002/pdroms.gbc,edd0c78928f09ca7a127d5e4d9c7e4b0f3296465ce4437dbadb4e8675fe973de,1,1,running,running,True
pearacidic__monster-orc-arina-a-game-boy-tool,Monster Orc-arina,CGB only,cgb,entries/pearacidic__monster-orc-arina-a-game-boy-tool/Monster_Orcarina_RC1_jam.gbc,329e4e8d1fbcb4daf1a5033377183ef51a879e1244d3a0058f6f48354212b694,1,1,running,running,True
peasantsquestgbcompo21,Peasant'sQuest GB Demake (WIP)(GBCOMPO21),CGB only,cgb,entries/peasantsquestgbcompo21/PEASANTQUEST_Demake_09292021.gb,a64f25cf1d202db83645f32fa39be075fb505d92bf190bcc52e5b5bde8634f54,1,1,running,running,True
peggy,Peggy,CGB only,cgb,entries/peggy/peggy.gbc,12adce53d2bd4b521626dda681493da1ccf9abd74eabd3b0b5190884a04b52e2,1,1,running,running,True
perplex-dx,Perplex DX,CGB only,cgb,entries/perplex-dx/perplexdx.gbc,fd7fea835394f39801f72ca31ac98b7e219fdb4d18abab227b75fb8c126cad24,1,1,running,running,True
petris,Petris,CGB only,cgb,entries/petris/Petris_web.gbc,4711b5cdaf3da8fb20b6296787dd11834d34fbc9fdad5a446c0ee0e563807d92,1,1,running,running,True
phil-bad-dad-games__chomp-n-stomp,Chomp N Stomp GB ROM,DMG,dmg,entries/phil-bad-dad-games__chomp-n-stomp/ChompNStomp_jam.gb,02ce38776e078ce76ae7faee1ad4c6a3b79293280d8685f5f5671c6f62f1d714,1,1,running,running,True
phoenix,Phoenix,CGB enhanced,cgb,entries/phoenix/Phoenix [Jim Bagley] (PD) [C].gbc,54b0417cc1e974de11018c6734fde5f551a6dd8bdafc2d85948d60eb9884a493,1,1,running,running,True
phreakboy,Phreakboy (Enhanced DTMF Dialer),DMG,dmg,entries/phreakboy/gb-phreak.gb,d12c49ffe3f8f9afc539eb33f66268c486a2d8c093803af672d5ac29f573cb48,1,1,running,running,True
pht-gbc-01,Titty Twister (Tonka Construction Site +6),CGB enhanced,cgb,entries/pht-gbc-01/pht-t_01.gbc,799ee9d0c09b6176e6e1419257ce899e773642246f3a8339d25862228d97d5a4,1,1,running,running,True
pickpocket,Pickpocket,CGB only,cgb,entries/pickpocket/inka-PP.GBC,e8ce98f7edce59e0f610cb98f22cd32a7979d47af9054220f3aa4bc194ba1e2a,1,1,running,running,True
pie-crust-v1-0,Pie Crust v1.0,CGB only,cgb,entries/pie-crust-v1-0/piecrust.gbc,b82cf53a55e7d49ec90a9ccef6394576ed50d675e1d5194e6d7816a4a64107bc,1,1,running,running,True
pigeonaut_mount-crymore,Mount Crymore,CGB only,cgb,entries/pigeonaut_mount-crymore/files/mount_crymore_jam.gb,712c62ee16b4d6bda7fdbe09cd15b920aef984ac330f27bf6fea2a5740df7ac4,1,1,running,running,True
pikakilla,Pikakilla,DMG,dmg,entries/pikakilla/Pikakilla.gb,8438cbfcf1b1c6cb5bd13a5ab6bce0bb28e1379966ecc88990797658882827c1,1,1,running,running,True
pikliz_yasukes-vacation,Yasuke's Vacation,CGB only,cgb,entries/pikliz_yasukes-vacation/files/YasukesVacation_JAM.gb,28a602e3ffe4aeee2e69b95c5f75c2e33dbf1523f05409f25ee962349ff8b7d5,1,1,running,running,True
pilot-gbs,pilot - game boy showdown jam,DMG,dmg,entries/pilot-gbs/game.gb,7499392dc44f237b51c0e64ccda69d781ad80c85cf6c46acf8448bcaea83cbb8,1,1,running,running,True
pineapplekid,Pineapple Kid - The Puzzle Adventure (DEMO),DMG,dmg,entries/pineapplekid/PINEAPPLE_KID_DEMO.gb,a00be28eb41fd6249ef8a2b6dce12da06327116ef88cc19efc7d6763624a9c79,1,1,running,running,True
ping-pong-diplomacy-version-10,Ping Pong Diplomacy (Version 1.0),DMG,dmg,entries/ping-pong-diplomacy-version-10/PingPongDiplomacy-gb-rom-v-1.0.gb,80e344f64d6f7b633f0f67d2fef918d18fbe4b31f138ac93ee12eab6f38a264c,1,1,running,running,True
pixel-ghost__lifes-too-short-gb-a-christmas-spirit-demo,Life's Too Short GB: A Christmas Spirit (DEMO),CGB only,cgb,entries/pixel-ghost__lifes-too-short-gb-a-christmas-spirit-demo/LTSGBACS_jam_(DEMO).gb,5a8260e6d2e1848c00d6c9b0c18f03553d93d3e04e5aef132f233cdce327ec92,1,1,running,running,True
pixel-perfection_ninjas-way,NINJA'S WAY - Gameboy color,CGB only,cgb,entries/pixel-perfection_ninjas-way/files/Ninja.gb,14407015b8148be4f76adc81c9b7975e5296a08716744ef7dda712c7da9d2c99,1,1,running,running,True
pixelloren__third-grade-noir,Third Grade Noir,CGB only,cgb,entries/pixelloren__third-grade-noir/game.gb,0615e82f6bef610349afcd1b478679416143d0d8baa9a5f141a6e7523356fb19,1,1,running,running,True
planet-life-demo,Planet Life for Gameboy(Demo),DMG,dmg,entries/planet-life-demo/game.gb,77f7ef3ba86a805e62123becd532c70054485814d2fa2d977768fc1f820e34e1,1,1,running,running,True
plantboy,PlantBoy,DMG,dmg,entries/plantboy/PlantBoy.gb,4b62569dfa8eda20912166b66306ff71885282916e78d760e2a7e3ec4ab3aa01,1,1,running,running,True
plasma-storm,Plasma Storm,CGB enhanced,cgb,entries/plasma-storm/PlasmaStorm.gbc,74374c13e6549d4a33ab60aa9fc5c00604053fb8b7605622fcd63c86c67caa88,1,1,running,running,True
playinstinct__ghost-of-the-arcade,Ghost of the Arcade,CGB only,cgb,entries/playinstinct__ghost-of-the-arcade/ghostofthearcade.gb,bd8ae758e2962809d9aeab32e97c150d9f43541f7b91db01b19bdd6d9d55f19a,1,1,running,running,True
playinstinct_neon-nova,Neon Nova,CGB only,cgb,entries/playinstinct_neon-nova/files/NEON-NOVA_jam.gbc,7b96199b04850bac0870b07d9f433a705be441fd5fe1fb72273963299c1026e3,1,1,running,running,True
plutos-corner,Pluto's Corner,DMG,dmg,entries/plutos-corner/PLUTOS_CORNER.gb,1647c713b49641a69d719238dde2e7015699389adefbd1f4b340bc0b6cd41d68,1,1,running,running,True
plyr0_qulqy,qulqy,CGB enhanced,cgb,entries/plyr0_qulqy/files/qulqy_jam.gbc,bd133d953b54a86b75464e766ba767182758b1eb14399b8b0aac22ff16d3ee5a,1,1,running,running,True
pocket-lissajous,Pocket Lissajous,CGB only,cgb,entries/pocket-lissajous/pocket_lissajous.gb,36625b1c8a700390691b9f7fd71f026661ee39b9b763c912e2579f3f4316b00c,1,1,running,running,True
pocket-tangrams-vol-1,Pocket Tangrams Vol. 1,DMG,dmg,entries/pocket-tangrams-vol-1/pocket-tangrams-vol-1.gb,9c6a0be024ec34d572008d62c0a1c1dc4a6cf2315295b3e340374346c7996afe,1,1,running,running,True
poke-mission-97,POKE Mission 97,DMG,dmg,entries/poke-mission-97/Poke97.gb,66d48ecea9026288b7b8f5dfddf570ca1c4cbdf752c7ed1c32d7d125e6938a20,1,1,running,running,True
polaroid-antarctica,Polaroid: Antarctica,CGB only,cgb,entries/polaroid-antarctica/PolaroidAntarctica.gb,5def3f9f8f89f16e1ea8805549c88b90f688e2abbba0a56533194d712b16c3f8,1,1,running,running,True
polka-sheep,Polka Sheep,DMG,dmg,entries/polka-sheep/polkasheep.gb,021f638219506df3be97d1f526d1d98a111df1b5323f136e63d8fdd94eabc952,1,1,running,running,True
polymodus,Polymodus,CGB only,cgb,entries/polymodus/Polymodus_V1.0.gb,84a2e33b3a66b19340b7a589047351047b54a4c76774ac7e9e15e0eec1c0fa9a,1,1,running,running,True
pong,Pong,DMG,dmg,entries/pong/Pong.gb,22c124dd556a1daea51d7af8d046539661f8c03e1c804e0b0eb295afb5ca361c,1,1,running,running,True
popcorn-caravan,Popcorn Caravan,DMG,dmg,entries/popcorn-caravan/popcorn-caravan.gb,6439bb533e2ba05efd97f7d2f948ecdcc454e46444d36d9d390f2f2fc8e59606,1,1,running,running,True
porklike-gb,Porklike GB,DMG,dmg,entries/porklike-gb/porklike.gb,d4ee86833a580c92aa789aef03407b90a6cc6eb27e70d3477c41c970d0cf3f11,1,1,running,running,True
portal-hurdle,Portal Hurdle,CGB only,cgb,entries/portal-hurdle/game.gb,42d5ee06ddc81e0df18bc60d8bae975163179d8f36d2f69527241c8ddb4e67ed,1,1,running,running,True
postbot,PostBot,DMG,dmg,entries/postbot/PostBot.gb,65824d3d7df8003f19923b38055a0660c20542cc363894091da661d9d49d13ad,1,1,running,running,True
postie,Postie,CGB only,cgb,entries/postie/Postie-1.1.gbc,a2dfc32e5468fa0a8d2529bfc344528517b7615ad104f264e400c67c5b314a98,1,1,running,running,True
pothead-pong,Pothead Pong,CGB enhanced,cgb,entries/pothead-pong/POTPONG.GB,b252ece4d14d0c59544f4a17c73f82326f8832eaeeabe2446f4b7e0151bb398b,1,1,running,running,True
pounder,Pounder,DMG,dmg,entries/pounder/pounder.gb,a4df42d6492e2e7622cf29ecf39ffd995d98d2a763b3ba577c247b3aee502a32,1,1,running,running,True
power-bee,Power Bee (GB Demo / beta),DMG,dmg,entries/power-bee/power_bee_beta.gb,c0a13ecfe9bbc0ba948811659c09ecf5c1d6a7e97403123d409368b2c15fb4ad,1,1,running,running,True
pre-teen-wasteland,Pre-Teen Wasteland,CGB enhanced,cgb,entries/pre-teen-wasteland/Pre-Teen_Wasteland_v1.gb,2f39eb3ccddaac50be7437fd06fe34e2128472b8f4469d016f9794d19209e02b,1,1,running,running,True
precrna-rupa,Precrna Rupa,CGB only,cgb,entries/precrna-rupa/precrna-rupa.gbc,c6b41401631c3177cddda3e84cda844ce215d0f891a62be7c97a51c2b737fe38,1,1,running,running,True
present-panic-version-10,Present Panic (Version 1.0),CGB enhanced,cgb,entries/present-panic-version-10/ppanic.gbc,cd4ae6d32378e3a490ab813fdbbfb4f0efa7b15d167b53f609eac7b691494e2f,1,1,running,running,True
pretty-princess-castle-escape,Pretty Princess Castle Escape,DMG,dmg,entries/pretty-princess-castle-escape/pretty-princess-castle-escape.gb,ee2dfc3cf00d98f834195b963dfab710f2f50edb97aaf89d17e1884c5c37db0b,1,1,running,running,True
projectsrya__df,DF project,DMG,dmg,entries/projectsrya__df/DF_project_jam.gb,b77ed455b9124433cee49e86e8e0724c267555efc757b426c2cfa9cc69a87ef4,1,1,running,running,True
protopixel_project-gear,Project G.E.A.R. - MechJam VI - GB Compo 2025,CGB only,cgb,entries/protopixel_project-gear/files/Project GEARS V0.1.1.gbc,1dbd96f9fafeffc0fd7bfdb0a351a6ff2fba399868da9da5984a9f3a50ad4f36,1,1,running,running,True
proxima,Proxima,CGB enhanced,cgb,entries/proxima/proxima.gb,395e37238651f4f251ece2207c6dc1155dc7eaed9d3261cf6a91341712474148,0,0,running,running,True
pspsps,Pspsps,DMG,dmg,entries/pspsps/Pspsps_(Updated).gb,766007046f7bc59dcedc923642ada959161d4de699c259891cae4eee211d0fb6,1,1,running,running,True
psyopsstudio_pet-jam-gbcompo-demo,Pet Jam (GBCompo Prototype),CGB only,cgb,entries/psyopsstudio_pet-jam-gbcompo-demo/files/PetJam_jam.gbc,50ccc4f71341da443caa94b148d672ee622f3dc4982c849fa479cb3f2f9b743f,1,1,running,running,True
pulsar-v1-0,Pulsar v1.0,CGB enhanced,cgb,entries/pulsar-v1-0/pulsar.gbc,b49e485f25d8b32716b4eade1014b1058a869ae0498c4734c19f26dc50de31ea,0,0,running,running,True
punk,Punk,DMG,dmg,entries/punk/Punk.gb,1c89ad84dcc335f30e67f06cf421b2bfcfaec26f328cbffadf7db23a3bca9147,1,1,running,running,True
pushingo,Pushingo,DMG,dmg,entries/pushingo/Pushingo_GB_(WLS).gb,43be534a21de7fa689bf788a58e2ff4368e295146326625dd659cd155a620abf,1,1,running,running,True
puzz,Puzz,DMG,dmg,entries/puzz/Puzz.gb,c86084e712a4b9313c94e060c012361e6314a58def0af21c2f372039545f3e88,1,1,running,running,True
puzzle,Puzzle,DMG,dmg,entries/puzzle/Puzzle.gb,0af4ea4f7cd9d06a7e3e53e924586bc529065e6051b088a2e5334834f9eeeb35,1,0,running,running,True
puzzle-sky,Puzzle Sky,CGB only,cgb,entries/puzzle-sky/PUZZLESKY.GBC,b53546dd781f3e4d8e1fc7d38583890696591e25c2d14c7aab52552c3f60c76c,1,1,running,running,True
puzzlex,PuzzleX,DMG,dmg,entries/puzzlex/PuzzleX.gb,2a02ec40ec88b83f63eea3ad889d5f0d964a883271817b3e6d111c84bc320bea,1,1,running,running,True
puzzlex-2,Puzzlex 2,CGB only,cgb,entries/puzzlex-2/Puzzlex 2 by Par Johannesson (PD) [C].gbc,6fc7de47452b4e4cc3282e51a7a2f999be60675552476b1da6b548adc8b5c239,1,1,running,running,True
qbert-version-100-gr,Q*bert (Version 1.00) (Greek),CGB enhanced,cgb,entries/qbert-version-100-gr/qbertgr.gbc,b65c38174011a3ad4068f52a6f91f2ecc2a9b03c5f50b695cd7df12a9ac73bbb,1,1,running,running,True
qtx-gbc-intro-1,qtx gbc intro #1,CGB enhanced,cgb,entries/qtx-gbc-intro-1/qtx-gbc-intro-1.gbc,9b2ef81f726984c3b59387014e0a3e8f4299bd087dc5c6d8dfb750af6f864a32,1,1,running,running,True
quadrop-v0-93,Quadrop v0.93,CGB enhanced,cgb,entries/quadrop-v0-93/quadrop.gbc,7d9a364c065cddadf243d6594bd3eb48d5a04f2fed3fd522c6d8ba13f24a4cf7,1,1,running,running,True
quartet,quartet,CGB enhanced,cgb,entries/quartet/quartet.gb,a390e5195ba42e2400d626e0adc168217f9096c1496173745bdc2c4998a52426,1,1,running,running,True
queens-rising,Queen's Rising Demo,CGB only,cgb,entries/queens-rising/queen.gb,05644659c91b0602d0d6f25f9bca87b64488d0c5ecac1b6aeecc94153e9745bd,1,1,running,running,True
quick-push,Quick Push,DMG,dmg,entries/quick-push/QuickPush.gb,62e57a45b36f84d46966d535bf845d73ae974906a0fba7f205d5ce8439cb815d,1,1,running,running,True
quinevere__gigant-golf,Gigant Golf,DMG,dmg,entries/quinevere__gigant-golf/gigantgolf_jam.gb,ec304ef26a5f81a5eeeefa38409b0513f331a16ab704a0010021b6d4e9ca5015,1,1,running,running,True
quinevere_point-diver,Point Diver,CGB only,cgb,entries/quinevere_point-diver/files/pointdiver_jam.gbc,748b6d33be70b6cac09b75f5464e8d2b9ff38d69c892307d3d998684ce0da9cb,1,1,running,running,True
r-type-collection-1,R-Type Collection +1,CGB enhanced,cgb,entries/r-type-collection-1/r-type-collection-1.gb,9d8157f3bc2cb05ab8b81573ff3ae02d516b8e8a34e84331ee3723ebcc2d7a44,1,1,running,running,True
raster-scroll-sample,Raster Scroll Sample,DMG,dmg,entries/raster-scroll-sample/raster.gb,b4aa05ad0bed8e44e693cdf65c16e15d2751109a521ed9d2a2021b88fad9825b,1,1,running,running,True
rayman-2-the-great-escape-wario-land-3-1-3,Rayman 2 - The Great Escape / Wario Land 3 1/3,CGB only,cgb,entries/rayman-2-the-great-escape-wario-land-3-1-3/rayman-2-the-great-escape-wario-land-3-1-3.gbc,bd6eb35750b1d59029a721de5f688f43ac3bbd13636a6668864e0ddec3217c63,1,1,running,running,True
rayslinger,Rayslingerâ¢ (GBC),CGB only,cgb,entries/rayslinger/RAYSLINGER-PROTOTYPE-V02-1.gb,f367848449424c9ac76bd5d31767837705060c79a30a9620e965ea8a1bf7ed41,1,1,running,running,True
rc-shuriken,Remote Control Shuriken - GBCompo21,CGB only,cgb,entries/rc-shuriken/RC-Shuriken.gbc,4ec7171af0cb6240a8c79883a0718f8ebfbfbd6aa205905729b1371e280ccbce,1,1,running,running,True
realtime,Realtime,CGB enhanced,cgb,entries/realtime/Realtime.gb,6ac3c77f7ff134c109572862566ecc3f3ee791422dbd59655d5d35a3b955056b,1,1,running,running,True
rebound,Rebound,CGB only,cgb,entries/rebound/Rebound.gbc,195765b8ca3b0fb7d37b7b92d0242d6c7e01ec71f27f93e565fa081e449cbb92,1,1,running,running,True
rebusmind__hidden-gems,Hidden Gems,CGB only,cgb,entries/rebusmind__hidden-gems/Hidden_Gems_jam.gb,9f14647483043ed22346b051f4337997b8dac27f8a045fc14bae3becda10f52d,1,1,running,running,True
red-dreams,Red Dreams,CGB enhanced,cgb,entries/red-dreams/red.gb,56975243657bb175c38b1e03d2e1419fdb17e73e7723d02818a34d241a951a3a,0,1,running,running,True
red-top,Red Top,CGB enhanced,cgb,entries/red-top/redtop.gbc,3cdb4f806415b99e893e264726a4a534fd59c85565dfde3f7f170ea2341f3a79,1,1,running,running,True
redoctorok__khonsu-planet-2023,Khonsu Planet 2023,CGB only,cgb,entries/redoctorok__khonsu-planet-2023/Khonsu_Planet_2023_Cheat_Rom.gb,1255b08cfe993a70f9a08fb80e83d97b08bf836455cd85f3ad9e4f6b00733cc3,1,1,running,running,True
redoctorok_princess-and-wizard-town-of-labu,Princess and Wizard: Town of Labu,DMG,dmg,entries/redoctorok_princess-and-wizard-town-of-labu/files/Princess and Wizard_jam.gb,2a0f4f153a3bfe6a20dd72e53b6aea9d939ad319059647d2a43a89a07f98bba7,1,1,running,running,True
rei-3d-demo,Rei 3D Demo,DMG,dmg,entries/rei-3d-demo/REI3D.GB,728a5a7c9d845f1c0469d458ed249f199a2377142bb61adb85b766768e660451,1,0,running,running,True
remember,Remember,CGB only,cgb,entries/remember/remember_v0.9.gb,d6f46d9fdd5e2b4b64d26bae51e71fddebb4ee05c742999a597fb2f3aad006b0,1,1,running,running,True
renaissance-filler,Renaissance Filler,DMG,dmg,entries/renaissance-filler/renaissance-filler.gb,88ba3afe21517474addbcd365960933115571010ef525fd594a8ebf227f14b9a,1,1,running,running,True
renegade-rush,Renegade Rush,DMG,dmg,entries/renegade-rush/RenegadeRush.gb,0511a3de1bb59a5bd8bcf4e1463df7ea03a2aae66f30542b85ee51aa25f527a6,1,1,running,running,True
rescue,Rescue,CGB only,cgb,entries/rescue/rescue.gbc,171b5890e8468895ed4c3bd9d165d26a595c790b2ebdeff2b7d170c4de684b09,1,1,running,running,True
retro-gathering,Retro Gathering,CGB only,cgb,entries/retro-gathering/dcs-rtrg.gbc,d0a1fec86ed7d75fdea4cb1ac1cdcfc6cd379c1635143b15e314881359e93421,1,1,running,running,True
retro-otrop-en,Retro Otrop - English Version,DMG,dmg,entries/retro-otrop-en/game.gb,4d6e2a80db1488c52e7f472ee3698d6c54aa078d6c8a1551f05930985668e6b4,1,1,running,running,True
retrobitninja_bomb-tracker,Bomb Tracker,CGB enhanced,cgb,entries/retrobitninja_bomb-tracker/files/bomb-tracker_jam.gb,798ab6f8b5529c3f86decaaedf71e6372c1547431af71a2bb2f103b23989258e,1,1,running,running,True
retroid,Retroid,DMG,dmg,entries/retroid/Retroid.gb,133a95d96515a15e8d1ef3ee3fc1a08bc70acce5d2547cb345a060f8ad18c20f,1,1,running,running,True
retroreflector__banished,Banished,DMG,dmg,entries/retroreflector__banished/Banished_jam.gb,6347c4f50d911f51e531db6e3bfa15d2b91fa49d67a0ea9b261db33a097f4254,1,1,running,running,True
rex-run-v1-0,Rex Run,DMG,dmg,entries/rex-run-v1-0/rex-run-v1.0.gb,9e074f66648f709528e4fc908dd979d098d74ab54cb24d09a75fa69d674eccaf,1,1,running,running,True
rex-runner-gb,Rex Runner GB,CGB enhanced,cgb,entries/rex-runner-gb/rex-runner.gb,91bd12159d30e86cf4eb0312f28ff1c394e701085d6a8ca641ed92b2bcc8429c,1,1,running,running,True
rez,Rez,DMG,dmg,entries/rez/rez.gb,926762fc9f2fd9551553a263a3fef81da0a111e8499501d1fea21a32d61724b9,1,1,running,running,True
rgb-grafx-demo,RGB Grafx Demo,CGB enhanced,cgb,entries/rgb-grafx-demo/RGB Grafx Demo (PD) [C].gbc,b18bc454ac0509ac6b82880b07fe9eb3d459cab9428323a15e5ffecb4196fd36,1,1,running,running,True
rhythm-land,Rhythm Land,DMG,dmg,entries/rhythm-land/rhythm-land.gb,ca7ae6e97011fb423e85514aa9ca245967c01fcfe084ca4232106a39dd6ee9a4,1,1,running,running,True
rick2,Rick Dangerous 2,CGB only,cgb,entries/rick2/Rick2.gbc,391365f0d0778ed4674699e91d9d3d31532922db880039d782ed0c1ac1473fa3,1,1,running,running,True
rickroll-pcm,Rickroll PCM,CGB only,cgb,entries/rickroll-pcm/rickroll.gbc,7fcc301fdebe6fe2e914f8aed88e712db01fbc4f5704c71a2c86a82c63f2889c,1,1,running,running,True
right,Right!,CGB only,cgb,entries/right/Right! (PD) [C].gbc,8acc3819cda12767e6c884041ba14a4965ceba529b507c492e6147e769b9163c,1,1,running,running,True
right-to-repair,Right to Repair,DMG,dmg,entries/right-to-repair/game.gb,9d8eccdfbcf46b8a1446fa92070268872f33a9a6e524bef5f2dba9eb6c3d4e91,1,1,running,running,True
rikoclon__source-hack,Source Hack,DMG,dmg,entries/rikoclon__source-hack/Source_Hack_Jam.gb,c655b8503786f276ff8ac8cf2df63ec76178b3f83ab1ea6adc52a9265b2ec946,1,1,running,running,True
rikoclon_frontrooms-normalities,Frontrooms: Normalities,CGB only,cgb,entries/rikoclon_frontrooms-normalities/files/Frontrooms Normalities  0.2.gbc,06a8e1a2921648ba5ceb0dc92cac911863e178a1ed591625938cf2ef41997aca,1,1,running,running,True
ripir-proof-of-concept,ÊÉªá´Éªá´ [proof of concept],CGB only,cgb,entries/ripir-proof-of-concept/proofofconcept.gbc,ccf613ef80d0ed55a961b3b4064c8f194af49d907894abb24d01d46f6dae4566,1,1,running,running,True
river-styx-round-up,River Styx Round-Up,CGB only,cgb,entries/river-styx-round-up/River_Styx_Round-Up_1.0.0.gb,ef1230b7a3c7331530ac2cbabc5006353e7e4f5800c8838c394e1d02b9d197b6,1,1,running,running,True
roader-gb,Roader GB,DMG,dmg,entries/roader-gb/ROADER.GB,64896dd91354d726c9e613941bc9e37d01724800e683a6ef41fae98c2b6b7119,1,1,running,running,True
robert-doman_dusk-gb-ep,DUSK GB EP,CGB only,cgb,entries/robert-doman_dusk-gb-ep/files/DUSK-GB-EP_jam.gb,d92a8f5f7180c46785c1356e81c96ed236a70afa39efe71dff88b9868b38bed4,1,1,running,running,True
robot-war,Robot War,DMG,dmg,entries/robot-war/Robot War (PD).gb,509596e9ad26af15f9c3b3383bf9019e9ac6a15640ea3d2afedc6e7fb5e832e6,1,1,running,running,True
robot-x-slime,Robot X Slime,CGB only,cgb,entries/robot-x-slime/game.gb,64bb2d16738cf2600e25c5db81468e640e7c51862adfbbe0bd8fc23b006541af,1,1,running,running,True
robotech-exit-planet-dust,RoboTech - Exit Planet Dust,CGB only,cgb,entries/robotech-exit-planet-dust/RoboTech - Exit Planet Dust with Music (Lik-Sang) (PD) [C].gbc,563cbb68bb2048841d2c09a2fb448a7c280b4a291f1e952f5799450ae674c7f7,1,1,running,running,True
roboto-demo,Roboto,DMG,dmg,entries/roboto-demo/skrollidemo.gb,ccd3c319b8c05c15e8e250ce9315d6e9d16b5a580564eb5df6fd1f4cdb1ca54b,1,1,running,running,True
rocket-man,Rocket Man,DMG,dmg,entries/rocket-man/rocketmandemo.gb,3cbf2c8272241d35b5fdefaff2a07a327d3b438597bc29a3660753a98090fe38,1,1,running,running,True
rodrigocard_text-reader-gb,Text Reader GB,CGB enhanced,cgb,entries/rodrigocard_text-reader-gb/files/TXTReaderGB-DEMO.gb,b9bb2406d7dd46a54bffb56d37a6c3a704bdea8b159c73a0f682d603ebdac669,1,1,running,running,True
rogersama_super-jose-dreamworld,Super José Dreamworld!,CGB only,cgb,entries/rogersama_super-jose-dreamworld/files/SuperJoseDreamWorld_jam.gb,51d11ecf5fc0b173dfaa6cbfc4bb765a05f2b817cbab8e0d104ba5c6c8e4dce5,1,1,running,running,True
rogue-lcd-v1-0,Rogue LCD v1.0,DMG,dmg,entries/rogue-lcd-v1-0/roguelcd.gb,a2fe9e6cfe54e2833b64fddafb0fb6192879bdb79400f6bac967eef1be4c5da0,1,1,running,running,True
roleander_lazz-and-the-infinity-city-nights,"Lazz & ""The City""",DMG,dmg,entries/roleander_lazz-and-the-infinity-city-nights/files/game.gb,4c4c69db326ca73a237945162c3539ce0ef4f452a8cc64617acf61745886d1a9,1,1,running,running,True
rom-wasnt-built-in-a-day,ROM Wasn't Built in a Day,DMG,dmg,entries/rom-wasnt-built-in-a-day/rom-wasnt-built-in-a-day.gb,9a53ddb80763485e7f2644f9865faf39ab1d001b9a670529eeaad33a9fcb9905,1,1,running,running,True
rope-bombs,Rope & Bombs,CGB enhanced,cgb,entries/rope-bombs/rope-bombs.gb,096b9cea90a21a56f2f7655b110d105bc30d9b581d101bb7802be657ed80ac99,1,1,running,running,True
ropeandbombs,Rope & Bombs,CGB enhanced,cgb,entries/ropeandbombs/ropeandbombs.gb,3ffaaaaf817f2e9814cadac3a64a0485f5a0d6f9c310678d3a151435f68f5faf,1,1,running,running,True
rorecon,RoReCon,CGB enhanced,cgb,entries/rorecon/RoReCon.gb,bd2fd4f3ebfb6dbd6a0db9473490631a5c73d1631fc8c9fd8d5c585853e9a41b,1,1,running,running,True
roroto-sic_day-of-the-breach,Day of the Breach,CGB only,cgb,entries/roroto-sic_day-of-the-breach/files/day_of_the_breach_jam.gb,ec9e85048f93891debf199aa5cd0ca81e29db438bd0ee8cd3ce93f3d7f9f2cf7,1,1,running,running,True
rotating-face-demo,Rotating Face Demo,CGB only,cgb,entries/rotating-face-demo/Rotating Face Demo (PD) [C].gbc,c25ed02ff68e34dc4aca300b69427424ad045fd44998e95e31489b25d091fedf,1,1,running,running,True
rotation,Rotation,DMG,dmg,entries/rotation/Rotation.gb,ae7041030fdc3bce9798f7da81b65fa7c583478ddbbf14417c4dad8c706a7a47,1,1,running,running,True
rpn-calculator,RPN Calculator,DMG,dmg,entries/rpn-calculator/RPN_Calculator.gb,ca75e375c7a1dd6d726a0c250fa959be1dd0fa3664430fd9378b3ed019165b7c,1,1,running,running,True
rqtjam,Retro Quiz Tower (JAM Edition),CGB only,cgb,entries/rqtjam/Retro_Quiz_Tower_JAM_1.2.gb,f3c4cddcffc0e809fd3f8b151d61f3ba950af64a8b3eb551eb16a37612d20425,1,1,running,running,True
rubenretro__powerball,PowerBall: Monster's Quest,CGB only,cgb,entries/rubenretro__powerball/Powerball_1.04DEMO.gb,d147f958a69fca8f44bf6cb68f038817704088fae05221198028013c096cebcc,1,1,running,running,True
ruby-rusty-save-the-crows,Ruby & Rusty Save the Crows,CGB only,cgb,entries/ruby-rusty-save-the-crows/Ruby_&_Rusty_Demo.gbc,7d8f0bb7426e9971e8ee97c47f44b955a46a6030744b541a8ca92ca34d80ed2b,1,1,running,running,True
rumble--tumble-e3-2001-demo,Rumble & Tumble (E3 2001 Demo),CGB enhanced,cgb,entries/rumble--tumble-e3-2001-demo/rumble--tumble-early-beta-5-17.gbc,1997de7d46dc885b90e8669f0f46e466d26896950073a73848b8b9602306dcd7,1,1,running,running,True
rumblefest-bgcolor,RumbleFest Pro Wrestling GBColor,CGB only,cgb,entries/rumblefest-bgcolor/game.gb,e8b33f95656e4ffb363566a85fa1d76a09bbfd4753231251a02c217e6eee46c6,1,1,running,running,True
run,Run!!,DMG,dmg,entries/run/run.gb,25543aa12e1977f0513c1aeae0cb2ad02264c289641fda4460d2f2047dd34ab0,1,1,running,running,True
run-1,Run!!,DMG,dmg,entries/run-1/Run!!.gb,25543aa12e1977f0513c1aeae0cb2ad02264c289641fda4460d2f2047dd34ab0,1,1,running,running,True
runiestory,RunieStory - Gameboy color / Analogue Pocket,CGB only,cgb,entries/runiestory/RunieStory.gb,12dd026fa258d6c69ae4bf3fb2559201bee1ff96649dd85439cff95ed1f623d9,1,1,running,running,True
runtodatabay,Run to Databay,DMG,dmg,entries/runtodatabay/databay.gb,73a69b38231a85520fc7ae8adf768e6fe93426fb2e541ed649f204abd8a85d12,1,1,running,running,True
rustyrocket__squirrel-falls,Squirrel Falls,DMG,dmg,entries/rustyrocket__squirrel-falls/SquirrelFalls.gb,044ad2b6839f14e5961979727273c8c69c0c391532a41865dad36affa3cde577,1,1,running,running,True
sabinov,Sabinov,DMG,dmg,entries/sabinov/gbgame.gb,dfa7a007760775689818db25f00f49e1a8509fe8fc426f4b0b90bfa5234daf85,1,1,running,running,True
sabotage-color-demo,SaB0t4g3 Color Demo,CGB enhanced,cgb,entries/sabotage-color-demo/Sabotage Color Demo (PD) [C].gbc,f26121c760ca197da587ec7d5e66dd14e2ebd0b596ecff376c815d98d14090b3,1,1,running,running,True
safe-file,Safe File,DMG,dmg,entries/safe-file/SafeFile.gb,1dcfd2cec573f33b0fa9b4eebd75ba707624867e04d07b74428634bd6c9a74e8,1,1,running,running,True
sailor-moon-demo,Sailor Moon Demo,DMG,dmg,entries/sailor-moon-demo/Sailor Moon Demo (PD).gb,eb6b7bfe1ddef380187a046574db9115042154bee2e5644b33e1369cc469408e,1,1,running,running,True
saint-seiya,Saint Seiya,DMG,dmg,entries/saint-seiya/SaintSeiya.gb,4b52bbb128a3088e83d5b56a6e2d4370636574ff96cc62d80eaad28286e9534c,1,1,running,running,True
samuel,Samuel,DMG,dmg,entries/samuel/jml-sam.gb,de0548019cdb9a0d1a289e6f7487effd15ac2833415b292616e7f65ea251302b,1,1,running,running,True
sand,SAND - Survive A Neverending Desert,DMG,dmg,entries/sand/sand.gb,4cd0ac8e69d0bd01dec41f1a236804dc29611d573208c8e8515d5715857c78b1,1,1,running,running,True
santa-claus-journey,Santa Claus Journey,DMG,dmg,entries/santa-claus-journey/scjourney music.gb,f846f25996afefc48f136b137148b5cdd53706c50136fcc41022b036a4aa4f52,1,1,running,running,True
sasor7i_zako-xylo,Zako Xylo,CGB only,cgb,entries/sasor7i_zako-xylo/files/ZakoXylo_jam_gbc.gb,69b06bcfdc3635909d955484c0e924e42cc63366c99fce8b76dc90348770f084,1,1,running,running,True
save-the-puppies,Save The Puppies!,DMG,dmg,entries/save-the-puppies/stp29.gb,a7425a382f15a1d84c3f4029fa281c6e29090af12984ef894ae16fa111641390,1,1,running,running,True
scarymazegame,Classic Internet Scary Maze Game: Game Boy Edition,DMG,dmg,entries/scarymazegame/game.gb,685b99bd8ab899a38f44211ea559e4ee84b82207916635bcb264416f16d622aa,1,1,running,running,True
scorching-light,Scorching Light,DMG,dmg,entries/scorching-light/pasquiindustry_scorchinglight_en_v1_0_1.gb,52c3669a986b7d720480799a18d9ba717af95ecc7d6ce6650c72a31d3e52d261,1,1,running,running,True
scroller,Scroller,CGB only,cgb,entries/scroller/scroller.gb,1d47ebb11f80393d1c7340172c5eeb89c801ced1030fbda68c6601775c801a53,1,1,running,running,True
scrolling-blue-demo,Scrolling Blue Demo,CGB enhanced,cgb,entries/scrolling-blue-demo/Scrolling Blue Demo (PD) [C].gbc,6ffb1ac28054243a1cd1e0a8e803198d56fcbc2674dbf0f931bb3a1d30a7d8e8,1,1,running,running,True
seating-chart,Seating Chart,DMG,dmg,entries/seating-chart/game.gb,825df10ce5e595c0baccb21b941695dfa8a2c1262b66c73d923b5181cf7f3989,1,1,running,running,True
second-reality,Second Reality,CGB enhanced,cgb,entries/second-reality/2ND - FINISHED.gb,d245549e616ee69b54d442203218df8aad5ece9e703234ad4c38def743c01401,1,1,running,running,True
segmond-first-demo,Segmond (First Demo),DMG,dmg,entries/segmond-first-demo/Segmond First Demo (PD).gb,8ecdb0e4568c725130273de27380ac7e82d5bf4f6f6b3a86b5276cdf742e12f0,1,0,running,running,True
serpedelic-version-110,Serpedelic (Version 1.1.0),DMG,dmg,entries/serpedelic-version-110/serpedelic.gb,9eca6e9843431f83f2ca6dfe74514d244705278996b04c709113f2d38be05049,1,1,running,running,True
serpent-apocalypse,Serpent Apocalypse,CGB enhanced,cgb,entries/serpent-apocalypse/SerpentApocalypse.gbc,063e874a20eaceb73b96a7cb05da8ce2e8c3e46ca012dc1c238fd9ee1fcfdf04,1,1,running,running,True
severen-demo-ver,Severen - Demo Ver.,DMG,dmg,entries/severen-demo-ver/game.gb,031af93941d09d506894a31a69dcf7f04b2d62ff7f751b269269fc17db6aaabb,1,1,running,running,True
shadow-nights,Shadow Nights demo,CGB enhanced,cgb,entries/shadow-nights/game.gb,ba8ef9f5b6e47287f2efdaa26ecf5bafef0791b6ddbd29c56e05d870c6b53815,1,1,running,running,True
shaman-dojo,Shaman Dojo - Catch 'em spirits! (DEMO),CGB only,cgb,entries/shaman-dojo/Shaman_Dojo.gbc,7849a3192faeb3b127c6d557735c4aa8ac7b4696576b1f8561d9f78c672d07d3,1,1,running,running,True
sheep-kaboom,Sheep Kaboom,DMG,dmg,entries/sheep-kaboom/sheep-kaboom.gb,f9f64e4a3c68cc91e1718ee34612d5c9c62e8c55308c30738c0b1264316c62b2,1,1,running,running,True
sheep-leap,Sheep Leap,DMG,dmg,entries/sheep-leap/SheepLeap.gb,e3cf8e9bc15caa4ac21fe3f15c09cafa0b4f73c2d835c85d5525e0bf0bf3072d,1,1,running,running,True
sheepitup,Sheep it up!,DMG,dmg,entries/sheepitup/sheepitup.gb,d7046b386aa426eedc32dd0e2634a46ae251ac68b0525a244642b262429ee7da,1,1,running,running,True
sherlock-a-study-in-scarlet,Sherlock: A Study in Scarlet,DMG,dmg,entries/sherlock-a-study-in-scarlet/Sherlock_-_A_Study_in_Scarlet.gb,952035328da04df5d26802f7f4a925102ee89f4a549efd5e697d6cdd969a5d2f,1,1,running,running,True
shield-warrior-vii,Shield Warrior VII,DMG,dmg,entries/shield-warrior-vii/ld36.gb,946f53cfa8fd021bc4b9170a84c7fde184c59d86c004d2826800c7d47cf0d0b6,1,1,running,running,True
ship,Ship,DMG,dmg,entries/ship/SHIP.GB,d01493221dfed857dc7daee2fb78dc0cbfe435dd0697f57e3917191b6ba50af4,1,1,running,running,True
shitty25d,Shitty 2.5D,DMG,dmg,entries/shitty25d/shitty25D01.gb,307eef20e6a7d98093dd2a2db17f5edf6823832a142390b0f4615c726b4fe148,1,1,running,running,True
shitwave,Shitwave,DMG,dmg,entries/shitwave/shitwave.gb,93cc337a27f07651ea842e0262974cb13c733fc131f30c3d0b10cd9161753db7,1,1,running,running,True
shmup,shmup,DMG,dmg,entries/shmup/SHMUP.GB,94af5ab18d2dfc82d7c56c5463b31ae6d17083bc66ac9847a9ddea962ef02188,1,1,running,running,True
shock-lobster,Shock Lobster,DMG,dmg,entries/shock-lobster/shocklobster.gb,f14efd0340903b1b00d7e8b4b39687d4bc33355ac7742267ccfddfe92f54a611,1,1,running,running,True
shoot-the-x,Shoot the X (spr4col),CGB enhanced,cgb,entries/shoot-the-x/spr4col.gb,759e20b9214806b1cd082a042bd450f2ba6ac7d4cf703f76a31cbcc3b875ddde,1,1,running,running,True
shutdown,ShutDown,DMG,dmg,entries/shutdown/ShutDown.gb,626410697654c7032225bb20a015f995acb1c855fc3d0bcb5204eee80d5dd3f0,1,0,running,running,True
sierpinski-gasket,Sierpinski Gasket,DMG,dmg,entries/sierpinski-gasket/Sierpinski Gasket (PD).gb,171062731b0a60860ed7eb8d03e08cde7f2b77439d20bd700d8616eea14c4db8,1,1,running,running,True
silk-road-demo,Silk Road (demo),DMG,dmg,entries/silk-road-demo/silk.gb,e2242ae560b9569e6a6374ba30a630900b97cc154f0bb5c6467c18c2737444de,1,1,running,running,True
simple-dictionary-v1-2,Simple Dictionary v1.2,DMG,dmg,entries/simple-dictionary-v1-2/Simple Dictionary V1.2 (PD).gb,b1b668e56bac01599e75d1e113b1cdc930f99508f6fe67117ed31e10ebccffe0,1,1,running,running,True
simple-parallax-scroller,Simple Parallax Scroller,DMG,dmg,entries/simple-parallax-scroller/Simple Parallax Scroller (PD).gb,dd14fc87e6f3026a332803865fe7415bd70b495049745ae83cefc81c0a95da7a,1,1,running,running,True
sir-diesalot,Sir Diesalot,CGB only,cgb,entries/sir-diesalot/game.gb,fbb75fa00d915939b3cc498afce54be04a97aa9ec344b4206c389c1a20c8d92f,1,1,running,running,True
skazka,skazka,DMG,dmg,entries/skazka/skazka.gb,d7c9d1f239a6c578bfb2b1fc5960d0bfd5ce1af788907f1a593c90f497f03959,1,1,running,running,True
skinke,Skinke,DMG,dmg,entries/skinke/jml-skin.gb,8e4d2306516bafa7e0376986d29feecea1c9b415cf7d3415eee5374d9a7f687d,1,1,running,running,True
skoardy,Skoardy,CGB enhanced,cgb,entries/skoardy/skoardy.gb,9ba8dbc293b275908f8c87b26b9ddd318c058b1014fcf8db01fde26d12471331,1,1,running,running,True
sleepingpandagames__moki-the-monster-kid,"Moki, the Monster Kid - GBCompo23",CGB only,cgb,entries/sleepingpandagames__moki-the-monster-kid/moki007_jam.gb,39bb44cc69b04d7ec16eb93e853d14ed57653ebb5bbd59724ecc3a600c06e561,1,1,running,running,True
slider,slider,DMG,dmg,entries/slider/slider.gb,3694671804b0c4cac06a40a3a25e0dd69cf1eef96ccee81ff90bde444a614cc2,1,1,running,running,True
slippy,Slippy,DMG,dmg,entries/slippy/Slippy.gb,bfbd5631bf4dd0a539d52c597a95b321d31c8064a6052fc78bf947d445320c15,1,1,running,running,True
sloopygoop__re-cycle,Re: Cycle,DMG,dmg,entries/sloopygoop__re-cycle/Sloopygoop_Re-Cycle_jam.gb,fa2faa232738c6416aaddc965d891433fc571edaf7318d1aa631dea5f60392c1,1,1,running,running,True
sludgeon-2,Sludgeon 2,DMG,dmg,entries/sludgeon-2/sludgeon-2.gb,ab156aa51de59ba89af8dfc5d88b4065712d4f1884259eabcd59352287e5611a,1,1,running,running,True
smokingjacket_bram-stokers-renfield-simulator-2000,Bram Stoker's Renfield Simulator 2000,CGB only,cgb,entries/smokingjacket_bram-stokers-renfield-simulator-2000/files/Bram Stoker's Renfield Simulator 2000 v1.0.gbc,fb38380eaa1d2553bcdc921b2a983c12cc1c1b28b699e6dd17f16597ac66d268,1,1,running,running,True
smooth-colour-fading-demo,Smooth Colour Fading Demo,CGB enhanced,cgb,entries/smooth-colour-fading-demo/Smooth Colour Fading Demo (PD) [C].gbc,26ba7db37f1b718d5dcbe74789e40c342640082298477755acd5f92e3eeda9bc,1,1,running,running,True
snake,Snake,CGB enhanced,cgb,entries/snake/snake.gb,eda9a5a9455ed13e496abca8fff765122c0f79b624fab736b407fd68c29adf7e,1,1,running,running,True
snake-gb,Snake for Game Boy,DMG,dmg,entries/snake-gb/snake.gb,d968c333018ae6951c6972f167fb0993a7a3274a69b259226ab3e78aea40b156,1,1,running,running,True
snake-gbdk,Snake GBDK,DMG,dmg,entries/snake-gbdk/snake.gb,40eced9a83c86279626575f65d2ae1a791dfd4b9b7e7d60326f23b9bcb7f2e0c,1,1,running,running,True
snake-sanky,Snake,DMG,dmg,entries/snake-sanky/snake.gbc,3b4709860f1fb125222c10a83ce1cf23188ba5baf8ae1370e7d7dc35d0e198bd,1,1,running,running,True
snakeat,SnakEat,CGB only,cgb,entries/snakeat/SnakEat.gbc,1e04efa737412e647e057af90e72aecddd56124f10bd450b4000be1ec9a8c581,1,1,running,running,True
sneaky-snakes,Sneaky Snakes,CGB enhanced,cgb,entries/sneaky-snakes/snake.gb,70f3d3fdb13990e372232328e70d0028c17bbc397b90a086b2ca4584f24a652d,1,1,running,running,True
snek-gbc,Snek!,CGB enhanced,cgb,entries/snek-gbc/pong.gb,9755fbdf0a2f2fba8ba8092b5fb29663d991fd49a6ea6ad043270805e47beb35,1,1,running,running,True
snorpung_dangan-gb2,Dangan GB2,CGB only,cgb,entries/snorpung_dangan-gb2/files/DanganGB2.gbc,77f5ccb10e0825c95ccc04ca5d17e99b45e344a04818038eafdf275b9499c9dd,1,1,running,running,True
sokoban,GameBoy SokoBan,DMG,dmg,entries/sokoban/sokoban.gb,9e275dda4784c3a7a26335bff78a1ada6a2e25cd0799bd2a1b7de3e9399db9e6,1,1,running,running,True
solveknight-gb-v1-1,SolveKnight GB v1.1,DMG,dmg,entries/solveknight-gb-v1-1/SolveKnightGB.gb,99530e2d10dc302936973503cf22dd0531fa7620911482625e172b2a95ad918e,1,0,running,running,True
some-old-stuff,Some Old Stuff,CGB enhanced,cgb,entries/some-old-stuff/SOS.gbc,355cb1fe6c335fad7e1634a93a06920077ecaf43021b780a6da4e7d1a8ff81e5,1,1,running,running,True
somos-amigos,Somos Amigos,DMG,dmg,entries/somos-amigos/game.gb,f78a19e87110a6370209bf26a1f76b2ea50f92283008b2f2937be4a7510d2829,1,1,running,running,True
song-bird,Song Bird,CGB only,cgb,entries/song-bird/Song_Bird_v1.0.gb,aff5cf9dab0803fc32b9e1922aeef84412f1247e74fecfe84b826bae62812e9e,1,1,running,running,True
song-of-morus-ghostly-night,Song of Morus: Ghostly Night,DMG,dmg,entries/song-of-morus-ghostly-night/game.gb,c1b0ce265c5ceb4e378db8d9883bd78dbc36c1f7e1f7dd59d04480f5f99bea0e,1,1,running,running,True
soul-raiders-jailbreak,Soul Raiders: Jailbreak,DMG,dmg,entries/soul-raiders-jailbreak/soul-raiders-jailbreak.gb,178dd43616458a5925182e4119182a72b8835b01c37b6fcb9af179bda46b260b,1,1,running,running,True
soul-void,Soul Void,DMG,dmg,entries/soul-void/game.gb,2e64a61b9cd96078d0179319364f1350ee9bb86e914a82072b37a9dc6576c3b8,1,1,running,running,True
sound-mode-1,Sound Mode #1,DMG,dmg,entries/sound-mode-1/sound.gb,0567d68298d40416b05cd08cd806d0f6ba648166d1a4921f14bec3a4c0b2a5c6,1,1,running,running,True
soupis,Soupis,CGB only,cgb,entries/soupis/game.gb,14ac112959436d5b146d8d31863a7d693156591c55043dcaf46a73ffb97c302b,1,1,running,running,True
south-pong,South Pong,DMG,dmg,entries/south-pong/SouthPong.gb,5f0906341d7d356c604fb2ef20fddec5c3cd5ef99053c4a9cb5d32c1ea7d50e2,1,1,running,running,True
southern-dreams,Southern Dreams,CGB enhanced,cgb,entries/southern-dreams/b001.gb,a35e2fa446f3f5457373c111da902f37cb3ec06bc2076c1f0a512bee3224835f,1,1,running,running,True
southern-dreams-slideshow,Southern Dreams Slideshow,CGB enhanced,cgb,entries/southern-dreams-slideshow/Southern Dreams - Slideshow (Lik-Sang) (PD) [C].gbc,a35e2fa446f3f5457373c111da902f37cb3ec06bc2076c1f0a512bee3224835f,1,1,running,running,True
southern-dreams-smart-demo,Southern Dreams Smart Demo,CGB enhanced,cgb,entries/southern-dreams-smart-demo/Southern Dreams - SMART Demo (Quang2000) (PD) [C].gbc,bece200f77e64456600a07e12acd1d22c351cd10734f4d6b41d69988a41e50ba,1,1,running,running,True
space,Space,CGB enhanced,cgb,entries/space/space.gb,03683d5c1ea58ccd5b59e5f8992d05021e66c2dc0f57deccf6bc3fecf351caca,1,1,running,running,True
space-crawler,Space Crawler,DMG,dmg,entries/space-crawler/SpaceCrawler.gb,ae94a0abdbdbd1b423b5a9f92fcaab5f90bd226cfc8ec5b1a2127bb4d1358eeb,1,1,running,running,True
space-faces,Space Faces,CGB enhanced,cgb,entries/space-faces/SpaceFaces.gbc,f7f49485093ba17016dbe90c2003330c8247c6da6dfe7050883c6b457bcbfc42,1,1,running,running,True
space-invaders-programming-demo,Space Invaders-style Programming Demo,DMG,dmg,entries/space-invaders-programming-demo/SI.GB,29950e28fe83c57bbc69a397de3e9db659d685eead17c8ef8ba287c5d449b87c,1,1,running,running,True
space-invasion-version-01,Space Invasion (Version 0.1),CGB enhanced,cgb,entries/space-invasion-version-01/spaceinvasion01.gb,6cb63cca0a3d4dc79342de3e016676be29286379a9d97e3033e490083469b1a2,1,1,running,running,True
space-invasion-zero-version-100,Space Invasion Zero (Version 1.0.0),DMG,dmg,entries/space-invasion-zero-version-100/warmup.gb,ed04ab7fbfd74a27a70dc2faee7c96fe4e1f1a58f0822c039bf9ffb8a225496b,1,1,running,running,True
space-mission-dx,Space Mission DX,CGB enhanced,cgb,entries/space-mission-dx/SpaceMissionDX.gbc,97d37700cc2ab67b1cee52e5affd671ff64451d68f4be0a25f32409cd9d5b6bb,1,1,running,running,True
space-panic,Space Panic,CGB enhanced,cgb,entries/space-panic/spacepanic.gb,7f5a5fd9b6d49ce96ca1524858c764706083ea127e193eb8d471165a9977ef02,1,1,running,running,True
space-waste,Space Waste,CGB only,cgb,entries/space-waste/oct-spw.gbc,9d089afd5216ad91a417f2818b3cafac112b859fa3bf71777502d55df373d8dd,1,1,running,running,True
spark,Spark,CGB only,cgb,entries/spark/game.gb,f83cd38c0936d7fbea94fa4c9d93812cc8a33a234edc319099b5dd5597be429a,1,1,running,running,True
speedfinger,Speed Finger,DMG,dmg,entries/speedfinger/Speed Finger.gb,215d67a26c297047f66945401d8099ee3fcb6c7d9d2fb5cf1002bac1802be76c,1,1,running,running,True
speedp,SpeedP,DMG,dmg,entries/speedp/speedp.gb,4faae00074a6c03e31c4adec4fe8ec3289d03a6c818c4fceaf3ecf614bae99af,1,1,running,running,True
spicyfuse_god-destroyer-2,God Destroyer 2,CGB only,cgb,entries/spicyfuse_god-destroyer-2/files/GD2 music Player.gbc,003209594c552635c68aa3dc0fcbdde8be3635e59085a8218600d731ba262346,1,1,running,running,True
spiral-game-boy-music-rom,Spiral - Game Boy Music ROM,DMG,dmg,entries/spiral-game-boy-music-rom/Spiral_-_Matt_J_Hart_(GB_ROM).gb,09a092a9f3348193c49142eed5e7cb92adb2047ec0b7c00de32cea159e45cb80,1,1,static,static,True
sprite-priority-demo,Sprite Priority Demo,DMG,dmg,entries/sprite-priority-demo/SPRITE.GB,ea82f3c509f1db59ccda06aba7ab12a974ad38ee82c07a538bed0d00d1380377,1,1,running,running,True
sqrxz,Sqrxz,CGB enhanced,cgb,entries/sqrxz/sqrxz.gb,c50e1d3923c9f36d20c0dc57f412064a9a570b060544fefdedce1e1fc084eb4c,1,1,running,running,True
square-fall,Square fall,DMG,dmg,entries/square-fall/square_fall_v01.gb,d16024a37bec3d7efa640bdbdb5ef7e33329302219022f81a59e2963a2c053ed,1,1,running,running,True
squishy-the-turtle,Squishy the Turtle,DMG,dmg,entries/squishy-the-turtle/squishy-magfest.gb,ac1e2eff95cdcf71ed931bd16c88f080038977b8b9dcde433bc023ee6b86c021,1,1,running,running,True
ssas-stepgirl,ssas stepgirl,CGB enhanced,cgb,entries/ssas-stepgirl/ssas-stepgirl.gb,cfe3ee46369b2d50d1b293edef9d12ede4d651a5d5096be24b689901d3714836,1,1,blank,blank,True
stadin-brankkari,Stadin Brankkari,CGB enhanced,cgb,entries/stadin-brankkari/stadin.gbc,ed274a982b3a621b42f1e04be7275ac8363e9a05c92b3e0b6b126b3ecb9d4643,1,1,running,running,True
stalker,Stalker,CGB enhanced,cgb,entries/stalker/stalker.gbc,9023aa50e169be6d9335abe21d8637a3c562270cb6a3e37fc75922632a55e3a8,1,1,running,running,True
star-fighter-demo,Star Fighter,CGB enhanced,cgb,entries/star-fighter-demo/Star Fighter by Jonathan Waugh (PD) [C].gbc,3ed987b77c9183cf28e470797bfcde3b0c9ccf035540a3e9c08706d0b1bc9f1f,1,1,running,running,True
star-heritage-demo,Star Heritage (Demo),CGB enhanced,cgb,entries/star-heritage-demo/star-heritage-demo-version-by-r-lab-pd-c.gbc,9bc2499e695e2a1b0749c85e5e36b3f61482d5502db9490c59f56c9361132dd7,1,1,running,running,True
star-heritage-final,Star Heritage (Final),CGB enhanced,cgb,entries/star-heritage-final/starheritagebattery.gbc,02ca40bfb99d44074908d994dd7761119912fc847925896360b3cbc16ba12205,1,1,running,running,True
starfield,Starfield,CGB enhanced,cgb,entries/starfield/starfield.gb,53a59d277540784927edb3d2342f857be2d8636f19fc01342e6dc11e5d9444d6,1,1,running,running,True
starfight,Starfight,CGB enhanced,cgb,entries/starfight/starfigh.gb,7924d35b72b0d286f5f49841b373a640bcf7befc50f76f67499af23b9fbbab50,1,1,running,running,True
starfisher,Starfisher,DMG,dmg,entries/starfisher/starfisher.gb,ff6846b339de70c2fb17a7f39ca0e5581f5fbe8892df9ff895337ad5de0cf650,1,1,running,running,True
starpiece,StarPiece,CGB only,cgb,entries/starpiece/StarPiece.gbc,547b654641d41a8bd7c4867656de4e3755e8fbf23ddb83b02eb3cecc2af29e53,1,1,running,running,True
startex,StarTex,CGB enhanced,cgb,entries/startex/Star Tex (Quang2000) (PD) [C].gbc,b50a480a21184d1d1783bc9d4c4b5d4fef2eb0b31d3779cee28abc72cacf2de5,1,1,running,running,True
staticlinkage__skeleton-crew,Skeleton Crew,DMG,dmg,entries/staticlinkage__skeleton-crew/skeletoncrew_jam.gb,58b34052aa52e7d466432779dadfa2eeed299d6810cf4dd028c01519b444c9cd,1,1,running,running,True
staydown,Staydown,DMG,dmg,entries/staydown/staydown.gb,d55bb9cab3035bac769b5ce19a59621731d9bb911a999ff5e3b492c59aee5ce3,1,1,running,running,True
steinsgate_8-bit_v0-40,SteinsGate 8-bit v0.40,CGB enhanced,cgb,entries/steinsgate_8-bit_v0-40/SteinsGate 8-Bit v0.40.gb,2cf6a4eec0221cafb24e2c3bed18de0b577041e37ae980f30a3c92f14d28a4e7,1,1,running,running,True
sticky-hooves-in-the-temple-of-vel-cro,Sticky Hooves In The Temple Of Vel-Cro,DMG,dmg,entries/sticky-hooves-in-the-temple-of-vel-cro/sticky-hooves-in-the-temple-of-vel-cro.gb,3d6eaf03528942562e21cf3f15cb948334524439b4e707dda24af1b7028a3a6c,1,1,running,running,True
stoic-software-tribute-usa,Stoic Software's Tribute to the United States,CGB enhanced,cgb,entries/stoic-software-tribute-usa/Stoic Software's Tribute to the United States (PD) [C].gbc,6a7e17f98a025659d6cbdcdf4de597b5eac18a3a59bbf7a23b7b2b8743452fa8,1,1,running,running,True
stone-box,Stone box,CGB only,cgb,entries/stone-box/game.gb,7b3331850a1a038f88e5032c151861e4e24a98be55c04a80a149f94aa8b7583b,1,1,running,running,True
stopwatch-version-1,StopWatch Version 1,DMG,dmg,entries/stopwatch-version-1/stopwatch-v1.gb,71af72fcfe4fc6fca7cb7093a9284deddc21e23382d20a6b0b57ed7c61f394c7,1,1,running,running,True
stormplay_operation-followthrough,Operation: Followthrough,DMG,dmg,entries/stormplay_operation-followthrough/files/OPERATIONFOLLOWTHROUGH_Jam.gb,d408724fae894e65582a892e27ed42eded7f845e74ee3b21bbb0cedc93608317,1,1,running,running,True
stripped,Stripped,CGB enhanced,cgb,entries/stripped/stripped.gbc,2c4452ce49cd807edf4a0d9ac1933142f0588298c726ebe471c2742bc9b56c12,1,1,running,running,True
stroker,Stroker,DMG,dmg,entries/stroker/stroker.gb,5d338ce3b15ed51b379d76797a183f34e9d6d24b5a29b7657497044d2cdd137f,0,0,running,running,True
studio-anchor_dropblox,DropBlox!,CGB enhanced,cgb,entries/studio-anchor_dropblox/files/dropblox!_prealpha_jam.gb,c38f6291aee7144dee80c6b509c4bd52d043fe7195126b871a3edf9b44cade41,1,1,running,running,True
stunner,STUNNER,DMG,dmg,entries/stunner/tunnel.gb,58adbc5cc46bd0ceb78bd30e75cc1b95d103a50ffa38ea0f49217684befaca27,1,1,running,running,True
sukus__towizz,Towizz,CGB enhanced,cgb,entries/sukus__towizz/towizz_jam.gb,fd35a4340b428527b39f36f95903781ca85ac94ba4191ff35605e5197929bec9,1,1,running,running,True
sunnychowtheguy__kaijukaikai,Kaiju Kai Kai,CGB only,cgb,entries/sunnychowtheguy__kaijukaikai/KaijuKaiKai_jam.gb,1ed7b9feab3ac9ddecc91263779c5fe8dcc30185bc969d212fcae8d7250d0077,1,1,running,running,True
suns-dojo,Sun's Dojo,CGB only,cgb,entries/suns-dojo/SunsDojo_v3.gbc,c9e8a2ff61abcd4d9dc7894b79942b826e0618460b34d0d38c6132a946d0e270,1,1,running,running,True
sunset-hellgate,Sunset Hellgate,DMG,dmg,entries/sunset-hellgate/SunsetHellgate.gb,75548dbf39dc9d1a6249d13d7517d1f3658fb90e671a8f34178d97695e790555,1,1,running,running,True
super-bunny-mission,Super Bunny Mission,CGB only,cgb,entries/super-bunny-mission/SuperBunnyMission.gb,33023b860258dd2e09530d82823bb8efea34de17d6f11e95cadada7e1ca1b4c5,1,1,running,running,True
super-catacomb,Super Catacomb,DMG,dmg,entries/super-catacomb/catacomb.gb,87974ab500d98a7270d54af916b28a963d29e8e962569949871eb5c0b9f766c2,1,1,running,running,True
super-impostor-bros,SUPER IMPOSTOR BROS.,CGB only,cgb,entries/super-impostor-bros/Super_Imposter_Bros.gb,bc6cbc2698808c69d9b9e3263c5d17df37c7b3a54a3ce31e85cfd9dfe71e3047,1,1,running,running,True
super-jacked-up-tomato-face-johnson,,CGB only,cgb,entries/super-jacked-up-tomato-face-johnson/Super_Jacked_Up_Tomato_Face_Johnson_v2.3.gbc,2a79e2130ed90033fddcb164eb12f4687255cb273fd2bf3d3e12f60cf723afe1,1,1,running,running,True
super-ninja,Super Ninja,CGB enhanced,cgb,entries/super-ninja/super_ninja.gbc,fc88a7a169daeeaf717309bc83203c09d3dfb539954c24611f7410f531fbed49,1,1,running,running,True
super-princess-2092,Super Princess' 2092 Exodus,DMG,dmg,entries/super-princess-2092/super-princess-2092.gb,897926ad289f86654982f7e42ea873cb5d73e0aeeb6d6f129681acc142161f67,1,1,running,running,True
superconnard,Super Connard,DMG,dmg,entries/superconnard/sc_prod.gb,3e81e30535d86b46b5002e9c63bc5ca9b7e6e5e28dbcf3ab81877fd294ef7db8,1,1,running,running,True
sushi,sushi,DMG,dmg,entries/sushi/sushi.gb,b045a485d04d2d1eb716a1b2b04d30ba4f563eb5e7888643b35e93817ca83f60,1,1,running,running,True
sushi-nights,Sushi Nights,DMG,dmg,entries/sushi-nights/SushiNights.gb,5b3203e60e8815acf75e25c5ae369815da047c0f46b81ad3bcc8513ce7167e25,1,1,running,running,True
sworld-2,SWorld 2,CGB enhanced,cgb,entries/sworld-2/SWorld2.gbc,7da18496672ff040191697ecfdb3565127a52b3669d6a42a005fc03ff2e0f570,1,1,running,running,True
syfartistry_memory-loop,Memory Loop,CGB only,cgb,entries/syfartistry_memory-loop/files/MEMORY LOOP_jam.gbc,c3b000b176a21e7dbb2c4dc7cff066452e760ddfb19b91968e699fb76cb61741,1,1,running,running,True
syfartistry_memory-palace,MEMORY PALACES,CGB only,cgb,entries/syfartistry_memory-palace/files/MEMORYPALACE_jam .gbc,e7dc12b3d2537a11dcc959061bfb29fcfcee3b6384f7561f720c5dd45a2db133,1,1,running,running,True
t-rex,T-Rex,DMG,dmg,entries/t-rex/t-rex.gb,ddcd6936d634fa3e077637e5c3528a81eca4aada4126bc02a16fcfce1937f149,1,1,running,running,True
t2,T2,DMG,dmg,entries/t2/T2.GB,321109b44e26c313634e00920deec26bcc53f46cfac2aa564217aa991e5043b9,1,1,running,running,True
taeyukki_longing-for-life-demo,Longing for Life [Demo],DMG,dmg,entries/taeyukki_longing-for-life-demo/files/Longing-for-Life_jam.gb,dd13a67019e06c293d6a2d2eea0e525c56edf3f67fd95ee31cefbcec9a205da7,1,1,running,running,True
takago__mask-of-majiatros,Mask of Majiatros,CGB only,cgb,entries/takago__mask-of-majiatros/MASKOFMAJIATROS_jam.gb,314841188a57381e2e24d08c34163f4a6a87154fbca8e6cc7e35d1d1ee0d2ca9,1,1,running,running,True
takago_desertion,Desertion,CGB only,cgb,entries/takago_desertion/files/DESERTION_jam.gb,c66183163d4165cd374e4670108511713324ee5cb11591ea952754d330646e40,1,1,running,running,True
take-care-of-yourself-version-100,Take Care Of Yourself (Version 1.0.0),DMG,dmg,entries/take-care-of-yourself-version-100/tcoy.gb,b420ec2838272b22b754153e5764bcf1d891a7324088e2b9bb5947af6fefc6e9,1,1,running,running,True
talking-gb,Talking GB - Pi to 20 decimal places in English,DMG,dmg,entries/talking-gb/PI.GB,ab493da370f6f212a1b8c893955f4e7149b30e68f5fc3c8c39d675d6a0d00544,1,1,static,static,True
tam-bitmap-demo,Tam Bitmap Demo,DMG,dmg,entries/tam-bitmap-demo/Tam Bitmap Demo (PD).gb,cf72f0ac043106e609296e7a713067c2800f35a4d143740cbf51c5455fc41789,1,1,running,running,True
tardigrade-nx_game-of-life-kuzushi,Game of Life Kuzushi,DMG,dmg,entries/tardigrade-nx_game-of-life-kuzushi/files/Game of Life Kuzushi (v1.0).gb,26483b08e68e9b0d4b3ae9e8f773671f6bb36b338bcd935ccf519b8c2e779f84,1,1,running,running,True
tardigrade-nx_logic-island,Logic Island,DMG,dmg,entries/tardigrade-nx_logic-island/files/LogicIsland-v2.1.gb,9cb15c07d088fc5c1dd3c5fb5fe564c71e39ea917d6b9017e70fc270e14256f2,1,1,running,running,True
tech-and-blood,Tech and Blood,DMG,dmg,entries/tech-and-blood/game.gb,8123f908f46ec434e0afb208d11b8b0a1d8f75481a3735f8adad44b5739bd761,1,1,running,running,True
telling-lys,Telling LYs?,DMG,dmg,entries/telling-lys/tellinglys.gb,968e1d47a5ae9e72f142b0d593a22f28932509e763c3ea6598a1b3e9d7b36942,1,1,running,running,True
temple-of-velcro-sticky-hooves-in-the,"Temple of Velcro, Sticky Hooves in the",DMG,dmg,entries/temple-of-velcro-sticky-hooves-in-the/templeofvelcro.gb,3d6eaf03528942562e21cf3f15cb948334524439b4e707dda24af1b7028a3a6c,1,1,running,running,True
tendonin,Tendonin,DMG,dmg,entries/tendonin/tendonin.gb,4df9b8541b586a0ca2038e5ef29f854dcf9909a15352ff039ecdc62b889d2e80,1,1,running,running,True
terminator-2,Terminator 2,DMG,dmg,entries/terminator-2/T2.gb,4427a525d3fcabfc4f86408c61f21e5c4658931e750dc2d969ac2755543d42e1,1,1,running,running,True
the-adventures-and-misadventures-of-three-friendly-animals-part-4,The Adventures and Misadventures of Three FriendlyÂ Animals:Â PartÂ 4,CGB only,cgb,entries/the-adventures-and-misadventures-of-three-friendly-animals-part-4/TAMTFA.gb,f1c8f025204b8eff8a744b23855b780b78a5d3f031a1cf2275e290df39f8ec13,1,1,running,running,True
the-bouncing-ball,The Bouncing Ball,DMG,dmg,entries/the-bouncing-ball/THEBOUNCINGBALL.GB,039f5b7037cd3535b10c3679beab32fb2d420e48c45a096d8a38c5fc0356a669,1,1,running,running,True
the-clock-maze,The Clock Maze,DMG,dmg,entries/the-clock-maze/game.gb,0490d378a44a1754b650d4031ea85a2bcd717d434ddf06a3142422ee79231b1a,1,1,running,running,True
the-delivery-by-gallocode,The Delivery  by GalloCode,DMG,dmg,entries/the-delivery-by-gallocode/The-Delivery.gb,f873b5510756cbea3ccef92ca965c952ef35fe0f3e5fabfcf1ab3d31ed956080,1,1,running,running,True
the-dungeon-masters,The Dungeon Masters (Pooh and Tigger's Hunny Safari +7),CGB only,cgb,entries/the-dungeon-masters/dcs-t_02.gbc,e05a6c3ba031f4749a3ac62813e1d0dd0dc5e7d61667537ae3032655c29b5983,1,1,running,running,True
the-faerie-princess-version-110,The Faerie Princess (Version 1.1.0),DMG,dmg,entries/the-faerie-princess-version-110/the-faerie-princess.gb,5bf624e5f00ec7bc4579d9388a5d03b28e123ed16ca65cf2d8ea94c55ae27b98,1,1,running,running,True
the-fetch-quest,The Fetch Quest,DMG,dmg,entries/the-fetch-quest/game.gb,f480d17b0ddb0ff8d2e7220da797eae508192a51b1fa743cffd771755ea6aff4,1,1,running,running,True
the-forest-hero,The Forest Hero,CGB enhanced,cgb,entries/the-forest-hero/The_Forest_Hero.gb,11b0e448d19462f525c8f506d497e8dc8a0a57dcf786debddee019517dfc22dd,1,1,running,running,True
the-friendly-cpu,The Friendly CPU,DMG,dmg,entries/the-friendly-cpu/friendly_CPU.gb,3cad281a27e8f9635a664064d288e1cfc1df12e164b8b4605a2f2210cd16dd95,1,1,running,running,True
the-gameboy-demo-collection,The Gameboy Demo Collection,DMG,dmg,entries/the-gameboy-demo-collection/the-gameboy-demo-collection.gb,67dd53840167301ce84d5c1db9bfd0296f1e3aff3a0bac24841f3ecd527c4328,1,1,running,running,True
the-garden-of-thyme,The Garden of Thyme,CGB only,cgb,entries/the-garden-of-thyme/game.gb,ce161c1aa0d5ff216a067c3260b3aad5acd74e464941f12d0618abe82cc656b5,1,1,running,running,True
the-horrible-demon,The Horrible Demon,DMG,dmg,entries/the-horrible-demon/The Horrible Demon.gb,31da3c2d86ea438a3d14b0541e9ca9f94ce92b3fe6533bf838b15c48c39a1bf1,1,1,running,running,True
the-horrible-demon-3,The Horrible Demon 3,CGB enhanced,cgb,entries/the-horrible-demon-3/TheHorribleDemon3.gbc,f2de39f4311e3fc375be197f2dc574538bfd5079282128765ea66d17bbb03fa4,1,1,running,running,True
the-horrible-demon-iv-v0-1,The Horrible Demon 4,CGB enhanced,cgb,entries/the-horrible-demon-iv-v0-1/THD4.gbc,21afa3e424bc6fd257306ec418ef431a434ac573171b3be663bd94ea5ae8a5b9,0,1,running,running,True
the-horrid-demon,The Horrid Demon,DMG,dmg,entries/the-horrid-demon/Horrid.gb,93c7191320fb3837e9879eea19542a0f759f9f290b790bcdcc7d5039ee62f7bb,1,1,running,running,True
the-last-splash,The Last Splash (Shantae +8),CGB only,cgb,entries/the-last-splash/dcs-t_03.gbc,7b1ff5eb46d27cae93c5ef5827ab3be5cc9639373b4f37496dabcd25f403b7b2,1,1,running,running,True
the-legendary-adventure-of-buck-quickshot,The Legendary Adventure of Buck Quickshot!,CGB only,cgb,entries/the-legendary-adventure-of-buck-quickshot/TheLegendaryAdventureofBuckQuickshot_V2.gb,a6b00d93a55815cd52208cf444410fdd9f4257387dabedf073a366736fcc09db,1,1,running,running,True
the-machine,The Machine,CGB only,cgb,entries/the-machine/Machine_DEMO_v1_1.gb,972ad5547588a6b955d1fe9ffb2e271518ee3fa64602e54dd24e2ce41473e8e7,1,1,running,running,True
the-matrix,The Matrix,DMG,dmg,entries/the-matrix/Matrix.gb,60bc72f67abee11ac4764962053de34f81925f0c210a582bfab42333787a30b0,1,1,running,running,True
the-maze,The Maze,CGB enhanced,cgb,entries/the-maze/the_maze.gb,d88449d4770ff932d59bb507175a01fbfd982fc0da2485d68f4d6d3c98ebf102,1,1,running,running,True
the-maze-the-3-clocks,The Maze & The 3 clocks,DMG,dmg,entries/the-maze-the-3-clocks/The_Maze_&_The_3_clocks.gb,320e56b27f033757a3e70dac6fe8380bdb63cc668ba803c5a8dfb4dc4432e42e,1,1,running,running,True
the-other-alarm-clock,ClockBoy - The Other Alarm Clock,DMG,dmg,entries/the-other-alarm-clock/the_other_alarm2.gb,54f0133d5821fde7b3c881cdec9af0f0f3153ace3ef256ef412e9a34774d0ffc,1,1,running,running,True
the-pacifist,The Pacifist,CGB only,cgb,entries/the-pacifist/ThePacifist_GBSD-2023.gbc,bf200d369327f579b83f69f15dbb4d65f993ebece87bc66458163d2c1bb2ed0e,1,1,running,running,True
the-princess-and-the-pauper,The Princess & The Pauper,CGB enhanced,cgb,entries/the-princess-and-the-pauper/princess.GBC,4bb549d56bd35443a1e4c433bce78b52a12679263b19dae1580fecde5d50634f,0,1,running,running,True
the-ritual,The Ritual,DMG,dmg,entries/the-ritual/the-ritual.gb,3f7f5c1e8f19d53cca35492ed0d99fa66f3bfd09e0921e3f21fc30b01f9f7228,1,1,running,running,True
the-roadhog-frog,The Roadhog Frog,DMG,dmg,entries/the-roadhog-frog/ROADHOG_FROG.GB,71936b917bf8fb4ffe104aaa968efc9b663751dacd16c4a160f1e3de475cf8f9,1,1,running,running,True
the-shelter,The shelter,DMG,dmg,entries/the-shelter/TheShelter.gb,26de1a9a4886ca8a3366af234eef154cf75cfc45e34b71c1c19dbee31a427f1d,1,1,running,running,True
the-squire-gameboy,The Squire (Gameboy),CGB enhanced,cgb,entries/the-squire-gameboy/The_Squire.gbc,ba92ca4bf986a1b87fcc1d6b9baecba7fe5ac2c3a633d9b3ace583c6917c7278,1,1,running,running,True
the-syntax-pocket-party,The Syntax Pocket Party,DMG,dmg,entries/the-syntax-pocket-party/the-syntax-pocket-party.gb,50ff6ebaa5955e0b5379ad1f5f6b89731fb58eaa7e3f87c7caa508f584889e28,1,1,running,running,True
the-tale-of-two-dreams,The Tale Of Two Dreams,CGB only,cgb,entries/the-tale-of-two-dreams/game.gb,eef469e2e70cd6497a01df2b12498e04897932765ec5b28a4a76865fd68fb470,1,1,running,running,True
the-trials-of-goodbye,The Trials of Goodbye,CGB only,cgb,entries/the-trials-of-goodbye/game.gb,d530185bc517a307a803e8ac725bd81c3cd05badeb84a146789b0acc27aaf7ad,1,1,running,running,True
thedarktiger_crate-pusher,Crate Pusher,DMG,dmg,entries/thedarktiger_crate-pusher/files/CRATEPUSHER_jam.gb,951448459bdf997aa73701af048270db693c403543eb34933677e72175baea93,1,1,running,running,True
they-are-everywhere-version-010,They Are Everywhere (Version 0.1.0),DMG,dmg,entries/they-are-everywhere-version-010/tae-multibank.gb,0842534fc9cf05e23daec81d355fcaf3b8b373a531b65f80d857c57279bfd1f0,1,1,running,running,True
they-came-from-outer-space,They came from outer space...,DMG,dmg,entries/they-came-from-outer-space/tcfos.gb,50e1eeb76832b084b491e2aa79c9623b293977b13ec03fe08cd1b3fb7cddcd01,1,1,running,running,True
thin-ice-rescue,Thin Ice Rescue,DMG,dmg,entries/thin-ice-rescue/thin-ice-rescue.gb,c157a8c9c4bb2e67b05dc14f62a7709b9495b7b88ca785c4dfacd7427d891f45,1,1,running,running,True
thing,Thing,CGB only,cgb,entries/thing/Thing.gbc,3410cf54e1f5c9f0e17c110d0645a12cd5ce8431b1dba5b48fa0c19f9cac8403,1,1,running,running,True
this-side-up,This Side Up,DMG,dmg,entries/this-side-up/q-tsu.gb,4031afe32196074b1f9cc4c934343c3a53139d324f4339b2e9ce3eb1e2332823,1,1,running,running,True
tic-tac-earth,Tic Tac Earth,DMG,dmg,entries/tic-tac-earth/TicTacEarth2805JamVersion.gb,999abb2d26b1d6e3fc7a835c034eeea3fdaca0e06df5d5394bd7197b66a9d0eb,1,1,running,running,True
tic-tac-toe,Tic-Tac-Toe,CGB only,cgb,entries/tic-tac-toe/TicTacToe.GB,6f1a0a4c06f6599a5b4bf384d52a80b94f0bff81a26339f33885295c0c2198fc,1,1,running,running,True
tic-tac-toe_1,GB Tic-Tac-Toe,DMG,dmg,entries/tic-tac-toe_1/GBTICTAC.GB,343d601b4c1eb8dd72eaca5abe25cd9eec630fa4ee7a0f06821f88e4feb77683,1,0,running,running,True
tiles-johnny13,Tiles by Johnny13,CGB only,cgb,entries/tiles-johnny13/Tiles by Johnny13 (PD) [C].gbc,38521bdd810e94f34c6e4bed471e764edd9d88e936ebec64d9332198eceea00b,1,1,static,static,True
time-detective,Time Detective,CGB only,cgb,entries/time-detective/game.gb,f4c1ffd0fb9495542d2fccd123d562d7fcf9189521edfeb8c66eb18a3309abbd,1,1,running,running,True
time-travel-story,Time travel story,DMG,dmg,entries/time-travel-story/game.gb,fee15e4dd93359605320d2199fdfba6db4b384ccf22a7e44d7c4b0db6e124698,1,1,running,running,True
timespacewarrior__temporal-light-jem-of-twilight,Temporal Light-Jem of Twilight gamejam demo,CGB only,cgb,entries/timespacewarrior__temporal-light-jem-of-twilight/Temporal_Light-Jem_of_twilight-updated.gbc,1ff90516d42eb9dede40a66b1d78db9cb4b964db45b78a28b676062a4be916f2,1,1,running,running,True
timespacewarrior_temporal-lightprelude-to-hyperion,Temporal Light:Prelude to Hyperion,CGB only,cgb,entries/timespacewarrior_temporal-lightprelude-to-hyperion/files/prelude to hyperion-standard version_jam.gb,62e47902b6e82e7d6a8c363fa9d30c5c371b5aee545ccd7a715f536581012e24,1,1,running,running,True
tiny-dancer,Tiny Dancer,DMG,dmg,entries/tiny-dancer/tiny-dancer.gb,cfa5363a2d84912ccb88806cc1d8b033ca1da812c05355e731586cd7891295d7,1,1,running,running,True
tiny-grasshopper-goes-away,Tiny Grasshopper Goes Away,CGB only,cgb,entries/tiny-grasshopper-goes-away/grasshopper_1-4.gb,9bbe0ee790b4df932234e4c69d6ee8b1ce3977c0db87f8e6ca748f92d474a3d9,1,1,running,running,True
titanic-2000-demo,Titanic 2000 (demo),CGB enhanced,cgb,entries/titanic-2000-demo/Titantic 2000 Demo (PD) [C].gb,6e4acb9f34b0760a37d84931b353fd00d3cc5a82e20514c6e796dd51d2f393d9,1,1,running,running,True
tizummo_piranesian,Piranesian,DMG,dmg,entries/tizummo_piranesian/files/Piranesian.gb,06ac49502d369dd0df0d9b4e36aac8b3caafccc16429c89fc60c8cf33da6436c,1,1,running,running,True
tlc1018__bloodmoon,BLOODMOON,CGB only,cgb,entries/tlc1018__bloodmoon/BLOODMOON.gb,90027b163acbea6ee5405862ab6a6f2595752edda96311c8d1f0c149cfd98474,1,1,running,running,True
tobutobugirl,Tobu Tobu Girl,DMG,dmg,entries/tobutobugirl/tobu.gb,5d3871cae77db2287807e8914fd21f76203e73aa3fec20955489d45cb4571d8f,1,1,running,running,True
tobutobugirldeluxe,Tobu Tobu Girl Deluxe,CGB enhanced,cgb,entries/tobutobugirldeluxe/tobudx.gb,0a0e8018dbbc8d7f8cd99f05e7cdc7b4cc9e358ecfe9377ebfb2291a84c6e310,1,1,running,running,True
tochi,Tochi,CGB only,cgb,entries/tochi/tochi.gbc,bbd619acea4f817f8e10311670351ecef608a25b31fe582dd5d98e38d8ffdd87,1,1,running,running,True
together-alone,Together Alone,DMG,dmg,entries/together-alone/TogetherAlone.gb,c582948a946bf1a597e2c18646329dbb1f959133104b05ea89f23e7f04f7727f,1,1,running,running,True
tom-atom,Tom Atom,CGB enhanced,cgb,entries/tom-atom/tomatom.gbc,5f0957d571bb5ddcb3a88a32533a774b4d41be426942530a1bb05a591ed4738f,1,1,running,running,True
tonywang_gbb-reversi,GB BASIC - Starter Kit - Reversi,CGB enhanced,cgb,entries/tonywang_gbb-reversi/files/Reversi_gbcompo25_jam.gb,0896012623c1a09392385aad229970d835dbbb5265b346ef59d091eca40bb3d7,1,1,running,running,True
torysciacca_bababal,Bababal,CGB only,cgb,entries/torysciacca_bababal/files/Bababal_Jam.gb,626b23e357076a3ac669d88a55f36a37124dc19da7cac501269bb8e49cb6ff47,1,1,running,running,True
totp-gb,totp-gb,DMG,dmg,entries/totp-gb/totp-gb.gb,f757a08f67980615dba2770c364e95008a680a92eabeb4d67cecb55eb05836dc,1,1,running,running,True
touhou-gb,Touhou GB,CGB enhanced,cgb,entries/touhou-gb/touhou-gb.gb,11a3dce708669b7b3c16c8177ac9e97dd59173a6f780ec4842090e5ac9eccbac,1,1,running,running,True
touhou-gb-version-02,Touhou GB (Version 0.2),CGB enhanced,cgb,entries/touhou-gb-version-02/touhou_winter.gb,34e4972cd34b40742c527f049b6b7357a8f009003497cf3c4bdf134386cd433d,1,1,running,running,True
tower-of-hanoi,Tower Of Hanoi,DMG,dmg,entries/tower-of-hanoi/tower-of-hanoi.gb,a7546f5000ea57b7743b8159e93b3c96fcf3aa50215db51cd02d5b78a1980809,1,1,running,running,True
towers-ii-plight-of-the-stargazer,Towers II: Plight of the Stargazer,CGB only,cgb,entries/towers-ii-plight-of-the-stargazer/TOWERS.GBC,fbadaa0261996d4b09500edf40b2d85a279a40216152a48f7bd107e50c3f4648,1,1,running,running,True
toytoy-v1-1,ToyToy v1.1,CGB only,cgb,entries/toytoy-v1-1/toytoy.gbc,d44edceeaef5f8c4c19f08042a0f8784dea7e32a7befeb78a54aad21e825ff60,1,1,running,running,True
trabant,Trabant,CGB only,cgb,entries/trabant/Trabant_1_3.gbc,d8d89d8972b1282ca30d3d3603bed462ba2bd704d9e767769c373f713d858127,1,1,running,running,True
train-bandits,Train Bandits,CGB enhanced,cgb,entries/train-bandits/001_Train_Bandits.gb,5723d4d33ac69370bfc81c412dd0f9dabed1ddb3e6db123007b1535dbfe3c7fc,1,1,running,running,True
traumatarium,Traumatarium,DMG,dmg,entries/traumatarium/Traumatarium_GB.gb,bd10a3896c023cc8a3074195464fe970af12db957c5d4ec992cc67e21274b39f,1,1,running,running,True
trickle-greenweed-mermaid-at-law-in-christmas-catastrophe,Trickle Greenweed Mermaid at Law in Christmas Catastrophe,DMG,dmg,entries/trickle-greenweed-mermaid-at-law-in-christmas-catastrophe/game.gb,a7c942315137dd8484984c140e6df7d42650b0b3700f0feab2534a34555c0450,1,1,running,running,True
tridball,Tridball,CGB enhanced,cgb,entries/tridball/Tridball.gbc,0b202064711b53ab376493d650ddb993f1a8d492191fa502465035d964ea1914,1,1,running,running,True
trollkonst__trollmother,Trollmother,CGB only,cgb,entries/trollkonst__trollmother/trollmother_jam.gb,2cdccc1ff9c36c848644e9bf68a5b1c6f83704b7f3c32ab7bec4478bb09d5427,1,1,running,running,True
trollkonst_peasant-republic,Peasant Republic,CGB only,cgb,entries/trollkonst_peasant-republic/files/peasant_republic_jam.gbc,172fbf2c83d20d8cfc262ccaf58df2d8a3c98026697abd3067675354134f94fb,1,1,running,running,True
tropical-persuasion,Tropical Persuasion,CGB only,cgb,entries/tropical-persuasion/Tropical_Persuasion.gb,90d009ae39f02d10d55ed5f3b8a53c8322f5afb25be00b48de661821fb09a4c6,1,1,running,running,True
trouble-city-pocket-mission,Trouble City Pocket Mission,CGB only,cgb,entries/trouble-city-pocket-mission/TroubleCity_1.10.21.gb,e71d400056cc6d03195ec8838ad0a24c6de4e2f69fc335225d280e919d9c0f29,1,1,running,running,True
true-lies-1,True Lies +1,DMG,dmg,entries/true-lies-1/ASG-T_01.GB,f38e2cb4ed569e7c66edf039cb09d48322b8f5289454eccfbfffde10a2001c2f,1,0,crashed,crashed,True
trve-metal-crossing,Trve Metal Crossing,DMG,dmg,entries/trve-metal-crossing/game.gb,7c5c53dbbfe73fb7fed5ede21ca75f32a27c3ae3c29692d011fc5d1cd057859a,1,1,running,running,True
tuff,Tuff,CGB enhanced,cgb,entries/tuff/game.gb,ca28220f7f04460cef5d652a6298989ff00efe92e2a08a67f874bc865d98f7a6,1,1,running,running,True
tunnel-v0-1,Tunnel v0.1,DMG,dmg,entries/tunnel-v0-1/Tunnel.gb,cff6d06774b225e9fa3dc7264971ad029e3b3390db9c6fe09fe2de0941a38f77,1,1,running,running,True
turbo-rc-racing,Turbo RC Racing,CGB enhanced,cgb,entries/turbo-rc-racing/turbo-rc-racing.gb,4552f5126d4c4973fe38a3fe32d215492b13360ab3b247f0d6db065af6b97a1d,1,1,running,running,True
turbocharged,Turbocharged,CGB enhanced,cgb,entries/turbocharged/turbocharged.gb,d6c91206dd820cdf4a4da6866388f3845e343d27e3bfea016050c7233e17f1f8,0,0,crashed,crashed,True
turkey-talk,Turkey Talk,DMG,dmg,entries/turkey-talk/turkeytalk.gb,b48c86c702076bf6f9a4c24d72d4c150b7a30c003fd325d6a59f6fb2bcaa5d58,1,1,running,running,True
turtlepuzzle,TurtlePuzzle,CGB only,cgb,entries/turtlepuzzle/turtle.gb,059ccdcd778a27c0632ea8c32865d816722926de1182ce490f4051f258b02ae5,1,1,running,running,True
tutty-demo-version,Tutty (Demo Version),CGB enhanced,cgb,entries/tutty-demo-version/tutty.gbc,7ab1b91779c5a5013a131ece75cb21ed45865f1bc9b2e6298aec03b46965a68f,1,1,running,running,True
twin-peaks-meanwhile,Twin Peaks: Meanwhile,DMG,dmg,entries/twin-peaks-meanwhile/Twin_Peaks_Meanwhile.gb,d3c0db9405d5eb7f42f1ae5aea622b1f68a170c30aeacf7ab6c883f4284786c7,1,1,running,running,True
tyrian-2000,Tyrian 2000,CGB enhanced,cgb,entries/tyrian-2000/t.gb,85056bbeae007e00bc42c6654a67637ce6c154750bd004ed8df33e07a4eb4d99,1,1,running,running,True
tyro-shaman,Tyro Shaman,DMG,dmg,entries/tyro-shaman/TyroShaman.gbc,16628b5e280b77d6d16aa8a49371d9480b0c66a124028d72dd3eb2c62e2678d5,1,1,running,running,True
uaflag,uaflag,CGB enhanced,cgb,entries/uaflag/uaflag.gb,b46a650aae55109604ff40e57196bdbdb2a25e597cc199bb648c4556740ae21e,1,1,static,static,True
ucbn,UCBN,DMG,dmg,entries/ucbn/ucbn.gb,2bc3799550791088c2b594060b2f93d88e66176a5abd7b1274b7cc50d30321d0,1,1,running,running,True
ucity,uCity,CGB only,cgb,entries/ucity/ucity.gbc,0d608db175dd8ba22780be5df5fc17bf135876f6964f58ee141e4f8d81c62947,1,1,running,running,True
ugb-player-demo,UGB Player Demo,CGB enhanced,cgb,entries/ugb-player-demo/UGB Player Demo by Thalamus Interactive (PD) [C].gbc,39b06475d043c1c9dbeb057be3f7589e03f79a44d50eef049cf99d39edb01877,1,1,running,running,True
ultima-iii,Ultima III,CGB enhanced,cgb,entries/ultima-iii/ult3.gb,7ad630d95bf41c48b1d2b16dd686816654c5f8440ba86cfe0992fc952e7adc55,1,1,running,running,True
unearthed,Unearthed,CGB only,cgb,entries/unearthed/Unearthed Zero.gb,fb89647d4eda93589f829d4bc92630e55690985173b4349e0abcc45f33ad2ed2,1,1,running,running,True
unholy-2,The Unholy 2,CGB only,cgb,"entries/unholy-2/Unholy 2, The by SkyBaby (PD) [C].gbc",28c080989cf1a8bd35433c83cb3845614764b4e367eea4d1398bd637af5228ca,1,1,running,running,True
unholy-friend,Unholy Friend,CGB only,cgb,entries/unholy-friend/Unholy_Friend.gb,7923f35d9763c52ce61519eac7ca4e479d47b8e9210e4dd8c92abad4278891c9,1,1,running,running,True
unofficial-alternative-stork-party-2006-invitation,Unofficial Alternative Stork Party 2006 Invitation,DMG,dmg,entries/unofficial-alternative-stork-party-2006-invitation/jml-stor.gb,734e820c5f0aa167fedbf3082f8df43f00c4e5c04638d4e354ef0466336d17d5,1,1,running,running,True
unseen,Unseen,DMG,dmg,entries/unseen/onehourtwo.gb,e9bf8966934e43c513bde12f3e29d26aa772e39f8efdf626a6f8aa0431c7092b,1,1,running,running,True
unstoppable-knight,Unstoppable Knight,CGB enhanced,cgb,entries/unstoppable-knight/knight2.gb,42637b68a3d2806062ba410eb848e7ff2c021829a0fb616d15e3b56643f241fc,1,1,running,running,True
up-on-the-housetop,Up on the housetop,CGB only,cgb,entries/up-on-the-housetop/up-on-the-housetop.gb,357aaec8de21bc89aff341dd8a661a13f44aa4e846d9e924e47aa0e29b3ad2b1,1,1,running,running,True
ur4guys,U R 4 GUYS,CGB only,cgb,entries/ur4guys/ur4guys.gbc,d13633dc4e32875dd0fe2b23cbdb6045d3b58732f04eb128db74819701c1a22e,1,1,running,running,True
urbanzero_bunkerboy,BunkerBoy,DMG,dmg,entries/urbanzero_bunkerboy/files/BunkerBoy_jam.gb,0df3f553cd6f966ba0b6718ea04e2d5370d8e671d85f4c0889247a4beeb40ad0,1,1,running,running,True
usurper-ghoul,USURPER GHOUL,CGB enhanced,cgb,entries/usurper-ghoul/usurperghoul.1.9.gb,a90f64e46df4c3cbdc1a98bbf11859e0b93496299482a08be739380b76d86a23,1,1,running,running,True
utopia,Utopia,CGB only,cgb,entries/utopia/utopia.gb,73df257bad59ead93302f2e907bae91eb4ce0e2d85d8c485986a3a34bba16e0a,1,1,running,running,True
vallian88__muncher,Muncher,DMG,dmg,entries/vallian88__muncher/game.gb,40e0d0f4bed53e4728cd8311cdc0b870ecd94ae1af0d9b23ad6b179a1e9a3f84,1,1,running,running,True
vcaldan,VCaldan,CGB enhanced,cgb,entries/vcaldan/VCALDAN.GB,fdaa3c19ac065a5212bb66bf5f2fea2ce92f97de30bd43f8732ea829888dad28,1,1,running,running,True
vectrony,Vectrony,CGB only,cgb,entries/vectrony/vectrony.gbc,f6abb7933da019a20a7d655e118909e26c7c75999857ab71a3efb8b21e928d17,1,1,running,running,True
velcroid-maikel-ortegas,"Velcroid, Maikel Ortega's",DMG,dmg,entries/velcroid-maikel-ortegas/velcroid-bitbitjam4version.gb,91dbcdaabc2d5dc3860d56db0cb8c4ef70d1dff327f268254a2b4a99b70bbbca,1,1,running,running,True
versatility,Versatility,DMG,dmg,entries/versatility/VERSATIL.GB,404ef3e26e6da111489494de692802b58c619b465aac6576d0fb5c529c086a53,1,1,running,running,True
vertical-mess-demo,Vertical Mess Demo,CGB enhanced,cgb,entries/vertical-mess-demo/Vertical Mess Demo (PD) [C].gbc,9764c5c7f1548af67ba82113c325fb9e03706a0afcb72b5a61d51aa49d6f22e4,1,1,running,running,True
videogamestorytime__froggykong,Froggy Kong,CGB only,cgb,entries/videogamestorytime__froggykong/Froggy_Kong_jam.gbc,7d6c53032c444cdf99bf03ece3fee1ed3e9540deb8b7b8b5abb527b34793b0fc,1,1,running,running,True
videogamestorytime_fortune-and-glory,Fortune & Glory,CGB only,cgb,entries/videogamestorytime_fortune-and-glory/files/FORTUNEANDGLORY_jam.gbc,ea3645ab9bb9330cc09ef18ce93cddf332728c17c4501d55106fb317c8ecca32,1,1,running,running,True
vip,VIP,CGB enhanced,cgb,entries/vip/vip.gb,197bf27270d5faed78f22e241d11a48ee543ac4477be3567b085daa1d7f05ebc,0,0,crashed,blank,False
viper,Viper,DMG,dmg,entries/viper/Viper.gb,b16ee09de1b7c9a372cbdc7edd4906e86e77f39275ea1459bfeb13ab1dfb6841,1,1,running,running,True
vl2m-studio__dssd,Did Somebody Say Demo?,DMG,dmg,entries/vl2m-studio__dssd/DSSD_JAM.gb,46c086b4a86e4bb6a8edadf2d2f396f3afecdfcbccc2b4ac5e6d4c8f6102b04b,1,1,running,running,True
voxel,Voxel,CGB only,cgb,entries/voxel/vxl.gbc,542e6f95782cbf6c613057690c2b3847356d27f376c25191911c5ca6a3c4d69d,1,1,running,running,True
waifu-clicker-version-100,Waifu Clicker (Version 1.0.0),DMG,dmg,entries/waifu-clicker-version-100/waifu.gb,544e8b440fd8f3253f103f62e7ad28d408be6a6af188c33b75053bd84e009faf,1,1,running,running,True
wait-for-me,Wait For Me,DMG,dmg,entries/wait-for-me/wfm.gb,b5927afd76dfc0e867bf3bdbe2b3379524f5246b7555bb9352b68fe237b25313,1,1,running,running,True
wall-defence,Wall Defence,CGB enhanced,cgb,entries/wall-defence/walldefence.gbc,6ae40edfd705ee5e117825a312c67707ccaecf25c9f729387aeebe41c1f52aea,1,1,running,running,True
wanwan,WanWan,DMG,dmg,entries/wanwan/WanWan (PD).gb,7eba8a1afe0b5cdb451fdcd9321311fdc0a82a3545c919c9154750fd1f73e389,1,1,running,running,True
warfare11_josplanet-demo,Jo'sPlanet_demo,DMG,dmg,entries/warfare11_josplanet-demo/files/josplanet_demo_jam.gb,161e8b956120458348a6cd141c9ac9fec266549b9a551beb36ed7c91def62609,1,1,running,running,True
wario-walking,Wario Walking,DMG,dmg,entries/wario-walking/Wario_Walking.gb,36c69c810d9ef788a2ccdf1da13575d45158fce7aaedf057259ecb8a0e88e3ac,1,1,running,running,True
wariocraft,WarioCraft,CGB enhanced,cgb,entries/wariocraft/WarioCraft.gbc,e10ece31afaa0e4255532875e1b15bbcf404aca9eb586cd3ad097715f560521e,1,1,running,running,True
watch-demo,Watch Demo,CGB only,cgb,entries/watch-demo/Watch Demo for GBC (PD) [C].gbc,ce393041d07860cece150f4ec783178cdfb79f14bb96c0f97cbac7f002afe4c0,1,1,running,running,True
we,We,DMG,dmg,entries/we/jml-we.gb,e6afdebbf86114923de8171d2894e35a948e0f6cb358b251fb1805be9dc0907d,1,1,running,running,True
whackemon,Whackemon,CGB enhanced,cgb,entries/whackemon/Whackemon.gbc,f1e73464162be7c840abc36dcc54003f4aa951a47d1dcc4b4da98e2069080836,1,1,running,running,True
what-friends-are-for,What Friends Are For,DMG,dmg,entries/what-friends-are-for/What_Friends_Are_For_V1.0.gb,0dacbf3b8ee3e3696b9ad6118cdce821ecde223a45565017313365d01491bbdb,1,1,running,running,True
where-s-my-a500,Where's my A500 ?! (Denki Blocks),CGB only,cgb,entries/where-s-my-a500/qtx-i_01.gbc,cbfa86e37f1cf4114eeb5d7409e5d57e532948a0e9f3bf0057fe97203624c9ac,1,1,running,running,True
where-s-the-chip-hop,Where's the Chip-Hop?,CGB enhanced,cgb,entries/where-s-the-chip-hop/Wheres.gbc,ebfe15c7b0e894971a89830615ae478a81a1b6695187e23db9df70870426d4b7,1,1,running,running,True
wheres-my-cake,Where's My Cake?,CGB enhanced,cgb,entries/wheres-my-cake/cake2016.gbc,474bffdb4af0c21454258bc1574bffb459bcf8884c26c03992ab0a7905e16e28,1,1,running,running,True
willy-wonderworm,Willy Wonderworm,CGB enhanced,cgb,entries/willy-wonderworm/pv_worm.gb,4123fc49c5b793af688ad7b1e7ce056beda15bc0efcd22fd1ec20a0608cfb227,1,1,running,running,True
wing-warriors,Wing Warriors,CGB only,cgb,entries/wing-warriors/WingWarriors.gb,957c7ff7cf29778fef6a31ae194d9c13b2113e6107b3603d8cd8518f6caa5584,1,1,running,running,True
wings-demo,Wings (Demo),CGB enhanced,cgb,entries/wings-demo/Wings Demo (PD) [C].gbc,5c4e6c4779200d3f7b93a18e5d689189d8c2e38c2d49bca8d2ba230152c74c87,1,1,running,running,True
wink-gameboy,Wink GameBoy - Beta 5.8,CGB only,cgb,entries/wink-gameboy/Wink_&_the_Broken_Robot_Beta_5.8.gbc,6b27186d135bea3d2b5caa17313b562e51a3a3bdc8efe7616c9c04666c41693b,1,1,running,running,True
winter-taiken,Winter Taiken (trial),DMG,dmg,entries/winter-taiken/taiken.gb,7e0eab4c036d6ff73e80eee45eeca071bdbcab9a9d382179ee511063eb10d8cb,1,1,running,running,True
wired,Wired,CGB enhanced,cgb,entries/wired/wired.gbc,9619b160f622b1ab80addbc3069f6878632c0759ad1bb94f2e5806fb9977d4d6,1,1,running,running,True
wobble-sttng,Wobble,DMG,dmg,entries/wobble-sttng/wobble.gb,4da508f839a9bc1762e0e9bc01135db165d2e8937340df8ceb89541942947e3e,1,1,running,running,True
wobbly-celebration,Wobbly Celebration,DMG,dmg,entries/wobbly-celebration/wobbly-celebration.gb,077f3aaba21dca4a0a9f1de198e9316c6c20b2ad33b14ad3e84359a453bf6219,1,1,running,running,True
work-in-progress,Work In Progress,DMG,dmg,entries/work-in-progress/game.gb,4234bcdfd4000b7cedb6247e56dcd5fee4d5ec1be3041133feb5d624553b7f48,1,1,running,running,True
work-master-os,Work Master OS,CGB enhanced,cgb,entries/work-master-os/workmaster.gb,f572a5f1bf5455e322cebd1f97599493b1abecc52d20023823ce6c242029d51b,1,1,running,running,True
wrecking-balloon,Wrecking Balloon,DMG,dmg,entries/wrecking-balloon/WRECKINGBALLOON.gb,7d11463cfdd7972cbb83174d5441df0117c37159918cd9d2f77672806b1630e7,1,1,running,running,True
wrong-way-games__sacred-meat,Sacred Meat,DMG,dmg,entries/wrong-way-games__sacred-meat/Sacred_Meat_1.3_jam.gb,45b5586fdc70fb6ed56ac73c936d4d1328adf6c34486202f97dfe1b35085d63a,1,1,running,running,True
wyrmhole,WYRMHOLE,DMG,dmg,entries/wyrmhole/Wyrmhole.gb,a5e07f89119ee9c93aa50ec1ff828b2441781fa9b1a137f03af7b6c53ce03252,1,1,running,running,True
xeif__feed-the-monster,FEED THE MONSTER DEMO (Game Boy Color),CGB only,cgb,entries/xeif__feed-the-monster/FeedTheMonsterDemo.gbc,d02adf82770194777d9c3a719d4150661432bab2d3cc288f4618e17e4cd20b6d,1,1,running,running,True
xevious-millenium,Xevious Millennium,CGB only,cgb,entries/xevious-millenium/Xevious Millennium (PD) [C].gbc,d4e68315aa0b2cd1330ed1289b8ee0cfe740c11bcff8f9956d5709f402f28a6f,1,1,running,running,True
xmas2016,Xmas 2016,DMG,dmg,entries/xmas2016/XMAS2016PUBLICFULL.gb,03d8d88fc47c0738a2d80bb578a0ebb474e04133dab0fb2029377c8c892c6de8,1,1,running,running,True
yamikurae__babau,Babau,DMG,dmg,entries/yamikurae__babau/BABAU_jam.gb,dacb118ef04793447af578911c192ace60ca92f085221e466c9e31d22fb4df49,1,1,running,running,True
yarn-ball,Yarn Ball,DMG,dmg,entries/yarn-ball/yarn-ball.gb,a659f15c7783ac5b1d7860b7552cbc83803e9ce948aa2a83cfa67255763011e0,1,1,running,running,True
yars-revenge-v1-0,Yars Revenge v1.0,DMG,dmg,entries/yars-revenge-v1-0/YAR.GB,5e4b612caf0debc94f8e53eae82478ce8d0db2f572b1658ee3eeb932bfd2eab1,1,1,static,static,True
yo-grl-makes-a-demo,Yo-grl Makes a Demo,DMG,dmg,entries/yo-grl-makes-a-demo/yo-grl-makes-a-demo.gb,0d8a8d37026429d5cd5b0ab68fd467f4eeed176021098cebefaa48032100d40b,1,1,running,running,True
yochi-miel-the-crenalator-trials,Yochi & Miel: The Crenalator Trials,DMG,dmg,entries/yochi-miel-the-crenalator-trials/YOCHIMIELWEB.gb,61023ac01d9971d4e46f55ae3401b03f61c87c133981219414b68e03e7776060,1,1,running,running,True
you-are-my-new-friend,You are my New friend,DMG,dmg,entries/you-are-my-new-friend/You_are_my_New_friend.gb,9c6a0af5574aecc4aa25541bb99e8043a4a3195936d43a6974389c86469093df,1,1,running,running,True
you-will-die,You Will Die,DMG,dmg,entries/you-will-die/onehour.gb,224806009fba77109ca462a968e678a1cf96f4cfbffdefc69f314538b398d101,1,1,running,running,True
yume-no-oto-1,Yume no Oto 1,DMG,dmg,entries/yume-no-oto-1/yume-no-oto-1.gb,a2699886fed8ed54a4a56344d16824768f4dabca2155bb20628b34e47b7817c4,1,1,running,running,True
zakari-games__frontiers-of-the-fallen,Frontiers of the Fallen,CGB only,cgb,entries/zakari-games__frontiers-of-the-fallen/FrontiersOfTheFallen_jam.gb,0ca791bf3d19cf725f978a64a58e22f0dd572a08eaec2d9329a5be4e92d5c962,1,1,running,running,True
zanax-gb,Zanax GB,CGB enhanced,cgb,entries/zanax-gb/Z_TEST5.GB,2c66e19ee8b8cac6e2c8254fd2d306cd830919359a9603625a051bd37cfb0599,1,1,running,running,True
zanipixels__lightseeker,Lightseeker,CGB only,cgb,entries/zanipixels__lightseeker/Lightseeker_jam.gb,34b5f9b65d8d7a0ca09f0043c91424f4839db9b1863f359edf27ddcc25f8529d,1,1,running,running,True
zanipixels_colonia,Colônia,CGB only,cgb,entries/zanipixels_colonia/files/COLONIA_JAM.gb,99bae0b2fbd5fa54c0c280b0dbcecd5cdef617d3ee9bd7ea1b596e6f7aa555d6,1,1,running,running,True
zartan917_beat-the-sniper,BEAT THE SNIPER Demo,CGB only,cgb,entries/zartan917_beat-the-sniper/files/BeatTheSniper_jam.gbc,992349608125b7a90c76f0e2ca5baba232681b80c0de6518a3700098cd0f6c0b,1,1,running,running,True
zeichigames_saint-seiya-el-regreso-del-fnix-gbc,Saint Seiya - El regreso del Fenix (GameBoy Color),CGB only,cgb,entries/zeichigames_saint-seiya-el-regreso-del-fnix-gbc/files/LCZ - El regreso del fenix v1.4.1S (Update 21-01-2023 + Credits) casual mode.gbc,c01e896f5b1db94312e0e21f97469775ac827d9bbc1084730d3b9693d4dc39e8,1,1,running,running,True
zenzoa_piropa,Piropa,CGB enhanced,cgb,entries/zenzoa_piropa/files/piropa-2.1.gb,3ceec6484aac3e29dfca02dd5ce65fc0a39748c5ef1ddc3d9073cb95f35de1ae,1,1,running,running,True
zilogized,Zilogized,DMG,dmg,entries/zilogized/Kabcorp - Zilogized.gb,3862f64a2f7c30c52d17fbe3abe0a16537855d9ddf500d33fe59ede7aaef6900,1,1,running,running,True
zone-booth_pizza-palace,Pizza Palace,CGB only,cgb,entries/zone-booth_pizza-palace/files/pizza_palace.gb,40ae5e447079216af2a95ff446039aa3b65d42edaffee9e113305d1a4bf5ed33,1,1,running,running,True
zoomar,Zoomar,DMG,dmg,entries/zoomar/ZOOMAR.GB,e56973669e18062f0ff9ad4a4a73fc7f6962ca48b56de4735e792f5082890ea4,1,1,running,running,True
zypher,Zypher,DMG,dmg,entries/zypher/Zypher.gb,1baa54454a61ebb0fef8b34dbd07785d556eb35f381c7b39d7d56f37b034ab81,1,1,running,running,True
