slug,title,developer,platform,typetag,year,license,event_tags,rom_path,rom_bytes,header_title,cgb_flag,cgb_mode,sgb,cart_type,cart_type_name,mapper,mapper_supported,rom_size,ram_size,battery,header_checksum_ok,toolchain,dmg_runnable
144p-test-suite,144p Test Suite,Damian Yerrick,GB,tool,2018,GPL-2.0-or-later,,entries/144p-test-suite/gb240p.gb,32768,144P TEST,0x80,CGB enhanced,1,0x00,ROM ONLY,none,1,32768,0,0,1,other / unknown,1
1844-pinball-demo-gameboy-color,1844 PINBALL DEMO GAMEBOY COLOR,Game portal....,,game,,,gbcompo21,entries/1844-pinball-demo-gameboy-color/game.gb,262144,PINBALL,0xC0,CGB only,0,0x1B,MBC5+RAM+BATTERY,MBC5,1,262144,32768,1,1,GBDK-2020 (C),0
1d-marathon,1D Marathon,VL2M STUDIO,,game,,,gbcompo21,entries/1d-marathon/1D_Marathon.gb,32768,1DMARATHON,0x00,DMG,0,0x1B,MBC5+RAM+BATTERY,MBC5,1,32768,32768,1,1,GBDK-2020 (C),1
2048gb,2048gb,Sanqui,GB,game,,Zlib,,entries/2048gb/2048.gb,32768,2048-gb    XXXX,0x00,DMG,0,0x03,MBC1+RAM+BATTERY,MBC1,1,32768,2048,1,1,other / unknown,1
20y,20y,Snorpung,GB,demo,2009,,,entries/20y/20y.gb,65536,20Y Demo,0x00,DMG,0,0x01,MBC1,MBC1,1,65536,0,0,1,other / unknown,1
2560-colors-demo,2560 Colors Demo,Icarus Productions,GBC,demo,1999,,,entries/2560-colors-demo/COLORS.GBC,32768,COLORS,0x80,CGB enhanced,0,0x19,MBC5,MBC5,1,32768,0,0,1,other / unknown,1
2brownboyz_restaurant-rumble-demo,Restaurant Rumble,2BrownBoyz,GB,game,,,event:gbcompo25,entries/2brownboyz_restaurant-rumble-demo/files/ResturantRumble_jam.gb,262144,RESTURANTRUMBLE,0x00,DMG,0,0x1B,MBC5+RAM+BATTERY,MBC5,1,262144,8192,1,1,GBDK-2020 (C),1
2friendly,2 Friendly,isacben,GB,game,2023,,event:gbshowdown23,entries/2friendly/2friendly.gb,131072,GBSMOUSEFRIENDL,0x00,DMG,0,0x1B,MBC5+RAM+BATTERY,MBC5,1,131072,32768,1,1,GB Studio 3+,1
3d-demo,3D Demo,PJ,GB,demo,1998,,,entries/3d-demo/3D_Demo.gb,32768,3d,0x00,DMG,0,0x00,ROM ONLY,none,1,32768,0,0,1,other / unknown,1
3rd-person-horror-game,3rd person Horror Game,Stranger,,game,,,gbcompo21,entries/3rd-person-horror-game/Residential.gb,524288,,0xC0,CGB only,0,0x1B,MBC5+RAM+BATTERY,MBC5,1,524288,32768,1,1,GBDK-2020 (C),0
40wide-routine-demo,40Wide Routine Demo,sgstair,GB,demo,2000,,,entries/40wide-routine-demo/40x18 Wide Demo V1.1 (PD) [C].gbc,32768,,0xC0,CGB only,0,0x00,ROM ONLY,none,1,32768,0,0,1,other / unknown,0
5-mazes,5 mazes,godai / Gniazdo Światów,GB,game,,CC-BY-SA 4.0,,entries/5-mazes/5 mazes.gb,262144,MAZES,0x00,DMG,0,0x1B,MBC5+RAM+BATTERY,MBC5,1,262144,32768,1,1,GB Studio 3+,1
5-mazes-master-levels,5 mazes: Master levels,godai / Gniazdo Światów,GB,game,,CC-BY-SA 4.0,,entries/5-mazes-master-levels/5 mazes Master levels.gb,524288,MAZESMASTERLEVE,0x00,DMG,0,0x1B,MBC5+RAM+BATTERY,MBC5,1,524288,32768,1,1,GB Studio 3+,1
5-more-mazes,5 more mazes,godai / Gniazdo Światów,GB,game,,CC-BY-SA 4.0,,entries/5-more-mazes/5 more mazes.gb,262144,MAZES,0x00,DMG,0,0x1B,MBC5+RAM+BATTERY,MBC5,1,262144,32768,1,1,GB Studio 3+,1
64boy-opcode-scroll,64BOY_OPCODE_SCROLL,basxto,GB,demo,,,,entries/64boy-opcode-scroll/64boy-opcode-scroll.gb,32768,,0x80,CGB enhanced,0,0x00,ROM ONLY,none,1,32768,0,0,1,other / unknown,1
720-sprites,720 Sprites,One Man Band,GBC,demo,2000,,,entries/720-sprites/720spr.gb,32768,720 SPRITES,0xC0,CGB only,0,0x00,ROM ONLY,none,1,32768,0,0,1,other / unknown,0
8-bitty-games-collection,8 Bitty Games Collection,Patchwork Games,GB,game,,,,entries/8-bitty-games-collection/8-bitty-games-collection.gb,524288,EMSMENU,0x80,CGB enhanced,1,0x01,MBC1,MBC1,1,524288,0,0,1,other / unknown,1
89,Windows 89,Villagerjj,,game,,,gbcompo21,entries/89/W95_b06.gb,262144,LINUX GAME PROJ,0xC0,CGB only,0,0x1B,MBC5+RAM+BATTERY,MBC5,1,262144,32768,1,1,GBDK-2020 (C),0
a-bride,A bride for the prince,CreativaGS,,game,,,gbcompo21,entries/a-bride/game.gb,262144,A BRIDE FOR THE,0x80,CGB enhanced,0,0x1B,MBC5+RAM+BATTERY,MBC5,1,262144,32768,1,1,GBDK-2020 (C),1
a-clockmakers-tale,A Clockmaker's Tale,Robert Doman,,game,,,,entries/a-clockmakers-tale/A_Clockmakers_Tale.gb,1048576,CLOCKMAKER,0xC0,CGB only,0,0x1B,MBC5+RAM+BATTERY,MBC5,1,1048576,32768,1,1,GB Studio 3+,0
a-friend-in-need,A Friend In Need,gorzylla,GB,game,2023,,event:gbshowdown23,entries/a-friend-in-need/AFriendinNeed_rom_v1.1.gb,524288,AFRIENDINNEED,0xC0,CGB only,0,0x1B,MBC5+RAM+BATTERY,MBC5,1,524288,32768,1,1,GB Studio 3+,0
a-grave-encounter,A Grave Encounter,fireflanger,GB,game,2023,,event:gbshowdown23,entries/a-grave-encounter/AGraveEncounter1.3.gb,262144,GAMEJAMGAME,0xC0,CGB only,0,0x1B,MBC5+RAM+BATTERY,MBC5,1,262144,32768,1,1,GB Studio 3+,0
a-p-a,A.P.A.,Jeff Frohwein,GBC,demo,1999,,,entries/a-p-a/APA.GB,32768,APA DEMO - JEFF,0x80,CGB enhanced,0,0x00,ROM ONLY,none,1,32768,0,0,1,other / unknown,1
a-short-day,a short day,Tyler Lombard,,game,2022,,,entries/a-short-day/game.gb,262144,GBSHOWDOWNJAM,0xC0,CGB only,0,0x1B,MBC5+RAM+BATTERY,MBC5,1,262144,32768,1,1,GB Studio 3+,0
a-slime-travel,A Slime Travel,Dribble Studios,GBC,game,,Zlib,,entries/a-slime-travel/aslimetravel.gbc,262144,ASLIMETRAVEL,0xC0,CGB only,0,0x1B,MBC5+RAM+BATTERY,MBC5,1,262144,32768,1,1,GB Studio 3+,0
a-statement-on-the-platform-wars,A Statement On The Platform Wars,Moonbase Allstars,GBC,demo,2024,,,entries/a-statement-on-the-platform-wars/a-statement-on-the-platform-wars.gbc,17877510,\rC0m,0x05,DMG,0,0xDE,UNKNOWN,UNKNOWN,0,17877510,0,0,0,other / unknown,0
a-walk-in-snow,A walk in snow,Diego García,GB,game,2023,,event:gbshowdown23,entries/a-walk-in-snow/A_WALK_IN_SNOW.gbc,262144,UNTITLED,0xC0,CGB only,0,0x1B,MBC5+RAM+BATTERY,MBC5,1,262144,32768,1,1,GB Studio 3+,0
a-walk-in-the-woods,A Walk in the Woods [GB Showdown '23],Mooncaller,GB,game,2023,,event:gbshowdown23,entries/a-walk-in-the-woods/game.gb,524288,GBSHOWDOWN,0xC0,CGB only,0,0x1B,MBC5+RAM+BATTERY,MBC5,1,524288,32768,1,1,GB Studio 3+,0
acattag,ACATTAG,selkie,,game,,,gbcompo21,entries/acattag/acattag_GBJAM9.gb,65536,,0x00,DMG,0,0x01,MBC1,MBC1,1,65536,0,0,1,GBDK-2020 (C),1
acgb,Animal Crossing GB,Villagerjj,,game,,,gbcompo21,entries/acgb/ACGB_A04.gb,524288,ANIMAL CROSSING,0xC0,CGB only,0,0x1B,MBC5+RAM+BATTERY,MBC5,1,524288,32768,1,1,GBDK-2020 (C),0
adjustris,adjustris,Dave VanEe,GB,game,,,,entries/adjustris/adjustris.gb,32768,ADJUSTRIS V1.00,0x00,DMG,0,0x13,MBC3+RAM+BATTERY,MBC3,1,32768,8192,1,1,other / unknown,1
adulting,Adulting!,Eric Wilder,,game,,,gbcompo21,entries/adulting/Adulting_Soundtrack.gb,131072,ADULTING SOUNDT,0x80,CGB enhanced,0,0x1B,MBC5+RAM+BATTERY,MBC5,1,131072,32768,1,1,GBDK-2020 (C),1
aevilia,Aevilia,"ISSOtm, Kai, Parzival, Charmy",GBC,game,,Apache-2.0,,entries/aevilia/aevilia.gbc,131072,AEVILIAISSO,0xC0,CGB only,0,0x1B,MBC5+RAM+BATTERY,MBC5,1,131072,131072,1,1,other / unknown,0
airaki,Airaki,furrtek,GBC,game,,GPL-3.0-or-later,,entries/airaki/airaki.gb,32768,AIRAKI1,0x80,CGB enhanced,0,0x00,ROM ONLY,none,1,32768,0,0,1,other / unknown,1
aironium_gb-biringan,Lagusan Sa Biringan,Aironium,GB,game,,,event:gbcompo25,entries/aironium_gb-biringan/files/LBS0.3.5.gb,262144,LAGUSANSABIRING,0x00,DMG,0,0x1E,MBC5+RUMBLE+RAM+BATTERY,MBC5,1,262144,32768,1,1,GB Studio 3+,1
airplanz,AIRPLANZ,NotImplementedLife,GB,game,,GPL-3.0-only,,entries/airplanz/AIRPLANZ.gb,32768,AIRPLANZ,0x00,DMG,0,0x1B,MBC5+RAM+BATTERY,MBC5,1,32768,2048,1,1,other / unknown,1
akaru-hime-the-red-princess,Akaru Hime The Red Princess,Imanolea,GB,game,,,,entries/akaru-hime-the-red-princess/akaru-hime-the-red-princess.gb,65536,THEREDPRINCESS,0x00,DMG,0,0x01,MBC1,MBC1,1,65536,0,0,1,other / unknown,1
akino-hitoshi-demo,Akino Hitoshi Demo,Akino Hitoshi,GBC,demo,1999,,,entries/akino-hitoshi-demo/Akino Hitoshi Demo (PD) [C].gbc,32768,COL,0x80,CGB enhanced,0,0x00,ROM ONLY,none,1,32768,0,0,1,other / unknown,1
alien-invasion,Alien Invasion,FerrantePescara,,game,,GPL-3.0-only,gbcompo21,entries/alien-invasion/Alien-Invasion.gb,32768,,0x00,DMG,0,0x00,ROM ONLY,none,1,32768,0,0,1,GBDK-2020 (C),1
alien-planet,Alien Planet,TNI,GB,game,2001,,event:freedom-2001-gameboy-developers-competition,entries/alien-planet/aplanet.gb,65536,ALIEN PLANET,0x80,CGB enhanced,0,0x01,MBC1,MBC1,1,65536,0,0,0,other / unknown,1
all-humans-must-die,All Humans Must Die!,mr.papshmir,,game,,,gbcompo21,entries/all-humans-must-die/AHMD_V1.0.gb,262144,ALLHUMANSMUSTDI,0xC0,CGB only,0,0x1B,MBC5+RAM+BATTERY,MBC5,1,262144,32768,1,1,GBDK-2020 (C),0
alliemackie__purls-of-magic,Purls of Magic DEMO,AllieMackie,,game,2023,,event:gbcompo23,entries/alliemackie__purls-of-magic/PurlsofMagic-v.09.gb,524288,PURLSOFMAGIC,0xC0,CGB only,0,0x1B,MBC5+RAM+BATTERY,MBC5,1,524288,32768,1,1,GB Studio 3+,0
alt-party-09,Alt. party 09,Jumalauta,GB,demo,2009,,,entries/alt-party-09/jml-a09.gb,131072,JML_CONSOLE,0x00,DMG,0,0x02,MBC1+RAM,MBC1,1,131072,0,0,1,other / unknown,1
alt-too,Alt Too,Carillon Cyberiad,GB,demo,2002,,,entries/alt-too/alttoo.gb,32768,CNCD ALT'02,0x80,CGB enhanced,0,0x00,ROM ONLY,none,1,32768,0,0,1,other / unknown,1
amenizer,Amenizer,nitro2k01,GB,tool,,,,entries/amenizer/amenizer.gb,32768,AMENIZER,0x00,DMG,0,0x00,ROM ONLY,none,1,32768,0,0,1,other / unknown,1
amingos-wild-journey,Amingos Wild Journey,Joseph Norman,GBC,game,,,,entries/amingos-wild-journey/AmingosWildJourney.gbc,32768,AMINGO,0x80,CGB enhanced,0,0x00,ROM ONLY,none,1,32768,0,0,1,other / unknown,1
anakitten_mario-kart-gb,Mario Kart GB,Tacokitten,GB,game,,,event:gbcompo25,entries/anakitten_mario-kart-gb/files/Mario Kart GB Version 1.01.gb,524288,MARIOKARTGB,0xC0,CGB only,0,0x1E,MBC5+RUMBLE+RAM+BATTERY,MBC5,1,524288,32768,1,1,GB Studio 3+,0
ankoku-housou-gb,Ankoku Housou GB,weep,GB,game,2011,,,entries/ankoku-housou-gb/ankoku-housou.gb,32768,ANKOKU,0x00,DMG,0,0x00,ROM ONLY,none,1,32768,0,0,1,other / unknown,1
ant-hill,Ant Hill,Ed Federmeyer,GB,game,,,event:bung-2nd-coding-compo,entries/ant-hill/AntHill.gb,32768,AntHill,0x00,DMG,0,0x00,ROM ONLY,none,1,32768,0,0,1,other / unknown,1
ant-soldiers,Ant Soldiers,Gambit Studios,GB,game,,,,entries/ant-soldiers/ant-soldiers.gb,131072,FREE ANTS!,0x20,DMG,0,0x01,MBC1,MBC1,1,131072,0,0,1,other / unknown,1
antiisda-warrior-v1-0,AntiISDA Warrior v1.0,Ventzislav Tzvetkov,GB,game,,,,entries/antiisda-warrior-v1-0/AntiISDAWarrior.gb,32768,ANTIISDAWARRIOR,0x00,DMG,0,0x00,ROM ONLY,none,1,32768,0,0,1,other / unknown,1
apa-demo,APA Demo,,GBC,demo,2000,,,entries/apa-demo/APA Demo (PD) [C].gbc,32768,APA DEMO - JEFF,0x80,CGB enhanced,0,0x00,ROM ONLY,none,1,32768,0,0,1,other / unknown,1
ape,APE for GB Studio 2.0.0 Beta 5 [TOOL],byrontrent,,game,,,gbcompo21,entries/ape/APE_v1_02.gb,262144,APE,0x00,DMG,0,0x1B,MBC5+RAM+BATTERY,MBC5,1,262144,32768,1,1,GBDK-2020 (C),1
apocalypse,Apocalypse (Music Cartridge),Graywyck,,game,,,gbcompo21,entries/apocalypse/Apocalypse.gb,131072,MUSIC CARTRIDGE,0x00,DMG,0,0x1B,MBC5+RAM+BATTERY,MBC5,1,131072,32768,1,1,GBDK-2020 (C),1
apocalypse-now,Apocalypse Now,Matthew Johnson,GB,tool,1998,,,entries/apocalypse-now/APOCNOW.GB,32768,APOCALYPSE NOW,0x20,DMG,0,0x00,ROM ONLY,none,1,32768,0,0,1,other / unknown,1
apple-demo,Apple,Karin Horberg,GBC,game,1999,,event:bung-2nd-coding-compo,entries/apple-demo/Apple Demo (PD).gb,32768,APPLE,0x00,DMG,0,0x00,ROM ONLY,none,1,32768,0,0,1,other / unknown,1
aqueous,Aqueous,Predator Development,GBC,game,,,,entries/aqueous/Aqueous.gbc,524288,,0x80,CGB enhanced,1,0x1B,MBC5+RAM+BATTERY,MBC5,1,524288,8192,1,1,other / unknown,1
are-you-real,Are you real? (WWF Betrayal +5),Dual Crew & Shining,GBC,demo,2001,,,entries/are-you-real/dcs-t_01.gbc,32768,DCS MENU 01,0xC0,CGB only,0,0x00,ROM ONLY,none,1,32768,0,0,1,other / unknown,0
aris-delivery-palooza,Ari's Delivery Palooza,"['oykdon93', 'Chagas12']",,game,,,gbcompo21,entries/aris-delivery-palooza/Ari_s_delivery_Palooza.gb,524288,GB JAM V2,0x00,DMG,0,0x1B,MBC5+RAM+BATTERY,MBC5,1,524288,32768,1,1,GBDK-2020 (C),1
armageddon,Armageddon,Megaman_X,GB,demo,1999,,,entries/armageddon/Armageddon.gb,2097152,ARMAGEDDONVIDEO,0x00,DMG,0,0x01,MBC1,MBC1,1,2097152,0,0,1,other / unknown,1
around-town,Around Town,Toadstoolpicnic,GB,game,2023,,event:gbshowdown23,entries/around-town/AroundTown.gb,262144,GBSHOWDOWN,0xC0,CGB only,0,0x1B,MBC5+RAM+BATTERY,MBC5,1,262144,32768,1,1,GB Studio 3+,0
arresting-wrestling,Arresting Wrestling Demo!,ArrestingWrestling,,game,,,gbcompo21,entries/arresting-wrestling/game.gb,524288,DETECTIVE,0xC0,CGB only,0,0x1B,MBC5+RAM+BATTERY,MBC5,1,524288,32768,1,1,GBDK-2020 (C),0
arvex_x-frame,X-Frame (Prototype),Arvex,GB,game,,,event:gbcompo25,entries/arvex_x-frame/files/xframe-128KB-2025-08-31a_jam.gb,131072,XFRAME,0x00,DMG,1,0x19,MBC5,MBC5,1,131072,0,0,1,GBDK-2020 (C),1
ascii-wars-v1-0,ASCII Wars v1.0,Sean Hatfield,GB,game,,,,entries/ascii-wars-v1-0/AsciiWars.gb,32768,ASCIIWARS,0x00,DMG,0,0x00,ROM ONLY,none,1,32768,0,0,1,other / unknown,1
asteroids-treasure-hunt,Asteroids Treasure Hunt,Unknown,GBC,game,,,,entries/asteroids-treasure-hunt/AsteroidsTreasureHunt.gbc,32768,ASTER,0x80,CGB enhanced,0,0x00,ROM ONLY,none,1,32768,0,0,1,other / unknown,1
atchafalaya-arcade,Atchafalaya Arcade,Tambalaya,GB,tool,,,,entries/atchafalaya-arcade/atchafalaya.gb,32768,ATCHAFALAYA,0x00,DMG,0,0x00,ROM ONLY,none,1,32768,0,0,1,other / unknown,1
atop-the-witchs-tower-gb,Atop The Witch's Tower GB,"John Thyer, asie",GBC,game,2022,,,entries/atop-the-witchs-tower-gb/atwt_v1.1.gb,131072,GBZOO,0x80,CGB enhanced,1,0x1B,MBC5+RAM+BATTERY,MBC5,1,131072,32768,1,1,GBDK-2020 (C),1
avivbeeri_scoundrel-gb,Scoundrel,Aviv,GB,game,,,event:gbcompo25,entries/avivbeeri_scoundrel-gb/files/SCOUNDREL_jam.gb,32768,Scoundrel,0x00,DMG,0,0x00,ROM ONLY,none,1,32768,0,0,1,other / unknown,1
back-to-color,Back to Color,AntonioND,GBC,demo,2014,,,entries/back-to-color/demo.gbc,131072,BACK TO COLOR,0xC0,CGB only,0,0x19,MBC5,MBC5,1,131072,0,0,1,other / unknown,0
back-to-earth,Back to Earth,R-Lab,GB,game,2001,,,entries/back-to-earth/bte.gb,262144,WOLFGBSTEIN,0x80,CGB enhanced,0,0x19,MBC5,MBC5,1,262144,0,0,1,other / unknown,1
back-to-space,Back To Space,Tronimal,,music,,,gbcompo21,entries/back-to-space/backtospace.gb,262144,BTOSPACE,0x00,DMG,0,0x1A,MBC5+RAM,MBC5,1,262144,32768,0,1,GBDK-2020 (C),1
bad-apple,Bad Apple!!,Bookworm,GBC,demo,2011,,,entries/bad-apple/BADAPPLE.GBC,8388608,APPLE,0x80,CGB enhanced,0,0x19,MBC5,MBC5,1,8388608,0,0,1,other / unknown,1
badliz-the-great-strategy-roblox-theme-2006,(GB PCM Demo) Badliz: The Great Strategy- Roblox Theme 2006,jbshelton,,game,,,gbcompo21,entries/badliz-the-great-strategy-roblox-theme-2006/The_Great_Strategy_(2005).gb,8388608,GBAP2DMG,0x00,DMG,0,0x19,MBC5,MBC5,1,8388608,0,0,1,other / unknown,1
ball,Ball,Tomasz Slanina,GBC,game,,,event:bung-3rd-coding-compo,entries/ball/BALL.GBC,262144,Ball,0x80,CGB enhanced,0,0x19,MBC5,MBC5,1,262144,0,0,1,other / unknown,1
ballgamedx-demo,BallgameDX Demo,Dark Fader,GBC,game,,,event:bung-1st-coding-compo,entries/ballgamedx-demo/BallgameDXDemo.gbc,131072,BALLGAME,0xC0,CGB only,0,0x01,MBC1,MBC1,1,131072,0,0,1,other / unknown,0
balloon-man-v1-0,Balloon Man v1.0,Johan MacLeod,GB,game,,,,entries/balloon-man-v1-0/BalloonMan.gb,32768,BOMBER,0x00,DMG,0,0x00,ROM ONLY,none,1,32768,0,0,1,other / unknown,1
bannerprinter,Bannerprinter,Christian Reinbacher,GB,tool,,CC-BY-NC-4.0,,entries/bannerprinter/bannerprint.gb,32768,,0xC0,CGB only,0,0x00,ROM ONLY,none,1,32768,0,0,1,GBDK-2020 (C),0
bard-0__nunya,NUNYA(demo),Bard,,game,2023,,event:gbcompo23,entries/bard-0__nunya/NUNYA.gb,524288,NUNYAD,0xC0,CGB only,0,0x1B,MBC5+RAM+BATTERY,MBC5,1,524288,32768,1,1,GB Studio 3+,0
bbb-studio_sokopenguin-gb,SokoPenguin GB,BurterButterBeans Studio,GB,game,,,event:gbcompo25,entries/bbb-studio_sokopenguin-gb/files/Soko Penguin GB_jam.gb,524288,SOKOPENGUINGB,0x00,DMG,0,0x1E,MBC5+RUMBLE+RAM+BATTERY,MBC5,1,524288,32768,1,1,GB Studio 3+,1
beamycat_void-stranger-gb,Void Stranger GB,BeamyCat,GB,game,,,event:gbcompo25,entries/beamycat_void-stranger-gb/files/void_stranger_jam.gb,32768,VOIDSTRNGERVDSR,0x00,DMG,0,0x00,ROM ONLY,none,1,32768,0,0,1,other / unknown,1
beatscribe__gb-compo-23-music-cart-tune-in,Gb Compo 23 - Music Cart - Tune In!,beatscribe,,music,2023,,event:gbcompo23,entries/beatscribe__gb-compo-23-music-cart-tune-in/beatscribe_jam.gb,262144,BSMUSICGBCOMPO,0xC0,CGB only,0,0x1B,MBC5+RAM+BATTERY,MBC5,1,262144,32768,1,1,GB Studio 3+,0
beatscribe_gbbbs95,GbBBS95,beatscribe,GB,game,,,event:gbcompo25,entries/beatscribe_gbbbs95/files/GbBBS95_1.4.4_ESPANOL.gb,2097152,GBBS,0xC0,CGB only,1,0x1E,MBC5+RUMBLE+RAM+BATTERY,MBC5,1,2097152,32768,1,1,GB Studio 3+,0
beauty-girls-1,Beauty Girls 1,Dox,GBC,demo,2000,,,entries/beauty-girls-1/BG-Vol01.gbc,524288,BG-Vol I,0x80,CGB enhanced,0,0x01,MBC1,MBC1,1,524288,0,0,1,other / unknown,1
beauty-girls-volume-1,Beauty Girls Volume 1,Dox,GBC,demo,,,,entries/beauty-girls-volume-1/beauty-girls-volume-1.gbc,524288,BG-Vol I,0x80,CGB enhanced,0,0x01,MBC1,MBC1,1,524288,0,0,1,other / unknown,1
beberg,Beberg,Beber,GBC,demo,1999,,,entries/beberg/beberg.gbc,65536,BEBER 1,0x80,CGB enhanced,0,0x02,MBC1+RAM,MBC1,1,65536,2048,0,1,other / unknown,1
bee-jump,Bee Jump,Celestina Software,GB,game,2017,,,entries/bee-jump/bee jump music.gb,32768,BEE JUMP,0x00,DMG,0,0x00,ROM ONLY,none,1,32768,0,0,1,other / unknown,1
beep-boop-boom-box,Beep Boop Boom Box,Patchwork Games,GB,tool,,,,entries/beep-boop-boom-box/beep-boop-boom-box.gb,65536,Beep Boop,0x00,DMG,0,0x01,MBC1,MBC1,1,65536,0,0,1,other / unknown,1
beigeray,BeigeRay,Beige,GB,demo,2022,,,entries/beigeray/beigeray.gb,65536,,0x00,DMG,0,0x01,MBC1,MBC1,1,65536,0,0,1,GBDK-2020 (C),1
benchmark,Benchmark for Gameboy,Bookworm,GB,tool,2005,,,entries/benchmark/FNum.gb,32768,NUMBER,0xC0,CGB only,0,0x02,MBC1+RAM,MBC1,1,32768,0,0,1,other / unknown,0
benjamin-bluemchen-2,Benjamin Bluemchen +2,Quartex,GBC,demo,2001,,,entries/benjamin-bluemchen-2/benjamin-bluemchen-2.gbc,8534,?t:ZM,0x95,CGB enhanced,0,0xFA,UNKNOWN,UNKNOWN,0,8534,0,0,0,other / unknown,0
benjelter_ormblok,OrmBlok,"['Mike Leisz', 'Ben Jelter']",GBC,game,,,event:gbcompo25,entries/benjelter_ormblok/files/OrmBlok_jam.gbc,524288,ORMBLOKJAM,0xC0,CGB only,0,0x1E,MBC5+RUMBLE+RAM+BATTERY,MBC5,1,524288,32768,1,1,GB Studio 3+,0
big-scroller,Big Scroller,Anders Granlund,GB,demo,1998,,,entries/big-scroller/Bc.gb,32768,BIG SCROLLER,0x20,DMG,0,0x00,ROM ONLY,none,1,32768,0,0,1,other / unknown,1
big2small,Big2Small,mdsteele,GB,game,2021,GPL-3.0-or-later,,entries/big2small/big2small.gb,65536,BIG2SMALL,0x80,CGB enhanced,0,0x1B,MBC5+RAM+BATTERY,MBC5,1,65536,8192,1,1,GBDK-2020 (C),1
billgamesh_gilgamesh-enkidu-and-the-netherworld,Gilgamesh Enkidu and the Netherworld,billgamesh,GBC,game,,,event:gbcompo25,entries/billgamesh_gilgamesh-enkidu-and-the-netherworld/files/Enkidu_jam-CORRECTED.gbc,32768,Enkidu,0xC0,CGB only,0,0x00,ROM ONLY,none,1,32768,0,0,1,other / unknown,0
bin-day,Bin Day!,sjd,GB,game,2023,,event:gbshowdown23,entries/bin-day/BinDay.gb,131072,BINDAY,0x00,DMG,0,0x1B,MBC5+RAM+BATTERY,MBC5,1,131072,32768,1,1,GB Studio 3+,1
binary-chaos,Binary Chaos,Stoic Software,GBC,game,2001,,,entries/binary-chaos/chaos.gbc,524288,chaos,0xC0,CGB only,0,0x1C,MBC5+RUMBLE,MBC5,1,524288,0,0,1,other / unknown,0
biotic-limit,Biotic Limit,,GB,tool,,,,entries/biotic-limit/bioticlimit-1.gb,131072,BIONICLIMIT,0x00,DMG,0,0x02,MBC1+RAM,MBC1,1,131072,8192,0,1,other / unknown,1
bit_bang,Bit Bang,StudioGuma,GB,game,2024,GPL-3.0-or-later,,entries/bit_bang/bit_bang.gb,32768,BIT_BANG,0x00,DMG,0,0x00,ROM ONLY,none,1,32768,0,0,1,GBDK-2020 (C),1
bitte-8-bit,Bitte 8 Bit,Hitmen,GBC,demo,2000,,,entries/bitte-8-bit/8bit.gb,1048576,GROEPAZ/HITMEN,0xC0,CGB only,0,0x1B,MBC5+RAM+BATTERY,MBC5,1,1048576,8192,1,1,other / unknown,0
black-castle,Black Castle,User0x7f,GB,game,,,,entries/black-castle/black-castle.gb,65536,BLACKCASTLE,0x00,DMG,0,0x01,MBC1,MBC1,1,65536,0,0,1,GBDK-2020 (C),1
blackrookgames_george-demoscene,George Demoscene,Black Rook Games,GB,game,,,event:gbcompo25,entries/blackrookgames_george-demoscene/files/george_jam.gb,32768,,0x00,DMG,0,0x00,ROM ONLY,none,1,32768,0,0,1,other / unknown,1
blackybird,Blacky Bird,,GBC,game,2022,,,entries/blackybird/BlackyBirdCol.gb,32768,BLACKYBIRDCOL,0x80,CGB enhanced,0,0x00,ROM ONLY,none,1,32768,0,0,1,other / unknown,1
blarble,Blarble,Patchwork Games,GB,game,,,,entries/blarble/blarble.gb,65536,Blarble 1290,0x00,DMG,0,0x01,MBC1,MBC1,1,65536,0,0,1,other / unknown,1
blastah,Blastah,Black Box,GB,game,2000,,event:bung-2nd-coding-compo,entries/blastah/blastah.gb,65536,BLASTAH....BBOX,0x80,CGB enhanced,0,0x19,MBC5,MBC5,1,65536,0,0,1,other / unknown,1
bleep,bleep,Andrew G. Crowell,GB,tool,,,,entries/bleep/bleep.gb,32768,BLEEP,0x80,CGB enhanced,1,0x1B,MBC5+RAM+BATTERY,MBC5,1,32768,131072,1,1,other / unknown,1
blem,Blem!,,GB,tool,1999,,,entries/blem/BLEM! (PD).gb,32768,BLEM,0x00,DMG,0,0x00,ROM ONLY,none,1,32768,0,0,1,other / unknown,1
blossom,Blossom,colorful_courier,GB,game,,,,entries/blossom/tu_b_shvat.gb,32768,blossom_rom,0x00,DMG,0,0x00,ROM ONLY,none,1,32768,0,0,1,other / unknown,1
bluerabboot_through-the-woods-and-back,Through the Woods and Back,Bluerabboot,GB,game,,,event:gbcompo25,entries/bluerabboot_through-the-woods-and-back/files/TTWAB_jam.gb,262144,HAMY,0xC0,CGB only,0,0x1E,MBC5+RUMBLE+RAM+BATTERY,MBC5,1,262144,32768,1,1,GB Studio 3+,0
boboplushie,BOBO&PLUSHIE,QuentinM,GB,game,2023,,event:gbshowdown23,entries/boboplushie/BoboPlushie_V0_8.gb,262144,BOBOTRIALS,0xC0,CGB only,0,0x1B,MBC5+RAM+BATTERY,MBC5,1,262144,32768,1,1,GB Studio 3+,0
bomber,Bomber,Richard Town,GBC,game,,,,entries/bomber/Bomber.gbc,32768,BOMBER,0x80,CGB enhanced,0,0x00,ROM ONLY,none,1,32768,0,0,1,other / unknown,1
bomberman-tm,BOMBERMAN,T.M,GB,game,2002,,,entries/bomberman-tm/Bom.gb,65536,BOM,0x80,CGB enhanced,0,0x03,MBC1+RAM+BATTERY,MBC1,1,65536,8192,1,1,other / unknown,1
bone-finder,bone finder,DJARKY,GB,game,,,event:gbshowdown23,entries/bone-finder/bone_finder.gb,32768,QEQE,0x80,CGB enhanced,0,0x00,ROM ONLY,none,1,32768,0,0,1,other / unknown,1
books-of-the-bible-v1-4,Books of the Bible v1.4,Danny H. Newport,GB,game,2001,,event:freedom-2001-gameboy-developers-competition,entries/books-of-the-bible-v1-4/BotBfGB_14.gb,32768,14,0x00,DMG,0,0x00,ROM ONLY,none,1,32768,0,0,1,other / unknown,1
bork-paw-kisses,Bork Paw Kisses,visiface,GB,game,2023,,event:gbshowdown23,entries/bork-paw-kisses/game.gb,262144,BORKPAWSKISSES,0x00,DMG,0,0x1B,MBC5+RAM+BATTERY,MBC5,1,262144,32768,1,1,GB Studio 3+,1
botb-invitro,BotB Invitro,Battle of the Bits,GB,demo,,,,entries/botb-invitro/botb-invitro.gb,32768,BOTB INVITE,0x00,DMG,0,0x19,MBC5,MBC5,1,32768,0,0,1,other / unknown,1
boulder-dash,Boulder Dash,Dark Fader,GB,game,1999,,event:bung-1st-coding-compo,entries/boulder-dash/bdash.gb,32768,BDASH,0xC0,CGB only,0,0x00,ROM ONLY,none,1,32768,0,0,1,other / unknown,0
bounce,Bounce!,Isaac Rounds,GB,game,,,,entries/bounce/Bounce.gb,32768,BOUNCE,0x00,DMG,0,0x00,ROM ONLY,none,1,32768,0,0,1,other / unknown,1
bounce-v1-1,Bounce v1.1,Jarvik7,GB,game,,,event:bung-2nd-coding-compo,entries/bounce-v1-1/Bounce.gb,32768,BOUNCE BY J7,0x00,DMG,0,0x00,ROM ONLY,none,1,32768,0,0,1,other / unknown,1
bounced-5,Bounced +5,Capital,GBC,demo,2020,,,entries/bounced-5/bounced-5.gbc,38711,"&e+,>Q",0xEC,CGB enhanced,0,0xCB,UNKNOWN,UNKNOWN,0,38711,0,0,0,other / unknown,0
bounced-5-trainer,bounced +5 trainer,Capital,GBC,demo,,,,entries/bounced-5-trainer/bounced-5-trainer.gbc,65536,BOUNCED!   AUDP,0xC0,CGB only,0,0x19,MBC5,MBC5,1,65536,0,0,1,other / unknown,0
bounty-land,Bounty Land,Bad_Dad,,game,,,gbcompo21,entries/bounty-land/Bounty_Land1.4.gb,262144,BOUNTY LAND,0x00,DMG,0,0x1B,MBC5+RAM+BATTERY,MBC5,1,262144,32768,1,1,GBDK-2020 (C),1
bownly_ningami-2,Ningami 2,Bownly,GB,game,,,event:gbcompo25,entries/bownly_ningami-2/files/Ningami2_jam.gb,524288,,0x00,DMG,0,0x03,MBC1+RAM+BATTERY,MBC1,1,524288,32768,1,1,GBDK-2020 (C),1
boxed-in,Boxed In,Developer0,GB,game,2023,,event:gbshowdown23,entries/boxed-in/Boxed_In.gb,262144,BOXEDIN,0xC0,CGB only,0,0x1B,MBC5+RAM+BATTERY,MBC5,1,262144,32768,1,1,GB Studio 3+,0
boxes,Boxes,Chuck Mason,GB,game,,,event:bung-2nd-coding-compo,entries/boxes/Boxes.gb,65536,BOXES,0x00,DMG,0,0x03,MBC1+RAM+BATTERY,MBC1,1,65536,8192,1,1,other / unknown,1
boxing,Boxing,Unknown,GB,game,,,,entries/boxing/BOXING.GB,32768,BOXING,0x00,DMG,0,0x00,ROM ONLY,none,1,32768,0,0,1,other / unknown,1
brainfox,BrainFox,Yprit,,game,,,gbcompo21,entries/brainfox/brainfox.gb,32768,,0x00,DMG,0,0x09,ROM+RAM+BATTERY,none,1,32768,8192,1,1,GBDK-2020 (C),1
brekstascat,Breksta's Cat,NotImplementedLife,,game,,MIT,gbcompo21,entries/brekstascat/brekstascat_1_3.gb,131072,BREKSTASCATBRKC,0x00,DMG,0,0x10,MBC3+TIMER+RAM+BATTERY,MBC3,1,131072,8192,1,1,other / unknown,1
brylknol,brylknöl,xinux,GB,demo,2023,,,entries/brylknol/brylknol.gb,237926,\F:=,0xE8,CGB enhanced,0,0xAA,UNKNOWN,UNKNOWN,0,237926,0,0,0,other / unknown,0
bubble-factory,Bubble Factory,Donald Hays,GB,game,,,,entries/bubble-factory/bubble-factory.gb,32768,BUBBLEFACT,0x00,DMG,0,0x1B,MBC5+RAM+BATTERY,MBC5,1,32768,8192,1,1,GBDK-2020 (C),1
bubbles,Bubbles,Tulou,GBC,demo,2001,,,entries/bubbles/tlu-bubbles.gbc,131072,Tulou Bubbles,0x80,CGB enhanced,0,0x01,MBC1,MBC1,1,131072,0,0,1,other / unknown,1
buddy-book-battle,Buddy Book Battle,Bownly,GB,game,2023,,event:gbshowdown23,entries/buddy-book-battle/Buddy_Book_Battle.gb,262144,,0x00,DMG,0,0x03,MBC1+RAM+BATTERY,MBC1,1,262144,32768,1,1,GBDK-2020 (C),1
bugbites,Bug Bites,MOL,GB,game,2023,,event:gbshowdown23,entries/bugbites/Bug_Bites!.gb,262144,BUGBITES,0x00,DMG,0,0x1B,MBC5+RAM+BATTERY,MBC5,1,262144,32768,1,1,GB Studio 3+,1
bump,Bump,Dox,GBC,demo,1999,,,entries/bump/bump.gbc,32768,Bump,0x80,CGB enhanced,0,0x00,ROM ONLY,none,1,32768,0,0,1,other / unknown,1
bung-sprite-demo,Bung Sprite Demo,Bung Enterprises,GBC,demo,1999,,,entries/bung-sprite-demo/sprite.gb,32768,SPRITE,0x80,CGB enhanced,0,0x00,ROM ONLY,none,1,32768,0,0,1,other / unknown,1
bung-trivia,Bung Enterprises Limited Product Test,,GB,game,1999,,,entries/bung-trivia/TRIVIA.GB,32768,TRIVIA,0x00,DMG,0,0x00,ROM ONLY,none,1,32768,0,0,1,other / unknown,1
burly,Burly,Sebastian Mihai,GB,game,,,,entries/burly/burly.gb,32768,BURLY,0x00,DMG,0,0x00,ROM ONLY,none,1,32768,0,0,1,other / unknown,1
burly-bear-vs-the-mean-foxes,Burly Bear vs. The Mean Foxes,Sebastian Mihai,GBC,game,2016,,,entries/burly-bear-vs-the-mean-foxes/burly.gbc,32768,BURLY,0x80,CGB enhanced,0,0x00,ROM ONLY,none,1,32768,0,0,1,other / unknown,1
bustfree,Bustfree!,adamsmasher,GB,game,2021,,,entries/bustfree/bustfree.gb,65536,BUSTFREE,0x00,DMG,0,0x01,MBC1,MBC1,1,65536,0,0,1,other / unknown,1
buzzy56_devils-dance,The Devil's Dance (DEMO),Buzzy,GBC,game,,,event:gbcompo25,entries/buzzy56_devils-dance/files/TheDevil'sDanceDEMO_jam.gbc,524288,THEDEVILSDANCED,0xC0,CGB only,0,0x1E,MBC5+RUMBLE+RAM+BATTERY,MBC5,1,524288,32768,1,1,GB Studio 3+,0
byjustasix_pilot,Pilot Care,King the Asix,GB,game,,,event:gbcompo25,entries/byjustasix_pilot/files/herogotchi-pilot_care.gb,262144,HEROGOTCHI,0xC0,CGB only,0,0x1E,MBC5+RUMBLE+RAM+BATTERY,MBC5,1,262144,32768,1,1,GB Studio 3+,0
c64-will-never-die,C64 will never die (VIP),Capital,GBC,demo,2001,,,entries/c64-will-never-die/cpl-i_06.gbc,32768,CPL INTRO 06,0xC0,CGB only,0,0x00,ROM ONLY,none,1,32768,0,0,1,other / unknown,0
cache-cache,Cache Cache,farfadet46,GB,game,,,event:gbshowdown23,entries/cache-cache/cachecahe.gb,131072,CACHECACHE,0x00,DMG,0,0x1B,MBC5+RAM+BATTERY,MBC5,1,131072,32768,1,1,GB Studio 3+,1
calculator,Calculator,jobalisk,GB,tool,2017,,,entries/calculator/calc.gb,32768,CALC,0x00,DMG,0,0x00,ROM ONLY,none,1,32768,0,0,1,other / unknown,1
callmedj169_i-dream-of-harold-gbcompo,I Dream of Harold (GBCompo),callmeDJ,GB,game,,,event:gbcompo25,entries/callmedj169_i-dream-of-harold-gbcompo/files/IDREAMOFHAROLD_jam.gb,524288,IDREAMOFHAROLD,0xC0,CGB only,0,0x1E,MBC5+RUMBLE+RAM+BATTERY,MBC5,1,524288,32768,1,1,GB Studio 3+,0
canight__slime-trials,Slime Trials,Canight,,game,2023,,event:gbcompo23,entries/canight__slime-trials/SlimeTrials.gb,65536,,0x00,DMG,0,0x1B,MBC5+RAM+BATTERY,MBC5,1,65536,32768,1,1,GBDK-2020 (C),1
car,Car,Darren Scott,GB,game,,,event:bung-3rd-coding-compo,entries/car/Car.gb,32768,CAR,0x00,DMG,0,0x00,ROM ONLY,none,1,32768,0,0,1,other / unknown,1
car-demo,Car Demo,Jeff Frohwein,GB,demo,1997,,,entries/car-demo/L2.GB,32768,LAMBO II DEMO,0x00,DMG,0,0x00,ROM ONLY,none,1,32768,0,0,1,other / unknown,1
carazu,Carazu,Martin Holtkamp,GB,game,,GPL-3.0-or-later,,entries/carazu/carazu.gb,262144,CARAZU,0x00,DMG,0,0x03,MBC1+RAM+BATTERY,MBC1,1,262144,2048,1,1,other / unknown,1
card-shuffle,Card Shuffle,S. Noddy,GB,game,,,,entries/card-shuffle/CardShuffle.gb,32768,CARD,0x00,DMG,0,0x00,ROM ONLY,none,1,32768,0,0,1,other / unknown,1
caretaker,Caretaker,LostTokens,GB,game,2023,,event:gbshowdown23,entries/caretaker/Caretaker_(v.1.0.2).gb,262144,GBJCARETAKER,0x00,DMG,0,0x1B,MBC5+RAM+BATTERY,MBC5,1,262144,32768,1,1,GB Studio 3+,1
carillon-demos,Carillon Player Demos,Carillon Cyberiad,GB,music,2001,,,entries/carillon-demos/fruitless.gb,32768,MUSIC,0x80,CGB enhanced,0,0x19,MBC5,MBC5,1,32768,0,0,1,other / unknown,1
carillon-editor,Carillon Editor,,GB,tool,2001,,,entries/carillon-editor/carillon.gb,65536,CARILLON EDITOR,0x80,CGB enhanced,0,0x1B,MBC5+RAM+BATTERY,MBC5,1,65536,32768,1,1,other / unknown,1
carillon-wf,Carillon WF,Aleksi Eeben,GB,tool,,,,entries/carillon-wf/carillon-wf.gb,65536,CARILLON EDITOR,0x80,CGB enhanced,0,0x1B,MBC5+RAM+BATTERY,MBC5,1,65536,32768,1,1,other / unknown,1
cars,Cars,Stefan Giesewetter,GBC,game,,,,entries/cars/Cars.gbc,32768,CARS,0x80,CGB enhanced,0,0x00,ROM ONLY,none,1,32768,0,0,1,other / unknown,1
cartoon-strength__kelp-dragon,Kelp-Dragon,cartoon_strength,,game,2023,,event:gbcompo23,entries/cartoon-strength__kelp-dragon/Kelp-dragon_jam.gb,131072,KELPDRAGON,0x00,DMG,0,0x1B,MBC5+RAM+BATTERY,MBC5,1,131072,32768,1,1,GB Studio 3+,1
castle-of-sword-n-shield,Castle of Sword & Shield,its-terra,,game,,,gbcompo21,entries/castle-of-sword-n-shield/main.gb,32768,,0x00,DMG,0,0x00,ROM ONLY,none,1,32768,0,0,1,GBDK-2020 (C),1
catgoesfishing-gameboy-version,CatGoesFishing -Gameboy version,Thundersparks,,game,,,gbcompo21,entries/catgoesfishing-gameboy-version/game.gb,262144,CATGOESFISHING,0xC0,CGB only,0,0x1B,MBC5+RAM+BATTERY,MBC5,1,262144,32768,1,1,GBDK-2020 (C),0
catmario-gb,CatMario-GB,Lazy_V,GBC,demo,,MIT,,entries/catmario-gb/catmario-gb.gbc,131072,CATMARIOGB,0xC0,CGB only,0,0x1B,MBC5+RAM+BATTERY,MBC5,1,131072,32768,1,1,GB Studio 3+,0
cavern-mvm-9,Cavern (MVM 9),The Great Gallus,,game,,,,entries/cavern-mvm-9/Cavern_MVM9.gb,131072,8,0x00,DMG,0,0x03,MBC1+RAM+BATTERY,MBC1,1,131072,32768,1,1,GBDK-2020 (C),1
cc,Calling Cloud,magicite,GB,game,2023,,event:gbshowdown23,entries/cc/game.gb,262144,CALLINGCLOUD,0xC0,CGB only,1,0x1B,MBC5+RAM+BATTERY,MBC5,1,262144,32768,1,1,GB Studio 3+,0
cenotaph,Cenotaph,Dual Crew & Shining,GBC,demo,2012,,,entries/cenotaph/dcs-ctph.gbc,262144,CENOTAPH,0xC0,CGB only,0,0x1A,MBC5+RAM,MBC5,1,262144,8192,0,1,other / unknown,0
channel-49-first-strike,Channel 49 - First Strike,Matt Stainton,GB,music,2001,,event:freedom-2001-gameboy-developers-competition,entries/channel-49-first-strike/Channel49-firststrike.gb,65536,MUSIC,0x80,CGB enhanced,0,0x19,MBC5,MBC5,1,65536,0,0,1,other / unknown,1
chaos89,Chaos89,Charles Doty,GBC,demo,2000,,,entries/chaos89/Chaos89 by Charles Doty (PD) [C].gbc,32768,CHAOS89-RASTER,0x80,CGB enhanced,0,0x19,MBC5,MBC5,1,32768,0,0,1,other / unknown,1
chavezfunktion__monkeys-on-mars,Monkeys on Mars,Chavez.funktion,,music,2023,,event:gbcompo23,entries/chavezfunktion__monkeys-on-mars/chavez_monkeys_on_mars_gbcompo_jam.GB,32768,HUGE,0x00,DMG,0,0x00,ROM ONLY,none,1,32768,0,0,1,other / unknown,1
checkercube,CheckerCube,,GB,,1998,,,entries/checkercube/CheckerCube.gb,32768,CHECKERCUBE v0.1,0x31,DMG,0,0x00,ROM ONLY,none,1,32768,0,0,0,other / unknown,1
child-s-play,Child's Play,Carillon Cyberiad,GBC,demo,2002,,,entries/child-s-play/childsplay.gbc,524288,CHILD'S PLAY,0x80,CGB enhanced,0,0x19,MBC5,MBC5,1,524288,0,0,1,other / unknown,1
chord,Chord,Humble,GB,tool,,,,entries/chord/chord.gb,32768,CHORD,0x00,DMG,0,0x1B,MBC5+RAM+BATTERY,MBC5,1,32768,32768,1,1,other / unknown,1
christmas-2004-musicdisk,Christmas 2004 Musicdisk,Jumalauta,GB,music,2004,,,entries/christmas-2004-musicdisk/jml-joul.gb,32768,SAK/JML 2004,0x20,DMG,0,0x00,ROM ONLY,none,1,32768,0,0,1,other / unknown,1
christmas-diamonds-gameboy-original-asm,Christmas Diamonds (GameBoy (original../ASM),kindid,GB,demo,2023,,,entries/christmas-diamonds-gameboy-original-asm/christmas-diamonds-gameboy-original-asm.gb,9827,a<rQ/,0xDD,CGB enhanced,0,0xBE,UNKNOWN,UNKNOWN,0,9827,0,0,0,other / unknown,0
christmas-light-simulator,Christmas Light Simulator,Celestina Software,GBC,demo,2017,,,entries/christmas-light-simulator/star.gbc,32768,FIGHT SIMULATOR,0x80,CGB enhanced,0,0x00,ROM ONLY,none,1,32768,0,0,1,other / unknown,1
chuckie-egg-dx-version-033,Chuckie Egg DX (Version 0.33),Hive,GBC,game,2001,,,entries/chuckie-egg-dx-version-033/chuckie.gbc,131072,TEMP,0x80,CGB enhanced,0,0x02,MBC1+RAM,MBC1,1,131072,32768,0,1,other / unknown,1
chunk-out,Chunk Out,James Todd,GBC,game,2016,,,entries/chunk-out/chunkout.gbc,32768,CHUNKOUT,0x80,CGB enhanced,0,0x00,ROM ONLY,none,1,32768,0,0,1,other / unknown,1
chunky-world,Chunky World,Dream Team,GBC,demo,2000,,,entries/chunky-world/GBDEV.GBC,32768,gbdev,0x80,CGB enhanced,0,0x00,ROM ONLY,none,1,32768,0,0,1,other / unknown,1
chunkysteveo_cartbound-the-gb-hardware-quest-gbc25-jam,CartBound - The GB Hardware Quest,ChunkySteveo,GB,game,,,gbcompo2025;event:gbcompo25,entries/chunkysteveo_cartbound-the-gb-hardware-quest-gbc25-jam/files/cartbound_jam.gb,524288,GBCOMPO,0xC0,CGB only,1,0x1E,MBC5+RUMBLE+RAM+BATTERY,MBC5,1,524288,32768,1,1,GB Studio 3+,0
circle-1886,Circle 1886,Carillon Cyberiad,GBC,demo,2000,,,entries/circle-1886/CNCD_CIRCLE1886.gbc,65536,CNCD_CIRCLE1886,0xC0,CGB only,0,0x19,MBC5,MBC5,1,65536,0,0,1,other / unknown,0
clay-pidgeon-shooting,Clay Pidgeon Shooting,Jim Bagley,GBC,game,2000,,,entries/clay-pidgeon-shooting/Clay Pidgeon Shooting by Jim Bagley (PD) [C].gbc,524288,,0x80,CGB enhanced,1,0x19,MBC5,MBC5,1,524288,0,0,1,other / unknown,1
claytheturtle_cosmo-command-gb-compo-2025,Cosmo Command - GB Compo 2025,claytheturtle,GBC,game,,,event:gbcompo25,entries/claytheturtle_cosmo-command-gb-compo-2025/files/CosmoCommand_jam.gbc,1048576,COSMOCOMMAND,0xC0,CGB only,0,0x1E,MBC5+RUMBLE+RAM+BATTERY,MBC5,1,1048576,32768,1,1,GB Studio 3+,0
clickomania-alpha,ClickOmania (Alpha),ph0x,GB,game,,,,entries/clickomania-alpha/clk.gb,65536,CLICKOMANIA,0x80,CGB enhanced,0,0x01,MBC1,MBC1,1,65536,0,0,1,other / unknown,1
clockclicker,Clockclicker,gwo,,game,,,,entries/clockclicker/clockclicker.gb,32768,MAIN,0x00,DMG,0,0x00,ROM ONLY,none,1,32768,0,0,1,other / unknown,1
cloudscomputing__sgb-sou-trn-demo,SGB SOU_TRN demo,cloudscomputing,,game,2023,,event:gbcompo23,entries/cloudscomputing__sgb-sou-trn-demo/sgb_mus.gb,32768,,0x00,DMG,1,0x00,ROM ONLY,none,1,32768,0,0,1,GBDK-2020 (C),1
clown,Clown,Norman Nithman,GB,demo,1996,,,entries/clown/CLOWN1.GB,32768,CLOWN 1,0x00,DMG,0,0x00,ROM ONLY,none,1,32768,0,0,0,other / unknown,1
clunkypd,Clunky and the Parallel Dimension,Lebuh,,game,,,,entries/clunkypd/game.gb,524288,CLUNKY,0xC0,CGB only,0,0x1B,MBC5+RAM+BATTERY,MBC5,1,524288,32768,1,1,GB Studio 3+,0
color-bar,Color bar display for GBC,TeamKNOx,GBC,demo,,MIT,,entries/color-bar/colorbar.gb,32768,COLORBAR,0x80,CGB enhanced,0,0x00,ROM ONLY,none,1,32768,0,0,1,other / unknown,1
color-collapse,Color Collapse,Spelchan Software,GB,game,,,event:bung-2nd-coding-compo,entries/color-collapse/ColorCollapse.gb,32768,Color Collapse,0x00,DMG,0,0x00,ROM ONLY,none,1,32768,0,0,1,other / unknown,1
color-tuner-v1-0,Color Tuner v1.0,,GBC,tool,1999,,,entries/color-tuner-v1-0/Color Tuner V1.0 (PD) [C].gbc,32768,COLOR TUNER,0x80,CGB enhanced,0,0x00,ROM ONLY,none,1,32768,0,0,1,other / unknown,1
commando,Commando,,GB,tool,1999,,,entries/commando/Commando (PD).gb,32768,MIKE2,0x00,DMG,0,0x00,ROM ONLY,none,1,32768,0,0,1,other / unknown,1
commando-death,Commando Death,Unknown,GB,game,,,,entries/commando-death/CommandoDeath.gb,32768,0,0x00,DMG,0,0x00,ROM ONLY,none,1,32768,0,0,1,other / unknown,1
concert-grove,Concert Grove,GamechangerMods,GB,game,2023,,event:gbshowdown23,entries/concert-grove/concertgrove1.gb,262144,UNTITLEDCONCERT,0x00,DMG,0,0x1B,MBC5+RAM+BATTERY,MBC5,1,262144,32768,1,1,GB Studio 3+,1
cook-simburgerking,Cook (SimBurgerKing),Joshua Wise,GBC,game,2001,,event:freedom-2001-gameboy-developers-competition,entries/cook-simburgerking/cook.gbc,114688,Cook on GBColor,0xC0,CGB only,0,0x03,MBC1+RAM+BATTERY,MBC1,1,131072,2048,1,1,other / unknown,0
cookies-bakery,Cookie's Bakery,leafthief,,game,,,,entries/cookies-bakery/bakery_v1.0.3.gb,524288,COOKIES BAKERY,0x80,CGB enhanced,0,0x1B,MBC5+RAM+BATTERY,MBC5,1,524288,32768,1,1,GBDK-2020 (C),1
core-machina,Core Machina,Pearacidic,,game,2021,,gbcompo21;gbcompo21-shortlist,entries/core-machina/Core Machina v1.2c DEMO.gb,524288,CORE MACHINA,0xC0,CGB only,0,0x1B,MBC5+RAM+BATTERY,MBC5,1,524288,32768,1,1,GBDK-2020 (C),0
corrib75,<corrib75>,gearfo,,game,2021,GPL-3.0,gbcompo21;gbcompo21-shortlist,entries/corrib75/corrib75.gb,131072,CORRIB75,0x80,CGB enhanced,1,0x1B,MBC5+RAM+BATTERY,MBC5,1,131072,8192,1,1,GBDK-2020 (C),1
cosmic-attack,Cosmic Attack,Unknown,GBC,game,,,,entries/cosmic-attack/CosmicAttack.gbc,32768,COSMICA,0x80,CGB enhanced,0,0x00,ROM ONLY,none,1,32768,0,0,1,other / unknown,1
cosmic-cones,Cosmic Cones,Zhamul,GB,demo,,,,entries/cosmic-cones/cosmic-cones.gb,131072,TEMPLATE,0x00,DMG,0,0x01,MBC1,MBC1,1,131072,0,0,1,other / unknown,1
cosmica,Cosmica,,GB,game,2001,,,entries/cosmica/cosmica.gb,32768,COSMICA,0x80,CGB enhanced,0,0x00,ROM ONLY,none,1,32768,0,0,1,other / unknown,1
coucou,coucou,Piers Bishop,GB,game,,,,entries/coucou/coucou.gb,32768,WAVES,0x00,DMG,0,0x00,ROM ONLY,none,1,32768,0,0,1,other / unknown,1
counterfeitfaker__road-rage,ROAD RAGE: A Cautionary Tale,CounterfeitFaker,,game,2023,,event:gbcompo23,entries/counterfeitfaker__road-rage/roadrage_jam.gb,524288,ROADRAGE,0xC0,CGB only,0,0x1B,MBC5+RAM+BATTERY,MBC5,1,524288,32768,1,1,GB Studio 3+,0
counting-sheep,Counting Sheep,cabbage,GB,game,,,,entries/counting-sheep/counting-sheep.gb,65536,SHEEP,0x00,DMG,0,0x03,MBC1+RAM+BATTERY,MBC1,1,65536,8192,1,1,other / unknown,1
cpl-gbc-intro-1,cpl gbc intro #1,Capital,GBC,demo,,,,entries/cpl-gbc-intro-1/cpl-gbc-intro-1.gbc,32768,CPL INTRO 01,0xC0,CGB only,0,0x00,ROM ONLY,none,1,32768,0,0,1,other / unknown,0
cpl-gbc-intro-2,cpl gbc intro #2,Capital,GBC,demo,,,,entries/cpl-gbc-intro-2/cpl-gbc-intro-2.gbc,32768,CPL INTRO 02,0xC0,CGB only,0,0x00,ROM ONLY,none,1,32768,0,0,1,other / unknown,0
cpl-gbc-intro-3,cpl gbc intro #3,Capital,GBC,demo,,,,entries/cpl-gbc-intro-3/cpl-gbc-intro-3.gbc,32768,CPL INTRO 03,0xC0,CGB only,0,0x00,ROM ONLY,none,1,32768,0,0,1,other / unknown,0
cpl-gbc-intro-4,cpl gbc intro #4,Capital,GBC,demo,,,,entries/cpl-gbc-intro-4/cpl-gbc-intro-4.gbc,32768,CPL INTRO 04,0xC0,CGB only,0,0x00,ROM ONLY,none,1,32768,0,0,1,other / unknown,0
cracktro,Cracktro,The Corporation,GBC,demo,2006,,,entries/cracktro/tcintro3.gb,32768,TC INTRO BY WK!,0x80,CGB enhanced,0,0x00,ROM ONLY,none,1,32768,0,0,1,other / unknown,1
crash,Crash,Unknown,GB,game,,,event:bung-2nd-coding-compo,entries/crash/CRASH.GB,32768,TINARA1,0x00,DMG,0,0x1B,MBC5+RAM+BATTERY,MBC5,1,32768,2048,1,1,other / unknown,1
creativags__weekplanner,WeekPlanner,CreativaGS,,tool,2023,,event:gbcompo23,entries/creativags__weekplanner/WeekPlanner_jam.gb,262144,WEEKPLANNER,0xC0,CGB only,0,0x1B,MBC5+RAM+BATTERY,MBC5,1,262144,32768,1,1,GB Studio 3+,0
creativenamegames_pocket-aquarium,Pocket Aquarium,creativenamegames,GB,game,,,event:gbcompo25,entries/creativenamegames_pocket-aquarium/files/Pocket Aquarium 2.5_jam.gb,524288,POCKETAQUARIUM,0xC0,CGB only,0,0x1E,MBC5+RUMBLE+RAM+BATTERY,MBC5,1,524288,32768,1,1,GB Studio 3+,0
cricket,Cricket,james todd,GB,game,,,,entries/cricket/CRICKET.GB,32768,CRIKCET,0x00,DMG,0,0x00,ROM ONLY,none,1,32768,0,0,1,other / unknown,1
crossconnect,CrossConnect,quinnp,GB,game,2022,MIT,,entries/crossconnect/CrossConnect.gbc,32768,CrossConnect,0x80,CGB enhanced,0,0x1B,MBC5+RAM+BATTERY,MBC5,1,32768,8192,1,1,other / unknown,1
crystal-lake,Crystal Lake,VHVS,GB,game,2020,Zlib,,entries/crystal-lake/CrystalLake.gb,1048576,CRYSTAL LAKE,0x00,DMG,0,0x02,MBC1+RAM,MBC1,1,1048576,32768,0,1,other / unknown,1
ctc,Chase The Chest Z,tononyto,,game,,,gbcompo21,entries/ctc/game.gb,262144,SMASH2,0x00,DMG,0,0x1B,MBC5+RAM+BATTERY,MBC5,1,262144,32768,1,1,GBDK-2020 (C),1
cuckoo-in-time,Cuckoo in Time,MBaran,,game,,,,entries/cuckoo-in-time/game.gb,32768,,0x00,DMG,0,0x00,ROM ONLY,none,1,32768,0,0,1,GBDK-2020 (C),1
cuppajoe,Cuppa Joe,birdsofafeather,GB,game,2023,,event:gbshowdown23,entries/cuppajoe/Cuppa_Joe_(Jam_Version).gb,262144,GS,0xC0,CGB only,0,0x1B,MBC5+RAM+BATTERY,MBC5,1,262144,32768,1,1,GB Studio 3+,0
cupritegames__dragons-egg,Dragon's Egg (GB Compo 2023),Cuprite,,game,2023,,event:gbcompo23,entries/cupritegames__dragons-egg/Dragons_Egg_jam.gb,2097152,DRAGONSEGG,0xC0,CGB only,0,0x1B,MBC5+RAM+BATTERY,MBC5,1,2097152,32768,1,1,GB Studio 3+,0
cute-demo-cgb,Cute Demo CGB,Mills,GBC,demo,,,,entries/cute-demo-cgb/cute-demo-cgb.gbc,262144,CUTEDEMO,0xC0,CGB only,0,0x01,MBC1,MBC1,1,262144,0,0,1,other / unknown,0
cuurian__monster-mind,Monster Mind,Cuurian,,game,2023,,event:gbcompo23,entries/cuurian__monster-mind/MonsterMind_Jam.gbc,131072,MONSTERMIND,0xC0,CGB only,0,0x1B,MBC5+RAM+BATTERY,MBC5,1,131072,32768,1,1,GB Studio 3+,0
cybersquash,Cyber Squash,Jordan Tuzsuzov,GB,game,2001,,event:freedom-2001-gameboy-developers-competition,entries/cybersquash/cybersquash.gb,32768,DEMO1,0x80,CGB enhanced,0,0x00,ROM ONLY,none,1,32768,0,0,1,other / unknown,1
daisanpo27_deejay-techno-monkey,Deejay Techno Monkey!,DaiSanPo27,GBC,music,,,event:gbcompo25,entries/daisanpo27_deejay-techno-monkey/files/DJ Techno Monkey!_jam.gbc,524288,DJTECHNOMONKEYD,0xC0,CGB only,0,0x1E,MBC5+RUMBLE+RAM+BATTERY,MBC5,1,524288,32768,1,1,GB Studio 3+,0
damn-plug-it,Damn! Plug it!,[TheDarkTiger],,game,,,gbcompo21,entries/damn-plug-it/DPI.gb,32768,DPI,0x80,CGB enhanced,0,0x00,ROM ONLY,none,1,32768,0,0,1,GBDK-2020 (C),1
dan-laser,Dan Laser,Gambit Studios,GB,game,,,,entries/dan-laser/dan-laser.gb,32768,TEST ONLY,0x20,DMG,0,0x00,ROM ONLY,none,1,32768,0,0,1,other / unknown,1
dancar__mind-controller,Enthraller: The Small-Hauler,dancar,,game,2023,,event:gbcompo23,entries/dancar__mind-controller/enthraller.gb,65536,,0x00,DMG,0,0x03,MBC1+RAM+BATTERY,MBC1,1,65536,8192,1,1,GBDK-2020 (C),1
dancar_puzzleboy-logic-quest,PuzzleBoy: Logic Quest,dancar,GB,game,,,event:gbcompo25,entries/dancar_puzzleboy-logic-quest/files/puzzleboy_jam.gb,524288,,0x00,DMG,0,0x1B,MBC5+RAM+BATTERY,MBC5,1,524288,8192,1,1,GBDK-2020 (C),1
dangan,dangan GB,"Snorpung, Nordloef",GB,game,,,,entries/dangan/dangan.gb,262144,DANGAN GB,0x00,DMG,0,0x01,MBC1,MBC1,1,262144,0,0,1,other / unknown,1
dangan-gb-4,Dangan GB +4,Phantasy,GBC,demo,2019,,,entries/dangan-gb-4/dangan-gb-4.gbc,17042,2m=,0x9A,CGB enhanced,0,0x86,UNKNOWN,UNKNOWN,0,17042,0,0,0,other / unknown,0
dango-dash,Dango Dash,Rebusmind,,game,2021,,gbcompo21;gbcompo21-shortlist,entries/dango-dash/Dango Dash_v01.gb,1048576,GBCOMPO,0xC0,CGB only,0,0x1B,MBC5+RAM+BATTERY,MBC5,1,1048576,32768,1,1,GBDK-2020 (C),0
dark-intentions,Dark Intentions,Black Thunder,GBC,demo,2000,,,entries/dark-intentions/Dark Intensions.gbc,32768,DEMO,0xC0,CGB only,0,0x00,ROM ONLY,none,1,32768,0,0,1,other / unknown,0
darkfader-demos,DarkFader Demo Collection,DarkFader,GBC,demo,1999,,,entries/darkfader-demos/MacGB Demo by DarkFader (PD) [C].gbc,32768,MAC,0xC0,CGB only,0,0x00,ROM ONLY,none,1,32768,0,0,1,other / unknown,0
dashy-no-witch,Dashy No Witch,voxel,GB,game,,0BSD,,entries/dashy-no-witch/DashyHalloween2019.gb,65536,DASHY NO WITCH,0x00,DMG,0,0x1A,MBC5+RAM,MBC5,1,65536,8192,0,1,other / unknown,1
daveduck321_block-game,Gameboy block game but C++,DaveDuck321,GB,game,,,event:gbcompo25,entries/daveduck321_block-game/files/block_game_but_c++_jam.gb,17680,libgb game,0x00,DMG,0,0x00,ROM ONLY,none,1,32768,0,0,1,other / unknown,1
dawn,Dawn,Icebird,GB,demo,1998,,,entries/dawn/Dawn.gb,131072,dawn/icebird,0x00,DMG,0,0x01,MBC1,MBC1,1,131072,0,0,1,other / unknown,1
dawn-will-come,Dawn Will Come,eishiya,,game,2021,MIT / CC-BY-4.0 (Assets),gbcompo21;gbcompo21-shortlist,entries/dawn-will-come/DawnWillCome.gb,2097152,DAWN WILL COME,0xC0,CGB only,0,0x1B,MBC5+RAM+BATTERY,MBC5,1,2097152,32768,1,1,GBDK-2020 (C),0
days-without,Days Without,Elvies,GB,game,,,event:gbshowdown23,entries/days-without/Days_Without_-_Elvies_[More_Endings].gbc,262144,PROJECTSMILEGBS,0xC0,CGB only,0,0x1B,MBC5+RAM+BATTERY,MBC5,1,262144,32768,1,1,GB Studio 3+,0
dbung,Bung Cart Slideshow,Derek Steinmoeller,GB,demo,1999,,,entries/dbung/dbung.gb,32768,DBUNG,0x00,DMG,0,0x00,ROM ONLY,none,1,32768,0,0,1,other / unknown,1
dcs-gbc-intro-2,dcs gbc intro #2,Dual Crew Shining,GBC,demo,,,,entries/dcs-gbc-intro-2/dcs-gbc-intro-2.gbc,32768,,0x80,CGB enhanced,0,0x02,MBC1+RAM,MBC1,1,32768,32768,0,1,other / unknown,1
dd-character-sheet-demade,D&D Character Sheet DEMADE,Psy,,game,,MIT,gbcompo21,entries/dd-character-sheet-demade/game.gb,262144,GBCOMP2021GAME,0x00,DMG,0,0x1B,MBC5+RAM+BATTERY,MBC5,1,262144,32768,1,1,GBDK-2020 (C),1
dead-dungeon,Dead Dungeon,Robert Doman,,game,,,gbcompo21,entries/dead-dungeon/DeadDungeon.gb,262144,DEAD DUNGEON,0xC0,CGB only,0,0x1B,MBC5+RAM+BATTERY,MBC5,1,262144,32768,1,1,GBDK-2020 (C),0
deadeus,deadeus,izma,GB,game,,,,entries/deadeus/deadeus.gb,1048576,DEADEUS GB,0x00,DMG,0,0x1B,MBC5+RAM+BATTERY,MBC5,1,1048576,32768,1,1,other / unknown,1
death-planet,Death Planet,Mackerel Interactive,GB,game,2019,,,entries/death-planet/deathplanet.gb,32768,DEATH PLANET,0x00,DMG,0,0x00,ROM ONLY,none,1,32768,0,0,1,other / unknown,1
death-ray-free-version,Death Ray Free Version,Pixel8,GB,tool,,,,entries/death-ray-free-version/death-ray-free-version.gb,32768,TEMP,0x00,DMG,0,0x03,MBC1+RAM+BATTERY,MBC1,1,32768,8192,1,1,other / unknown,1
decline,Decline,BenJelter,,game,2022,,,entries/decline/Decline_JAM_FINAL.gb,1048576,OPOSSUMCOUNTRYD,0xC0,CGB only,0,0x1B,MBC5+RAM+BATTERY,MBC5,1,1048576,32768,1,1,GB Studio 3+,0
deep-dungeon,Deep Dungeon,Lazy Dev Games,,game,,,gbcompo21,entries/deep-dungeon/Deep_Dungeon_v1.3.gb,2097152,DEEP DUNGEON,0x00,DMG,0,0x1B,MBC5+RAM+BATTERY,MBC5,1,2097152,32768,1,1,GBDK-2020 (C),1
deep-scan,Deep Scan for GBC,TeamKNOx,GBC,game,,MIT,,entries/deep-scan/dscan.gb,32768,DSCAN,0x80,CGB enhanced,0,0x00,ROM ONLY,none,1,32768,0,0,1,other / unknown,1
deltarune-combat-demo,Deltarune Combat Demo,DoYouEvenFish,,game,,,gbcompo21,entries/deltarune-combat-demo/DeltaruneBattle.gb,32768,DELTARUNE,0xC0,CGB only,0,0x19,MBC5,MBC5,1,32768,0,0,1,other / unknown,0
demekala__toko,Toko,demekala,,game,2023,,event:gbcompo23,entries/demekala__toko/TOKO_jam.gb,32768,,0x00,DMG,0,0x00,ROM ONLY,none,1,32768,0,0,1,GBDK-2020 (C),1
demiforce-demo,Demiforce Demo,,GBC,demo,2000,,,entries/demiforce-demo/Demiforce Demo (PD) [C].gbc,32768,TEMP,0x80,CGB enhanced,0,0x00,ROM ONLY,none,1,32768,0,0,1,other / unknown,1
demo-collection,Demo Collection,Revival Studios,GB,demo,1996,,,entries/demo-collection/vectdemo.gb,32768,DEMO2,0x00,DMG,0,0x00,ROM ONLY,none,1,32768,0,0,1,other / unknown,1
demo-pack,Demo Pack,Mango,GB,demo,1998,,,entries/demo-pack/TOONS.GB,32768,JOHN PERICOS  97,0x37,DMG,0,0x00,ROM ONLY,none,1,32768,0,0,0,other / unknown,1
demo3d,demo3d,,GB,demo,,,,entries/demo3d/demo3d.gb,524288,STUNT RACE FX,0x00,DMG,0,0x03,MBC1+RAM+BATTERY,MBC1,1,524288,8192,1,1,other / unknown,1
demolissagegames_the-sweeping-wizard,The Sweeping Wizard (demo),DemolissageGames,GB,game,,,event:gbcompo25,entries/demolissagegames_the-sweeping-wizard/files/TheSweepingWizard_jam.gb,131072,,0x00,DMG,0,0x19,MBC5,MBC5,1,131072,0,0,1,GBDK-2020 (C),1
demon-blood,Demon Blood,Youth Uprising,GB,demo,2012,,,entries/demon-blood/yup-demonblood.gb,524288,YUP:DEMON BLOOD,0x00,DMG,0,0x01,MBC1,MBC1,1,524288,0,0,1,other / unknown,1
demotronic,Demotronic,Megaboys,GBC,demo,2002,,,entries/demotronic/mb-dtrnc.gbc,524288,DEMOTRONIC 100%,0xC0,CGB only,0,0x1A,MBC5+RAM,MBC5,1,524288,32768,0,1,other / unknown,0
denki-blocks,Denki Blocks,Quartex,GBC,demo,2001,,,entries/denki-blocks/denki-blocks.gbc,8177,2:h1RX,0xAA,CGB enhanced,0,0xD3,UNKNOWN,UNKNOWN,0,8177,0,0,0,other / unknown,0
deseo,DESEO,sellitos2020,,game,,,gbcompo21,entries/deseo/deseo_español.gb,524288,DESEO,0x00,DMG,0,0x1B,MBC5+RAM+BATTERY,MBC5,1,524288,32768,1,1,GBDK-2020 (C),1
detectiveknox,Detective Knox In: The DoppelgÃ¤nger (Demo),pcavalcanti,,game,,,gbcompo21,entries/detectiveknox/detective_knox_in_-_the_doppelgänger_-_Demo.gb,262144,MURDERMYSTERY,0x00,DMG,0,0x1B,MBC5+RAM+BATTERY,MBC5,1,262144,32768,1,1,GBDK-2020 (C),1
deved_potion-panic,Potion Panic (Demo),DevEd,GBC,game,,,event:gbcompo25,entries/deved_potion-panic/files/potionpanic_jam.gbc,262144,POTION PANIC,0xC0,CGB only,0,0x1C,MBC5+RUMBLE,MBC5,1,262144,0,0,1,other / unknown,0
diamaze,DiaMaze (GB),fb1,,game,,,,entries/diamaze/diamaze.gb,262144,MAIN,0x00,DMG,0,0x03,MBC1+RAM+BATTERY,MBC1,1,262144,8192,1,1,other / unknown,1
digico-move,Dejiko Move,,GBC,tool,2005,,,entries/digico-move/Digico Move (PD) [C].gbc,32768,DIGIMOVE,0x80,CGB enhanced,0,0x00,ROM ONLY,none,1,32768,0,0,1,other / unknown,1
dij_d-u-b,d-u-b,DJ,GB,game,,,event:gbcompo25,entries/dij_d-u-b/files/d-u-b_jam.gb,32768,,0x00,DMG,0,0x00,ROM ONLY,none,1,32768,0,0,1,GBDK-2020 (C),1
dimension-of-miracles,Dimension of Miracles,AGO,GBC,demo,2000,,,entries/dimension-of-miracles/dimens.GB,32768,DIMENSION OF M.,0x80,CGB enhanced,0,0x02,MBC1+RAM,MBC1,1,32768,0,0,1,other / unknown,1
dimensionless-sample,Dimensionless Sample,Jerry Crash,GBC,tool,2000,,,entries/dimensionless-sample/Dimensionless Sample (PD) [C].gbc,65536,Demensionless!!,0x80,CGB enhanced,1,0x00,ROM ONLY,none,1,65536,0,0,0,other / unknown,1
dino-racers,Dino Racers,BBoth,,game,,,gbcompo21,entries/dino-racers/DinoRacers_V01.gbc,262144,SCROLLERTEST2,0xC0,CGB only,0,0x1B,MBC5+RAM+BATTERY,MBC5,1,262144,32768,1,1,GBDK-2020 (C),0
dionofspice_living-nightmare,LIVING NIGHTMARE,DionOfSpice,GB,game,,,event:gbcompo25,entries/dionofspice_living-nightmare/files/LivingNightmare_jam.gb,262144,HORROR,0xC0,CGB only,0,0x1E,MBC5+RUMBLE+RAM+BATTERY,MBC5,1,262144,32768,1,1,GB Studio 3+,0
dirty-pair-flash-picture,Dirty Pair Flash Picture,,GB,tool,1998,,,entries/dirty-pair-flash-picture/Dirty_Pair_Flash_Picture.gb,32768,MMX-PCX2GB DEMO,0x20,DMG,0,0x00,ROM ONLY,none,1,32768,0,0,1,other / unknown,1
distortion,Distortion,Anders Granlund,GB,demo,1997,,,entries/distortion/dist.gb,32768,Distortion,0x20,DMG,0,0x00,ROM ONLY,none,1,32768,0,0,1,other / unknown,1
distractedcoder_luigi-mansion-gameboy-demake,Luigi Mansion Gameboy Demake - GB Compo 25,Distracted Coder,GBC,game,,,event:gbcompo25,entries/distractedcoder_luigi-mansion-gameboy-demake/files/LuigiMansionGameboy_jam.gbc,131072,,0x80,CGB enhanced,0,0x01,MBC1,MBC1,1,131072,0,0,1,GBDK-2020 (C),1
diva-the-finest-girl,Diva - The Finest Girl,Sajjad Khan,,game,,,gbcompo21,entries/diva-the-finest-girl/Diva_-_The_Finest_Girl.gb,524288,DIVA - THE FINE,0x00,DMG,0,0x1B,MBC5+RAM+BATTERY,MBC5,1,524288,32768,1,1,GBDK-2020 (C),1
djarky__keychan,keychan,Arky750,,game,2023,,event:gbcompo23,entries/djarky__keychan/keychan_jam.gb,524288,,0x00,DMG,0,0x1B,MBC5+RAM+BATTERY,MBC5,1,524288,32768,1,1,GBDK-2020 (C),1
djarky__nyan-note,Nyan note,Arky750,,tool,2023,,event:gbcompo23,entries/djarky__nyan-note/nyannote_jam.gb,65536,IDE,0x00,DMG,0,0x03,MBC1+RAM+BATTERY,MBC1,1,65536,32768,1,1,other / unknown,1
djarky__witch-sound-tracker,witch sound tracker,Arky750,,tool,2023,,event:gbcompo23,entries/djarky__witch-sound-tracker/witchtracker_jam.gb,262144,WITCH,0x80,CGB enhanced,0,0x03,MBC1+RAM+BATTERY,MBC1,1,262144,32768,1,1,other / unknown,1
dmg-p-01,DMG*P-01,Genesis Project,GB,demo,2013,,,entries/dmg-p-01/dmgp-01.gb,131072,DMG*P-01,0x20,DMG,0,0x01,MBC1,MBC1,1,131072,0,0,1,other / unknown,1
doctor-how,Doctor How,ProGM & Flame,GB,game,,,,entries/doctor-how/doctorhow.gb,131072,DOCTORHOW,0x00,DMG,0,0x03,MBC1+RAM+BATTERY,MBC1,1,131072,32768,1,1,other / unknown,1
dodgeball,Dodgeball,Patchwork Games,GB,game,,,,entries/dodgeball/dodgeball.gb,65536,Dodgeball,0x00,DMG,0,0x01,MBC1,MBC1,1,65536,0,0,1,other / unknown,1
dodgy-flood-pour-routine,Dodgy Flood/Pour Routine,Quang,GBC,demo,2000,,,entries/dodgy-flood-pour-routine/flood.gbc,32768,FLOOD,0xC0,CGB only,0,0x00,ROM ONLY,none,1,32768,0,0,1,other / unknown,0
dog-demo,Dog Demo,Michael Ross,GB,tool,1998,,,entries/dog-demo/Dog_Demo.gb,32768,TEST,0x00,DMG,0,0x00,ROM ONLY,none,1,32768,0,0,1,other / unknown,1
dogs-muck-island,Dog's Muck Island,soully,,game,,,gbcompo21,entries/dogs-muck-island/game.gb,262144,DOG'S MUCK ISLA,0xC0,CGB only,0,0x1B,MBC5+RAM+BATTERY,MBC5,1,262144,32768,1,1,GBDK-2020 (C),0
domination,Domination,Graham Coulby (IonicLimb),GB,game,2021,MIT,,entries/domination/domination.gb,65536,,0x00,DMG,0,0x01,MBC1,MBC1,1,65536,0,0,1,GBDK-2020 (C),1
dont-forget-to-smile,Don't Forget To Smile,DionOfSpice,GB,game,2023,,event:gbshowdown23,entries/dont-forget-to-smile/Dont_Forget_To_Smile_1.1.gb,524288,FRIENDLY,0xC0,CGB only,0,0x1B,MBC5+RAM+BATTERY,MBC5,1,524288,32768,1,1,GB Studio 3+,0
dont-waste-your-time,Don't Waste Your Time,"['Zirk', 'Verdant_Jack', 'AlexandreCoulon']",,game,,,,entries/dont-waste-your-time/Dont_Waste_Your_Time.gb,262144,GAMEBOYSHOWDOWN,0xC0,CGB only,0,0x1B,MBC5+RAM+BATTERY,MBC5,1,262144,32768,1,1,GB Studio 3+,0
doomgb,DOOM for GB,Villagerjj,,game,,,gbcompo21,entries/doomgb/DOOMGB_a04.gb,262144,DOOM GB,0xC0,CGB only,0,0x1B,MBC5+RAM+BATTERY,MBC5,1,262144,32768,1,1,GBDK-2020 (C),0
doommusic__megaton-pizza,Megaton Pizza,DoomMusic,,game,2023,,event:gbcompo23,entries/doommusic__megaton-pizza/Megaton_Pizza_jam.gbc,131072,SHMUP,0xC0,CGB only,0,0x1B,MBC5+RAM+BATTERY,MBC5,1,131072,32768,1,1,GB Studio 3+,0
dorotea,Dorotea,Pasquale 'Pasqui industry' Pignataro,GB,game,2025,CC-BY-NC-ND-4.0,,entries/dorotea/pasquiindustry_dorotea_en_v_1_1_0.gb,524288,DOROTEA,0xC0,CGB only,1,0x1E,MBC5+RUMBLE+RAM+BATTERY,MBC5,1,524288,32768,1,1,GB Studio 3+,0
dots,Dots,G Miller,GBC,game,2019,,,entries/dots/dots.gbc,32768,DOTS,0x80,CGB enhanced,0,0x00,ROM ONLY,none,1,32768,0,0,1,other / unknown,1
double-vision-demo,Double Vision Demo,,GBC,demo,1999,,,entries/double-vision-demo/Double Vision Demo (PD) [C].gbc,32768,,0x80,CGB enhanced,0,0x02,MBC1+RAM,MBC1,1,32768,32768,0,1,other / unknown,1
downer,Downer,DevEd,GB,game,2024,,,entries/downer/downer.gb,15219,.0-'TY$Q,0x51,DMG,0,0xC6,UNKNOWN,UNKNOWN,0,15219,0,0,0,other / unknown,0
downhill-ski,Downhill Ski,John Pericos,GB,game,,,,entries/downhill-ski/DownhillSki.gb,32768,DOWNHILL SKI,0x20,DMG,0,0x00,ROM ONLY,none,1,32768,0,0,1,other / unknown,1
downstream-version-100,Downstream (Version 1.0.0),DeltaGardner,GB,tool,,,,entries/downstream-version-100/downstream.gb,32768,DOWNSTREAM,0x00,DMG,0,0x00,ROM ONLY,none,1,32768,0,0,1,other / unknown,1
draculag,draculag,changev,GBC,game,,,,entries/draculag/draculag.gbc,32768,DRACULA,0x80,CGB enhanced,0,0x00,ROM ONLY,none,1,32768,0,0,1,other / unknown,1
drains,Drains,Jorge Persiva,GBC,game,2000,,event:liksang2000-compo,entries/drains/Drains.gbc,262144,DRAINS GBC REV2,0x80,CGB enhanced,0,0x01,MBC1,MBC1,1,262144,0,0,1,other / unknown,1
drawcircles-version-110,DrawCircles (Version 1.1.0),DeltaGardner,GB,tool,,,,entries/drawcircles-version-110/drawcircles.gb,32768,DRAWCIRCLES,0x00,DMG,0,0x00,ROM ONLY,none,1,32768,0,0,1,other / unknown,1
drludos_dmg-vs-super-game-boy,DMG vs. Super Game Boy,Dr. Ludos,GB,game,,,event:gbcompo25,entries/drludos_dmg-vs-super-game-boy/files/DMGvsSGB_jam.gb,32768,DMG-VS-SGB,0x00,DMG,1,0x00,ROM ONLY,none,1,32768,0,0,1,GBDK-2020 (C),1
droneboy,Droneboy,purefunktion,GB,tool,,MIT,,entries/droneboy/droneboy.gb,32768,,0x00,DMG,0,0x00,ROM ONLY,none,1,32768,0,0,1,GBDK-2020 (C),1
dropini,Dropini,Shen Mansell,GBC,game,,,,entries/dropini/Dropini.gbc,262144,Kitty Quest,0xC0,CGB only,0,0x02,MBC1+RAM,MBC1,1,262144,2048,0,1,other / unknown,0
drum-tech-free-version,Drum Tech Free Version,Pixel8,GB,tool,,,,entries/drum-tech-free-version/drum-tech-free-version.gb,32768,TEMP,0x00,DMG,0,0x03,MBC1+RAM+BATTERY,MBC1,1,32768,8192,1,1,other / unknown,1
drymouth-v1-0,Drymouth v1.0,Demiforce,GBC,game,,,,entries/drymouth-v1-0/Drymouth.gbc,1048576,DRYMOUTH,0xC0,CGB only,0,0x1C,MBC5+RUMBLE,MBC5,1,1048576,0,0,1,other / unknown,0
dsl-gbc,How to code your GameBoy part 1,HeroZero/DiESEL,GB,tool,1995,,,entries/dsl-gbc/DSL-GBC.GB,32768,HEROZERO SAMPLE1,0x31,DMG,0,0x00,ROM ONLY,none,1,32768,0,0,1,other / unknown,1
dumblin-dungeon,Dumblin Dungeon,"DaCookie, Fog Ryû, Hell_666",GB,game,,,,entries/dumblin-dungeon/Dumblin Dungeon (GB).gb,32768,GLOBALGAMEJAM,0x00,DMG,0,0x00,ROM ONLY,none,1,32768,0,0,1,other / unknown,1
dungeon-escape,Dungeon Escape,Anders Granlund,GB,tool,1997,,,entries/dungeon-escape/Dungeon_Escape.gb,32768,Dungeon Escape,0x20,DMG,0,0x03,MBC1+RAM+BATTERY,MBC1,1,32768,8192,1,1,other / unknown,1
dunked-pooper,Dunked Pooper,Matt Ripston,GB,game,2001,,,entries/dunked-pooper/pooper.gb,131072,POOPER,0x80,CGB enhanced,0,0x02,MBC1+RAM,MBC1,1,131072,32768,0,1,other / unknown,1
dusky-dungeon,Dusky Dungeon,invertedHat,,game,,MIT,gbcompo21,entries/dusky-dungeon/DuskyDungeon-0.1.0.gb,262144,DUSKY DUNGEON,0xC0,CGB only,0,0x1B,MBC5+RAM+BATTERY,MBC5,1,262144,32768,1,1,GBDK-2020 (C),0
dyna-mate,Dyna Mate,Jonas Norberg,GB,game,,,,entries/dyna-mate/dynamate.gb,32768,DYNAMATE,0x80,CGB enhanced,0,0x00,ROM ONLY,none,1,32768,0,0,1,other / unknown,1
dynamite,Dynamite,MattPW,GB,game,,,,entries/dynamite/Dynamite.gb,32768,DYNAMITE,0x80,CGB enhanced,0,0x01,MBC1,MBC1,1,32768,0,0,1,other / unknown,1
echo,ECHO [GBC DEMO],byrontrent,,game,,,gbcompo21,entries/echo/echo_v12a.gb,262144,SHOOTER,0xC0,CGB only,0,0x1B,MBC5+RAM+BATTERY,MBC5,1,262144,32768,1,1,GBDK-2020 (C),0
egg-racer,Egg Racer,Mr Quang Nguyen,GBC,game,2000,,event:liksang2000-compo,entries/egg-racer/egg-racer-lik-sang-pd-c.gbc,65536,EGGRACER,0xC0,CGB only,0,0x01,MBC1,MBC1,1,65536,0,0,1,other / unknown,0
el-dueloroso,El Dueloroso,Adrián JG,,game,2021,GPL-3.0,gbcompo21;gbcompo21-shortlist,entries/el-dueloroso/ElDueloroso.gb,65536,ELDUELOROSO,0x00,DMG,0,0x03,MBC1+RAM+BATTERY,MBC1,1,65536,8192,1,1,GBDK-2020 (C),1
el-hazard,El Hazard Movie,Megaman_X,GB,demo,1998,,,entries/el-hazard/ELHMOVIE.GB,524288,MMX - EL HAZARD1,0x31,DMG,0,0x01,MBC1,MBC1,1,524288,0,0,1,other / unknown,1
elemental-fighter,Elemental Fighter,SkyRank Games,GB,game,2001,,,entries/elemental-fighter/elemental-fighter-5-17.gb,262144,EF,0x80,CGB enhanced,0,0x02,MBC1+RAM,MBC1,1,262144,32768,0,1,other / unknown,1
elrosso_fun-video-store,FUN VIDEO STORE,Raúl Rosso,GBC,game,,,event:gbcompo25,entries/elrosso_fun-video-store/files/Fun Video Store DEMO.gbc,524288,ALIENVIDEOSTORE,0xC0,CGB only,0,0x1E,MBC5+RUMBLE+RAM+BATTERY,MBC5,1,524288,32768,1,1,GB Studio 3+,0
elvies__iron-cor-stainless,Iron Cor - Stainless,Elvies,,tool,2023,,event:gbcompo23,entries/elvies__iron-cor-stainless/Iron_Core_Stainless_v.2_gbcompo23_jam.gbc,524288,GBCOMPO,0xC0,CGB only,0,0x1B,MBC5+RAM+BATTERY,MBC5,1,524288,32768,1,1,GB Studio 3+,0
emperorjub__infernodome-song-rom,The Infernodome - Original GB Song ROM!,EmperorJub,,music,2023,,event:gbcompo23,entries/emperorjub__infernodome-song-rom/The_Infernodome!.gb,98304,,0x00,DMG,0,0x19,MBC5,MBC5,1,32768,0,0,1,other / unknown,1
enigma,Enigma,Paul Taylor,GBC,game,,,,entries/enigma/Enigma.gbc,32768,,0xC0,CGB only,0,0x1A,MBC5+RAM,MBC5,1,32768,2048,0,1,other / unknown,0
eric-kenneth_submachine-gbc,Submachine GBC Demo,Eric Kenneth,GBC,game,,,event:gbcompo25,entries/eric-kenneth_submachine-gbc/files/SubmachineGBC_jam.gbc,262144,SUBMACHINEGBA,0xC0,CGB only,0,0x1E,MBC5+RUMBLE+RAM+BATTERY,MBC5,1,262144,32768,1,1,GB Studio 3+,0
eric-kenneth_wording,ReWording (GB demo),Eric Kenneth,GB,game,,,event:gbcompo25,entries/eric-kenneth_wording/files/ReWording_jam.gb,524288,REWORDING,0x00,DMG,0,0x1E,MBC5+RUMBLE+RAM+BATTERY,MBC5,1,524288,32768,1,1,GB Studio 3+,1
escape-obliterizer-dx,Escape Obliterizer Deluxe,João Godinho,GBC,game,2020,GPL-3.0,,entries/escape-obliterizer-dx/ESCAPE_OBLITERIZER_DX.gb,32768,OBLITERIZER,0xC0,CGB only,0,0x03,MBC1+RAM+BATTERY,MBC1,1,32768,8192,1,1,other / unknown,0
espionage,Espionage,Momeka,GB,game,,,,entries/espionage/Espionage.gb,65536,ESPIONAGE,0x00,DMG,0,0x01,MBC1,MBC1,1,65536,0,0,1,other / unknown,1
ett-quiz,Escola Técnica Tupy Quiz,,GBC,game,2001,,,entries/ett-quiz/Quizz (PD) [C].gbc,32768,QUIZZ,0x80,CGB enhanced,0,0x00,ROM ONLY,none,1,32768,0,0,1,other / unknown,1
europa-rescue,Europa rescue!,godai / Gniazdo Światów,GBC,game,,CC-BY-SA 4.0,,entries/europa-rescue/Europa Rescue.gbc,1048576,EUROPA,0xC0,CGB only,0,0x1B,MBC5+RAM+BATTERY,MBC5,1,1048576,32768,1,1,GB Studio 3+,0
eva-pong,EVA Pong,jedediah,GB,game,1999,,,entries/eva-pong/EVA Pong (PD).gb,32768,PONG,0x00,DMG,0,0x00,ROM ONLY,none,1,32768,0,0,1,other / unknown,1
evolandgb,Evoland.gb,Fabien LOISON (FLOZz),GB,game,2019,,,entries/evolandgb/evoland_0.3.0_en.gb,32768,,0x00,DMG,0,0x00,ROM ONLY,none,1,32768,0,0,1,other / unknown,1
exeman,exeman,exezin,GB,game,2017,,,entries/exeman/exeman.gb,32768,gb-template,0x00,DMG,0,0x00,ROM ONLY,none,1,32768,0,0,1,other / unknown,1
exit-planet-dust,Exit Planet Dust,Robotech,GB,game,2000,,event:liksang2000-compo,entries/exit-planet-dust/b004.gb,262144,RT,0xC0,CGB only,0,0x1E,MBC5+RUMBLE+RAM+BATTERY,MBC5,1,262144,8192,1,1,other / unknown,0
expiration-date,Expiration Date (GBC),howdy riceball,,game,2022,,,entries/expiration-date/Expiration_Date.gbc,262144,PROJECTMILK,0xC0,CGB only,0,0x1B,MBC5+RAM+BATTERY,MBC5,1,262144,32768,1,1,GB Studio 3+,0
extremejay_fatal-error-jazz,FATAL eRRoR Jazz,Multiple authors,GBC,game,,,event:gbcompo25,entries/extremejay_fatal-error-jazz/files/FATAL eRRoR Jazz_jam.gbc,524288,PROJECT,0xC0,CGB only,0,0x1E,MBC5+RUMBLE+RAM+BATTERY,MBC5,1,524288,32768,1,1,GB Studio 3+,0
extremejay_fatal-error-jazz-ost,FATAL eRRoR Jazz OST,ExtremeJAy,GBC,music,,,event:gbcompo25,entries/extremejay_fatal-error-jazz-ost/files/FATAL eRRoR Jazz OST_jam.gbc,524288,PROJECT,0xC0,CGB only,0,0x1E,MBC5+RUMBLE+RAM+BATTERY,MBC5,1,524288,32768,1,1,GB Studio 3+,0
f1-racing-2000-demo,F-1 Racing 2000 Demo,Michael DiGiovanni,GB,game,1998,,,entries/f1-racing-2000-demo/F-1 Racing 2000 Demo (PD).gb,32768,MY,0x00,DMG,0,0x00,ROM ONLY,none,1,32768,0,0,1,other / unknown,1
factory-danger,FACTORY DANGER,Albert Gonzalez,GB,game,2026,,,entries/factory-danger/factory_danger_v01.gb,262144,,0x00,DMG,0,0x01,MBC1,MBC1,1,262144,0,0,1,GBDK-2020 (C),1
fader-demo,Fader Demo,BouKiChi,GBC,demo,1998,,,entries/fader-demo/Fader_Demo.gbc,32768,CGBDEMO,0x80,CGB enhanced,0,0x00,ROM ONLY,none,1,32768,0,0,1,other / unknown,1
faderfox-jr,Faderfox Jr.,8 Cylinder,GB,tool,,,,entries/faderfox-jr/faderfox-jr.gb,131072,FADERFOX,0x00,DMG,0,0x02,MBC1+RAM,MBC1,1,131072,32768,0,1,other / unknown,1
fancy-dance-moves,fancy dance moves,Pasi Toska,GB,demo,,,,entries/fancy-dance-moves/fancy-dance-moves.gb,32768,FANCY MOVES,0x00,DMG,0,0x00,ROM ONLY,none,1,32768,0,0,1,other / unknown,1
fatal-flame,Fatal Flame,Jaws-V Soft,GBC,game,,,,entries/fatal-flame/FatalFlame_v2.gbc,32768,FATALFLAME,0x80,CGB enhanced,0,0x03,MBC1+RAM+BATTERY,MBC1,1,32768,8192,1,1,other / unknown,1
fatass,Fatass,Jeremy Evers,GBC,tool,,,,entries/fatass/fatass.gb,425984,Fatass Tracker!,0x80,CGB enhanced,0,0x1B,MBC5+RAM+BATTERY,MBC5,1,524288,131072,1,1,other / unknown,1
feeding-time,Feeding Time,Hohenstaufer,,game,,,,entries/feeding-time/feeding-time.gb,262144,FEEDINGTIME,0x00,DMG,0,0x1B,MBC5+RAM+BATTERY,MBC5,1,262144,32768,1,1,GB Studio 3+,1
fgb,FGB,PlasmaWorks,GB,game,2001,,,entries/fgb/fgb.gb,1048576,FGB,0xC0,CGB only,0,0x1B,MBC5+RAM+BATTERY,MBC5,1,1048576,0,1,1,other / unknown,0
final-blade,Final Blade,Aaron Pendley & Sam Gage,GBC,game,2001,,,entries/final-blade/fb.gbc,524288,FB,0xC0,CGB only,0,0x02,MBC1+RAM,MBC1,1,524288,32768,0,1,other / unknown,0
final-tankasy,final-tankasy,Messij,GB,game,,,,entries/final-tankasy/final-tankasy.gb,32768,FINAL TANKASY,0x00,DMG,0,0x00,ROM ONLY,none,1,32768,0,0,1,other / unknown,1
finally-a-quiet-place,"Finally, a quiet place.",Joono,GB,game,2023,,event:gbshowdown23,entries/finally-a-quiet-place/game.gb,262144,GBSHOWDOWN,0xC0,CGB only,0,0x1B,MBC5+RAM+BATTERY,MBC5,1,262144,32768,1,1,GB Studio 3+,0
fingerflinger_spaceballs,SpaceBalls,fingerflinger,GBC,game,,,event:gbcompo25,entries/fingerflinger_spaceballs/files/spaceballs_jam.gbc,524288,,0xC0,CGB only,0,0x1B,MBC5+RAM+BATTERY,MBC5,1,524288,131072,1,1,GBDK-2020 (C),0
fire,Fire,Dox,GBC,demo,1999,,,entries/fire/FIRE.GB,32768,FiRe,0x80,CGB enhanced,0,0x00,ROM ONLY,none,1,32768,0,0,1,other / unknown,1
firefly,Firefly,scottamass,,game,,,gbcompo21,entries/firefly/game.gb,131072,FIREFLY,0xC0,CGB only,0,0x1B,MBC5+RAM+BATTERY,MBC5,1,131072,32768,1,1,GBDK-2020 (C),0
fix-my-heart,Fix My Heart,Filipe Bianchin,,game,2021,,gbcompo21;gbcompo21-shortlist,entries/fix-my-heart/Fix My Heart.gb,524288,GAME JAM PROJEC,0xC0,CGB only,0,0x1B,MBC5+RAM+BATTERY,MBC5,1,524288,32768,1,1,GBDK-2020 (C),0
flag-demo,Flag Demo,,GB,demo,1998,,,entries/flag-demo/Flag_Demo.gb,32768,,0x20,DMG,0,0x00,ROM ONLY,none,1,32768,0,0,1,other / unknown,1
flappy-bird,Flappy Bird,Toca Lucas,GB,game,,,,entries/flappy-bird/flappybird.gb,32768,FLAPPYBIRD,0x00,DMG,0,0x00,ROM ONLY,none,1,32768,0,0,1,other / unknown,1
flappy-boy,Flappy Boy,Felipe Alfonso,GB,game,2017,,,entries/flappy-boy/flappyboy.gb,32768,BITNENFER,0x00,DMG,0,0x00,ROM ONLY,none,1,32768,0,0,1,other / unknown,1
flappy-flappy,Flappy flappy,birdyboy2,,game,,,,entries/flappy-flappy/flappy_flappy.gb,131072,SANS TITRE,0x00,DMG,0,0x1B,MBC5+RAM+BATTERY,MBC5,1,131072,32768,1,1,GBDK-2020 (C),1
flaresquip,Flaresquip,Steven Fuller,GB,game,,,event:bung-2nd-coding-compo,entries/flaresquip/Flaresquip.gb,32768,FLARE SQUIP,0x00,DMG,0,0x00,ROM ONLY,none,1,32768,0,0,1,other / unknown,1
fli-plasma,FLI Plasma,Cosmigo,GBC,demo,1999,,,entries/fli-plasma/cGOplASM.gbc,65536,FLIPLASMA,0x80,CGB enhanced,0,0x01,MBC1,MBC1,1,65536,0,0,1,other / unknown,1
flies,Flies,Chris Read,GB,game,2021,,,entries/flies/flies22.gb,32768,FLIES22,0x00,DMG,0,0x00,ROM ONLY,none,1,32768,0,0,1,other / unknown,1
flightbun_millennium-gun,Millennium Gun,Finny (@flightbun),GB,game,,,event:gbcompo25,entries/flightbun_millennium-gun/files/millennium-gun_jam.gb,524288,MILLENNIUMGUN,0x00,DMG,0,0x1E,MBC5+RUMBLE+RAM+BATTERY,MBC5,1,524288,32768,1,1,GB Studio 3+,1
flooder,Flooder,Oliver Balfour,GBC,game,,MIT,,entries/flooder/flooder.gb,32768,,0xC0,CGB only,0,0x00,ROM ONLY,none,1,32768,0,0,1,GBDK-2020 (C),0
floracy-demo,Floracy (Demo),Kritzelkratz 3000,GBC,game,2000,,,entries/floracy-demo/floracy.gbc,524288,Floracy,0x80,CGB enhanced,0,0x19,MBC5,MBC5,1,524288,0,0,1,other / unknown,1
fnd,Friendship Never Dies,Johndo21,GB,game,2023,,event:gbshowdown23,entries/fnd/FriendshipNeverDiesGameBoy.gb,262144,GBSHOWDOWNFRIEN,0x00,DMG,0,0x1B,MBC5+RAM+BATTERY,MBC5,1,262144,32768,1,1,GB Studio 3+,1
font-demo-waugh,Font Demo,Jonathan Waugh,GBC,demo,2000,,,entries/font-demo-waugh/Font Demo (Jonathan Waugh) (PD) [C].gbc,32768,FONT DEMO,0x80,CGB enhanced,0,0x00,ROM ONLY,none,1,32768,0,0,1,other / unknown,1
forehead-block-guy-gb,Forehead Block Guy GB,NovaSquirrel,GBC,game,2019,,,entries/forehead-block-guy-gb/fhbg.gb,32768,FHBG,0x80,CGB enhanced,0,0x00,ROM ONLY,none,1,32768,0,0,1,other / unknown,1
formula-racing---wip-build---apr082016,Formula Racing - WIP Build - APR.08.2016,Refresh Games,GB,game,2016,,,entries/formula-racing---wip-build---apr082016/racemedo.gb,131072,RACEMEDO,0x80,CGB enhanced,1,0x02,MBC1+RAM,MBC1,1,131072,8192,0,1,other / unknown,1
founded-in-fellowship,Founded in Fellowship,ElectroParlor Games,GB,game,2023,,event:gbshowdown23,entries/founded-in-fellowship/FoundedinFellowship_1.gb,524288,FOUNDEDINFELLOW,0x00,DMG,0,0x1B,MBC5+RAM+BATTERY,MBC5,1,524288,32768,1,1,GB Studio 3+,1
freeart-intro-v0-1,Intro v0.1,Freeart,GBC,demo,2001,,,entries/freeart-intro-v0-1/FREEART Intro V0.1.gbc,32768,Freeart Intro01,0x80,CGB enhanced,0,0x02,MBC1+RAM,MBC1,1,32768,32768,0,1,other / unknown,1
freeart-intro-v1,Intro v1,Freeart,GBC,demo,2001,,,entries/freeart-intro-v1/FREEART Intro V1.gbc,32768,Freeart intro,0x80,CGB enhanced,0,0x02,MBC1+RAM,MBC1,1,32768,32768,0,1,other / unknown,1
freebie-gbs-2018,Freebie-GBs-2018,"nitro2k01 (code), nordloef, arpsonix, immortan, graz, Tommy Creep, donotrun withpixels, the other days (songs)",GB,music,,,,entries/freebie-gbs-2018/Freebie-GBs-2018.gb,524288,FREEBIEGBS2018,0x00,DMG,0,0x19,MBC5,MBC5,1,524288,0,0,1,other / unknown,1
freebie-gbs-2019,Freebie-GBs-2019,,GB,music,,,,entries/freebie-gbs-2019/Freebie-GBs-2019.gb,524288,HEEBIEGBS2019,0x00,DMG,1,0x19,MBC5,MBC5,1,524288,0,0,1,other / unknown,1
freind,Friend?,GB Studio Central,GB,game,,,event:gbshowdown23,entries/freind/Friend.gb,131072,FRIENDS,0x00,DMG,0,0x1B,MBC5+RAM+BATTERY,MBC5,1,131072,32768,1,1,GB Studio 3+,1
fridaymilk,金曜日の牛乳,retro_pikoon,,game,,,gbcompo21,entries/fridaymilk/game.gb,262144,,0xC0,CGB only,0,0x1B,MBC5+RAM+BATTERY,MBC5,1,262144,32768,1,1,GBDK-2020 (C),0
friend-of-the-void,Friend of the Void,"['Sleepless Seven', 'Horatiu.nyc']",GB,game,2023,,event:gbshowdown23,entries/friend-of-the-void/FriendoftheVoid.gb,524288,GBJAM,0xC0,CGB only,0,0x1B,MBC5+RAM+BATTERY,MBC5,1,524288,32768,1,1,GB Studio 3+,0
friend-quest,Friend Quest,"['briziant', 'Zetheon', 'ptewie']",GB,game,2023,,event:gbshowdown23,entries/friend-quest/FriendQuest.gb,131072,FRIENDQUEST,0xC0,CGB only,0,0x1B,MBC5+RAM+BATTERY,MBC5,1,131072,32768,1,1,GB Studio 3+,0
friend-ship,Friend Ship,danilolc,GB,game,2023,,event:gbshowdown23,entries/friend-ship/output.gb,32768,,0x00,DMG,0,0x00,ROM ONLY,none,1,32768,0,0,1,other / unknown,1
friend-switch,Friend Switch,kicdogames,GB,game,2023,,event:gbshowdown23,entries/friend-switch/friendswitch.gb,262144,GBSHOWDOWN,0xC0,CGB only,0,0x1B,MBC5+RAM+BATTERY,MBC5,1,262144,32768,1,1,GB Studio 3+,0
friendly,Cinnamon & Bean In The Unfriendly Forest,"['SillySadieLady', 'IridiaLux']",GB,game,2023,,event:gbshowdown23,entries/friendly/unfriendly_forest_final_v4.gb,262144,GBSHOWDOWNFRIEN,0x00,DMG,0,0x1B,MBC5+RAM+BATTERY,MBC5,1,262144,32768,1,1,GB Studio 3+,1
friendly-curse,Friendly Curse,Disturbiografia,GB,game,2023,,event:gbshowdown23,entries/friendly-curse/FriendlyCurse-1.2.gb,524288,FRIENDLYCURSEGB,0x00,DMG,0,0x1B,MBC5+RAM+BATTERY,MBC5,1,524288,32768,1,1,GB Studio 3+,1
friendly-delivery,Friendly Delivery,"['alex (she/her)', 'Joan Zahra Dark (they/them)']",GB,game,2023,,event:gbshowdown23,entries/friendly-delivery/game.gb,262144,FRIENDLYDELIVER,0xC0,CGB only,0,0x1B,MBC5+RAM+BATTERY,MBC5,1,262144,32768,1,1,GB Studio 3+,0
friendly-fire,Friendly Fire,VideoGameStoryTime,GB,game,2023,,event:gbshowdown23,entries/friendly-fire/game.gb,262144,FRIENDLYFIRE,0xC0,CGB only,0,0x1B,MBC5+RAM+BATTERY,MBC5,1,262144,32768,1,1,GB Studio 3+,0
friendly-pirates,Friendly Pirates,Eric Studio40A,GB,game,2023,,event:gbshowdown23,entries/friendly-pirates/afriendlypirates.gb,32768,,0x00,DMG,0,0x00,ROM ONLY,none,1,32768,0,0,1,GBDK-2020 (C),1
friendlymen,"friendlymen -- format"".gb""--awecome",Vadimilyano,GB,game,2023,,event:gbshowdown23,entries/friendlymen/game.gb,262144,CAVEGAME,0xC0,CGB only,0,0x1B,MBC5+RAM+BATTERY,MBC5,1,262144,32768,1,1,GB Studio 3+,0
friki-race,Friki Race,Enrique Sanchez,GB,game,1999,,event:bung-2nd-coding-compo,entries/friki-race/frikirc.gb,65536,FRIKI RACE,0x80,CGB enhanced,0,0x01,MBC1,MBC1,1,65536,0,0,1,other / unknown,1
frogatr-ribbot_slide-quest-demo,Slide Quest Demo,frogatr,GB,game,,,event:gbcompo25,entries/frogatr-ribbot_slide-quest-demo/files/slidequest_jam.gb,524288,SLIDEQUEST,0x00,DMG,0,0x1E,MBC5+RUMBLE+RAM+BATTERY,MBC5,1,524288,32768,1,1,GB Studio 3+,1
froggo-spood-gb-showdown-2023,Froggo and Spood [Game Boy Showdown 2023],Grave Reaper Cushions,GB,game,2023,,event:gbshowdown23,entries/froggo-spood-gb-showdown-2023/F&S_jam_version.gb,262144,FROGGOANDSPOOD,0xC0,CGB only,0,0x1B,MBC5+RAM+BATTERY,MBC5,1,262144,32768,1,1,GB Studio 3+,0
frown-town-gb,Frown Town GB,Stark,GB,game,2023,,event:gbshowdown23,entries/frown-town-gb/game.gb,262144,MUNDOPAYASOS,0xC0,CGB only,0,0x1B,MBC5+RAM+BATTERY,MBC5,1,262144,32768,1,1,GB Studio 3+,0
fruit-fly-version-100,Fruit Fly (Version 1.0.0),DeltaGardner,GB,tool,,,,entries/fruit-fly-version-100/fruitfly.gb,32768,FRUITFLY,0x00,DMG,0,0x00,ROM ONLY,none,1,32768,0,0,1,other / unknown,1
fruit-pursuit,Fruit Pursuit,tbsp,,game,2022,,,entries/fruit-pursuit/Fruit_Pursuit_Beta_20221020.gb,32768,FRUITPRSUITFRPS,0x80,CGB enhanced,0,0x1B,MBC5+RAM+BATTERY,MBC5,1,32768,8192,1,1,other / unknown,1
fruits-field,Fruits Field,Eiji Kako,GB,game,1998,,,entries/fruits-field/FRUIT.GB,32768,KAKO,0x00,DMG,0,0x00,ROM ONLY,none,1,32768,0,0,1,other / unknown,1
funny-numbers,Funny Numbers,FijiAura,GB,game,2025,,,entries/funny-numbers/funny-numbers.gb,131072,GBSTUDIO,0x00,DMG,0,0x1E,MBC5+RUMBLE+RAM+BATTERY,MBC5,1,131072,32768,1,1,GB Studio 3+,1
future,Future,Samson239,,game,,,gbcompo21,entries/future/game.gb,262144,FUTURE WAR,0x00,DMG,0,0x1B,MBC5+RAM+BATTERY,MBC5,1,262144,32768,1,1,GBDK-2020 (C),1
fuzzys-world,Fuzzy's World,Mills,GB,game,2017,,,entries/fuzzys-world/FWORLD.gbc,262144,FWORLD,0xC0,CGB only,0,0x01,MBC1,MBC1,1,262144,0,0,1,other / unknown,0
fx-shooter-g-minirpg2-story,FX Shooter G: MiniRPG2 Story,Jaws-V Soft,GBC,game,2001,,,entries/fx-shooter-g-minirpg2-story/fxgbc.gbc,262144,FXGBC,0x80,CGB enhanced,0,0x01,MBC1,MBC1,1,262144,0,0,1,other / unknown,1
fx3gbc,fx3gbc,changev,GBC,game,,,,entries/fx3gbc/fx3gbc.gbc,32768,FX3GBC,0x80,CGB enhanced,0,0x00,ROM ONLY,none,1,32768,0,0,1,other / unknown,1
fxshootr,fxshootr,changev,GBC,game,,,,entries/fxshootr/fxshootr.gbc,262144,FXGBC,0x80,CGB enhanced,0,0x01,MBC1,MBC1,1,262144,0,0,1,other / unknown,1
g-zero,G-ZERO GB,User0x7f,,game,,,gbcompo21,entries/g-zero/G-ZERO_V2_6_0.gb,65536,,0x00,DMG,0,0x01,MBC1,MBC1,1,65536,0,0,1,GBDK-2020 (C),1
gabe_edit,Gabe Edit v0.1,,GB,tool,1998,,,entries/gabe_edit/Gabe_Edit.gb,32768,GABEEDIT,0x00,DMG,0,0x00,ROM ONLY,none,1,32768,0,0,1,other / unknown,1
galactic-ambassador,Galactic Ambassador,uso5,GB,game,2023,,event:gbshowdown23,entries/galactic-ambassador/galactic_ambassador.gb,262144,AMBASSADOR,0x00,DMG,0,0x1B,MBC5+RAM+BATTERY,MBC5,1,262144,32768,1,1,GB Studio 3+,1
galaxia,Galaxia,Dox,GBC,game,,,,entries/galaxia/galaxia.gbc,32768,GALAXIA,0xC0,CGB only,0,0x00,ROM ONLY,none,1,32768,0,0,1,other / unknown,0
galaxy-neptune,Galaxy Neptune,incognitio,,game,,,gbcompo21,entries/galaxy-neptune/game.gb,524288,GYARAKUSHNEPUC,0xC0,CGB only,0,0x1B,MBC5+RAM+BATTERY,MBC5,1,524288,32768,1,1,GBDK-2020 (C),0
game-1,Game 1,Nick Kockakian,GB,game,,,,entries/game-1/GAME1.GB,32768,GAME1,0x00,DMG,0,0x00,ROM ONLY,none,1,32768,0,0,1,other / unknown,1
game-boy-color-picker,Game Boy Color Picker,xenophile,GBC,tool,2022,,,entries/game-boy-color-picker/GBColorPicker.gb,32768,GB COLOR PICKER,0xC0,CGB only,0,0x00,ROM ONLY,none,1,32768,0,0,1,GBDK-2020 (C),0
game-boy-dnd-character-sheet,Game Boy D&D Character Sheet,crraiig,,game,,,gbcompo21,entries/game-boy-dnd-character-sheet/GB_Character_Sheet.gb,262144,DND CHARACTER S,0x00,DMG,0,0x1B,MBC5+RAM+BATTERY,MBC5,1,262144,32768,1,1,GBDK-2020 (C),1
game-boy-life,Fast Conway's Life,NovaSquirrel,GB,demo,2018,,,entries/game-boy-life/life.gb,32768,LIFE,0x80,CGB enhanced,0,0x00,ROM ONLY,none,1,32768,0,0,1,other / unknown,1
game-boy-sound-manipulator,Game Boy Sound Manipulator,Plasmaworks Digital Entertainment,GB,tool,2000,,,entries/game-boy-sound-manipulator/gbsound.gb,32768,SOUND TEST,0xC0,CGB only,0,0x00,ROM ONLY,none,1,32768,0,0,1,other / unknown,0
game-boy-video-player-2,Game Boy Video Player 2,unknown,GBC,demo,,,,entries/game-boy-video-player-2/game-boy-video-player-2.gbc,8388608,GBVP2,0xC0,CGB only,0,0x19,MBC5,MBC5,1,8388608,0,0,1,other / unknown,0
game-boy-wip,Game Boy W.I.P,platinumdev,,game,,,gbcompo21,entries/game-boy-wip/game.gb,262144,THE LIGHT FROM,0x00,DMG,0,0x1B,MBC5+RAM+BATTERY,MBC5,1,262144,32768,1,1,GBDK-2020 (C),1
game_boy_of_life,Game (Boy) of Life,StudioGuma,GB,game,2024,GPL-3.0-or-later,,entries/game_boy_of_life/life.gb,32768,GAME_OF_LIFE,0x00,DMG,0,0x00,ROM ONLY,none,1,32768,0,0,1,GBDK-2020 (C),1
gameboy-music-compiler-2014-10-21,GameBoy Music Compiler (2014/10/21),Leaf,GBC,music,2014,,,entries/gameboy-music-compiler-2014-10-21/bgm03.gbc,262144,GBDSP,0x80,CGB enhanced,0,0x02,MBC1+RAM,MBC1,1,262144,32768,0,1,other / unknown,1
gameboy-pong,Gameboy Pong,Peter Gordon,GB,game,1997,,,entries/gameboy-pong/gbpong.gb,32768,gbpong,0x00,DMG,0,0x00,ROM ONLY,none,1,32768,0,0,0,other / unknown,1
gameboy-project,Gameboy Project,Marc Rawer,GB,tool,,,,entries/gameboy-project/steffen.gb,32768,steffen,0x00,DMG,0,0x00,ROM ONLY,none,1,32768,0,0,1,other / unknown,1
garpsters-archaic-rooms-of-paranoia,Garpsters Archaic Rooms of Paranoia,TS_Garp,GBC,game,,,event:bung-3rd-coding-compo,entries/garpsters-archaic-rooms-of-paranoia/GARP.GBC,131072,GARP,0x80,CGB enhanced,0,0x1B,MBC5+RAM+BATTERY,MBC5,1,131072,8192,1,1,other / unknown,1
gas-demo-1,GAS Demo 1,"Peran, Revilon",GBC,music,1999,,,entries/gas-demo-1/GAS Demo 1 (PD) [C].gbc,32768,GAS - DEMO 1,0x80,CGB enhanced,0,0x00,ROM ONLY,none,1,32768,0,0,1,other / unknown,1
gay,Gay,Unknown,GB,game,,,,entries/gay/GAY.GB,32768,GAY,0x00,DMG,0,0x00,ROM ONLY,none,1,32768,0,0,1,other / unknown,1
gb-303,GB 303,furrtek,GB,tool,,,,entries/gb-303/gb-303.gb,131072,GB303-1,0x00,DMG,0,0x01,MBC1,MBC1,1,131072,0,0,1,other / unknown,1
gb-als,GB ALS v1.0f,Andy Kavanagh,GB,game,2000,,,entries/gb-als/GB ALS V1.0f (PD).gb,32768,GB ALS,0x00,DMG,0,0x00,ROM ONLY,none,1,32768,0,0,1,other / unknown,1
gb-basic,GB Basic,Jeff Frohwein,GB,tool,2001,,,entries/gb-basic/GBBASIC.GB,32768,GBBasic2.10JEFF,0x80,CGB enhanced,0,0x03,MBC1+RAM+BATTERY,MBC1,1,32768,8192,1,1,other / unknown,1
gb-clock,GB-Clock (MBC3 RTC handling by GBC),TeamKNOx,GB,demo,,MIT,,entries/gb-clock/clock.gb,32768,CLOCK,0x00,DMG,0,0x00,ROM ONLY,none,1,32768,0,0,1,other / unknown,1
gb-corp,GB Corp.,Dr. Ludos,,game,2021,MIT,gbcompo21;gbcompo21-shortlist,entries/gb-corp/gbcorp.gb,32768,GB-CORP,0x80,CGB enhanced,1,0x1B,MBC5+RAM+BATTERY,MBC5,1,32768,8192,1,1,GBDK-2020 (C),1
gb-debug,GB Debug,Jeff Frohwein,GB,tool,1995,,,entries/gb-debug/GBD.GB,32768,HEROZERO SAMPLE1,0x31,DMG,0,0x00,ROM ONLY,none,1,32768,0,0,1,other / unknown,1
gb-dtmf,DTMF Dialer for GBC,TeamKNOx,GB,tool,,MIT,,entries/gb-dtmf/GB-DTMF.GB,32768,dtmf,0x00,DMG,0,0x00,ROM ONLY,none,1,32768,0,0,1,other / unknown,1
gb-electric-drum,GB Electric Drum,,GB,tool,2001,,,entries/gb-electric-drum/GB Electric Drum (PD).gb,32768,GB EDRUM,0x00,DMG,0,0x00,ROM ONLY,none,1,32768,0,0,1,other / unknown,1
gb-fm-synth,FM Synthesis,Bookworm,GBC,tool,2009,,,entries/gb-fm-synth/gb_fm.gbc,32768,GB-FMSYNTH,0xC0,CGB only,0,0x00,ROM ONLY,none,1,32768,0,0,1,other / unknown,0
gb-fm-synth-20090410,GB FM Synth (2009.04.10),Leaf,GBC,game,2009,,,entries/gb-fm-synth-20090410/gb_fm.gbc,32768,GB-FMSYNTH,0xC0,CGB only,0,0x00,ROM ONLY,none,1,32768,0,0,1,other / unknown,0
gb-footy,GB Footy,AwesomeKalin,,game,,,gbcompo21,entries/gb-footy/game.gb,262144,GB-FOOTY,0x80,CGB enhanced,0,0x1B,MBC5+RAM+BATTERY,MBC5,1,262144,32768,1,1,GBDK-2020 (C),1
gb-key,GB-KEY (PS/2 keyboard handler),TeamKNOx,GB,tool,2000,MIT,,entries/gb-key/gb-key.gb,65536,KEY,0x80,CGB enhanced,0,0x02,MBC1+RAM,MBC1,1,65536,32768,0,1,other / unknown,1
gb-lander-v0-02,GB-Lander v0.02,Unknown,GB,game,,,,entries/gb-lander-v0-02/GB-Lander.gb,32768,GBLANDER,0x80,CGB enhanced,0,0x00,ROM ONLY,none,1,32768,0,0,1,other / unknown,1
gb-lunar-lander,GB Lunar Lander,Pigeonaut,GB,game,2023,,event:gbshowdown23,entries/gb-lunar-lander/gb_lunar_lander.gb,262144,GBARCADEPACK,0xC0,CGB only,0,0x1B,MBC5+RAM+BATTERY,MBC5,1,262144,32768,1,1,GB Studio 3+,0
gb-monhun,GB Monster Hunter Music Cart,timisrllybored,,game,,,gbcompo21,entries/gb-monhun/GBMonHunMUSIC.gb,262144,POKKE,0x80,CGB enhanced,0,0x1B,MBC5+RAM+BATTERY,MBC5,1,262144,32768,1,1,GBDK-2020 (C),1
gb-pda,GB-PDA,TeamKNOx,GBC,tool,2002,MIT,,entries/gb-pda/pda.gb,524288,PDA,0x80,CGB enhanced,0,0x03,MBC1+RAM+BATTERY,MBC1,1,524288,8192,1,1,other / unknown,1
gb-phantom,PHANTOM [GB CONCEPT],byrontrent,,game,,,gbcompo21,entries/gb-phantom/Phantom.gb,262144,GHOSTBOY,0x00,DMG,0,0x1B,MBC5+RAM+BATTERY,MBC5,1,262144,32768,1,1,GBDK-2020 (C),1
gb-pongo1,GB_PongoFriends,CreativaGS,GB,game,2023,,event:gbshowdown23,entries/gb-pongo1/game.gb,262144,MYFRIENDS,0xC0,CGB only,0,0x1B,MBC5+RAM+BATTERY,MBC5,1,262144,32768,1,1,GB Studio 3+,0
gb-printer-emulator-v1-0,GB Printer Emulator v1.0,Jeff Frohwein,GB,tool,1999,,,entries/gb-printer-emulator-v1-0/Gameboy Printer Emulator V1.0 by Jeff Frohwein (PD).gb,32768,GB PRTR EMU V1.0,0x30,DMG,0,0x03,MBC1+RAM+BATTERY,MBC1,1,32768,0,1,1,other / unknown,1
gb-quiz-for-kids,GB-Quiz For Kids,Inspeis,GB,game,,,,entries/gb-quiz-for-kids/Quiz.gb,32768,QUIZBAK6,0x00,DMG,0,0x00,ROM ONLY,none,1,32768,0,0,1,other / unknown,1
gb-raycast,GB Raycast,,GB,demo,2001,,,entries/gb-raycast/RAYCAST.GB,65536,EXAMPLE,0x80,CGB enhanced,0,0x02,MBC1+RAM,MBC1,1,65536,0,0,1,other / unknown,1
gb-rem,Learning RemCon,TeamKNOx,GBC,tool,2000,MIT,,entries/gb-rem/gb-rem.gb,65536,REM,0x80,CGB enhanced,0,0x02,MBC1+RAM,MBC1,1,65536,32768,0,1,other / unknown,1
gb-sfx-generator,GB SFX Generator,Patchwork Games,GB,tool,,,,entries/gb-sfx-generator/gb-sfx-generator.gb,32768,SFX Generator,0x00,DMG,0,0x01,MBC1,MBC1,1,32768,0,0,1,other / unknown,1
gb-snake-reini1305,Snake,Christian Reinbacher,GB,game,2022,,,entries/gb-snake-reini1305/snake.gb,32768,GB_SNEK,0xC0,CGB only,0,0x00,ROM ONLY,none,1,32768,0,0,1,GBDK-2020 (C),0
gb-stasis,STASIS [GB DEMO],byrontrent,,game,,,gbcompo21,entries/gb-stasis/GBStasis_Demo_(v0_83).gb,524288,GBSTASIS,0x00,DMG,0,0x1B,MBC5+RAM+BATTERY,MBC5,1,524288,32768,1,1,GBDK-2020 (C),1
gb-tic-tac-toe,GB Tic-Tac-Toe,Norman Nithman,GB,game,,,,entries/gb-tic-tac-toe/GB-TicTacToe.gb,32768,TIC-TAC-TOE,0x00,DMG,0,0x00,ROM ONLY,none,1,32768,0,0,1,other / unknown,1
gb-wordyl,GB-Wordyl,bbbbbr,GB,game,,GPL-3.0,,entries/gb-wordyl/GBWORDYL_0.85_en.gb,32768,GB-WORDYL,0x80,CGB enhanced,0,0x00,ROM ONLY,none,1,32768,0,0,1,GBDK-2020 (C),1
gbamatron,GBamaTron,Ventzislav Tzvetko,GB,game,2006,,,entries/gbamatron/gbamatron.gb,32768,GBAMATRON,0x80,CGB enhanced,0,0x00,ROM ONLY,none,1,32768,0,0,1,other / unknown,1
gbamatron-v1-0,GBamaTron v1.0,Dr. Hirudo,GB,game,,,,entries/gbamatron-v1-0/GBamaTron.gb,32768,GBAMATRON,0x80,CGB enhanced,0,0x00,ROM ONLY,none,1,32768,0,0,1,other / unknown,1
gbapa2,GBAPA2,"Jeff Frohwein, Jens Christian Restemeier",GB,demo,1996,,,entries/gbapa2/GBAPA2.GB,32768,HEROZERO SAMPLE1,0x31,DMG,0,0x00,ROM ONLY,none,1,32768,0,0,1,other / unknown,1
gbc-niccc,GBC-NICCC,All You Can Execute,GBC,demo,,,,entries/gbc-niccc/gbc-niccc.gbc,1048576,GBC NICCC,0xC0,CGB only,0,0x1A,MBC5+RAM,MBC5,1,1048576,8192,0,1,other / unknown,0
gbc-vs-ngpc-movie,GBC vs NGPC Movie,,GBC,tool,1999,,,entries/gbc-vs-ngpc-movie/GBC vs NGPC Movie (PD) [C].gbc,131072,GBCvsNGPC1.0,0xC0,CGB only,0,0x19,MBC5,MBC5,1,131072,0,0,1,other / unknown,0
gbcbarcode,Barcode reader,TeamKNOx,GBC,tool,,MIT,,entries/gbcbarcode/gb-bar.gb,32768,BAR,0x80,CGB enhanced,0,0x02,MBC1+RAM,MBC1,1,32768,32768,0,1,other / unknown,1
gbccardgame,Pelmanism,TeamKNOx,GB,game,,MIT,,entries/gbccardgame/pelmanism.gb,32768,PELMANISM,0x80,CGB enhanced,0,0x02,MBC1+RAM,MBC1,1,32768,32768,0,1,other / unknown,1
gbccuecat,CueCAT reader,TeamKNOx,GBC,tool,,MIT,,entries/gbccuecat/gb-cat.gb,32768,CAT,0x80,CGB enhanced,0,0x02,MBC1+RAM,MBC1,1,32768,32768,0,1,other / unknown,1
gbcgps,GPS receiver,TeamKNOx,GBC,tool,,MIT,,entries/gbcgps/gb-gps.gb,32768,GPS,0x80,CGB enhanced,0,0x02,MBC1+RAM,MBC1,1,32768,32768,0,1,other / unknown,1
gbcirviewer,IrViewer,TeamKNOx,GBC,tool,,MIT,,entries/gbcirviewer/ir_view.gb,65536,VIEW,0x80,CGB enhanced,0,0x02,MBC1+RAM,MBC1,1,65536,32768,0,1,other / unknown,1
gbcjkit,Kanji driver kit,TeamKNOx,GB,demo,2024,MIT,,entries/gbcjkit/jkit.gb,524288,JKIT,0x80,CGB enhanced,0,0x03,MBC1+RAM+BATTERY,MBC1,1,524288,0,1,1,other / unknown,1
gbclock-v1-0,GBClock V1.0,Jeff Frohwein,GB,demo,1997,,,entries/gbclock-v1-0/Clk.gb,65536,GB CLOCK V1.0,0x00,DMG,0,0x01,MBC1,MBC1,1,65536,0,0,1,other / unknown,1
gbclock-v1-2,GBClock V1.2,Jeff Frohwein,GB,demo,1997,,,entries/gbclock-v1-2/CLK.GB,65536,GB CLOCK V1.2,0x00,DMG,0,0x01,MBC1,MBC1,1,65536,0,0,1,other / unknown,1
gbcompo21-entry,GBCOMPO21 Entry,Repugnant Bounty,,game,,,gbcompo21,entries/gbcompo21-entry/game.gb,262144,UNTITLED,0xC0,CGB only,0,0x1B,MBC5+RAM+BATTERY,MBC5,1,262144,32768,1,1,GBDK-2020 (C),0
gbcpdc,GB-PDC,TeamKNOx,GBC,tool,,MIT,,entries/gbcpdc/gb-pdc.gb,32768,PDC,0x80,CGB enhanced,0,0x02,MBC1+RAM,MBC1,1,32768,32768,0,1,other / unknown,1
gbcshell,GB-SHELL,TeamKNOx,GB,demo,,MIT,,entries/gbcshell/shell.gb,32768,SHELL,0x80,CGB enhanced,0,0x02,MBC1+RAM,MBC1,1,32768,32768,0,1,other / unknown,1
gbcspelunky,GBCspelunky,sukus,,game,2021,CC-BY ish,gbcompo21;gbcompo21-shortlist,entries/gbcspelunky/GBCspelunky.gbc,65536,SPELUNKY TWO,0xC0,CGB only,0,0x01,MBC1,MBC1,1,65536,0,0,1,other / unknown,0
gbdev14-snake,gbdev14-snake,,GB,game,,,,entries/gbdev14-snake/snake.gb,32768,NITROSNAKE,0x00,DMG,0,0x00,ROM ONLY,none,1,32768,0,0,1,other / unknown,1
gbflyer,GBFlyer,Bob - One Man Band,GB,game,2000,,event:liksang2000-compo,entries/gbflyer/a009.gb,131072,OMB-GBFLYER,0xC0,CGB only,0,0x19,MBC5,MBC5,1,131072,0,0,1,other / unknown,0
gbhack,GBHack,statico,GBC,game,2026,MIT,,entries/gbhack/gbhack.gbc,262144,GBHACK,0xC0,CGB only,0,0x1B,MBC5+RAM+BATTERY,MBC5,1,262144,32768,1,1,GBDK-2020 (C),0
gbiskindasus,Among Us for Gameboy,ElectricMadnessYT,,game,,,gbcompo21,entries/gbiskindasus/game.gb,262144,AMONG US,0x00,DMG,0,0x1B,MBC5+RAM+BATTERY,MBC5,1,262144,32768,1,1,GBDK-2020 (C),1
gbsoundxperimenter,GBSoundXperimenter v1.3,MJCulross,GB,tool,1999,,,entries/gbsoundxperimenter/Soundx.gb,32768,GBSoundXpermntr,0x00,DMG,0,0x00,ROM ONLY,none,1,32768,0,0,1,other / unknown,1
gbstadium,GB Stadium,Elvies,,game,,,gbcompo21,entries/gbstadium/GBStadium_0.2.1_Arcade.gbc,1048576,GBSTADIUM 0.0.1,0xC0,CGB only,0,0x1B,MBC5+RAM+BATTERY,MBC5,1,1048576,32768,1,1,GBDK-2020 (C),0
gejmbaj,Gejmbåj,Snorpung,GB,demo,2010,,,entries/gejmbaj/gejmboj.gb,262144,GEJMBAJ,0x00,DMG,0,0x01,MBC1,MBC1,1,262144,0,0,1,other / unknown,1
generalgruntin_boris-yeltsin-flappy-bird,Boris Yeltsin Flappy Bird,The Real General Grunt,GB,game,,,event:gbcompo25,entries/generalgruntin_boris-yeltsin-flappy-bird/files/BorisYeltsinFlappyBird_jam.gb,131072,FLAPPYBORISYELT,0xC0,CGB only,0,0x1E,MBC5+RUMBLE+RAM+BATTERY,MBC5,1,131072,32768,1,1,GB Studio 3+,0
genesis,Genesis GB,User0x7f,,game,,,,entries/genesis/game.gb,65536,,0x00,DMG,0,0x03,MBC1+RAM+BATTERY,MBC1,1,65536,8192,1,1,GBDK-2020 (C),1
geometrix,Geometrix,AntonioND,GBC,game,2016,GPL-3.0-or-later,,entries/geometrix/geometrix.gbc,32768,GEOMETRIX,0x80,CGB enhanced,0,0x1B,MBC5+RAM+BATTERY,MBC5,1,32768,8192,1,1,other / unknown,1
gerardodce_grimoire-rush,Grimoire Rush,Gerardodce,GBC,game,,,event:gbcompo25,entries/gerardodce_grimoire-rush/files/GRush_jam.gbc,262144,GRIMOIRERUSH,0xC0,CGB only,0,0x1E,MBC5+RUMBLE+RAM+BATTERY,MBC5,1,262144,32768,1,1,GB Studio 3+,0
gerry-the-friendly-ghost,Gerry the friendly ghost,ceprotypes,GB,game,2023,,event:gbshowdown23,entries/gerry-the-friendly-ghost/game.gb,262144,UNTITLED,0x00,DMG,0,0x1B,MBC5+RAM+BATTERY,MBC5,1,262144,32768,1,1,GB Studio 3+,1
gerzytet_race-for-the-ps9,Race for the PS9,Multiple authors,GBC,game,,,event:gbcompo25,entries/gerzytet_race-for-the-ps9/files/PS9Race.gbc,32768,PS9RacePS9,0x80,CGB enhanced,0,0x00,ROM ONLY,none,1,32768,0,0,1,other / unknown,1
gesusa-hilfe,Gesusa Hilfe,colorful-courier,GB,game,,,,entries/gesusa-hilfe/gesusa-hilfe.gb,32768,gesusa hilfe,0x00,DMG,0,0x00,ROM ONLY,none,1,32768,0,0,1,other / unknown,1
ghostbusters-logo-demo,Ghostbusters Logo Demo,,GB,demo,1998,,,entries/ghostbusters-logo-demo/Ghostbusters Logo Demo (PD).gb,32768,GHSTBSTR,0x00,DMG,0,0x00,ROM ONLY,none,1,32768,0,0,1,other / unknown,1
ghostly-labyrinth,Ghostly Labyrinth,Jared Chansen,GB,game,,,,entries/ghostly-labyrinth/ghostly-labyrinth.gb,4194304,GHOSTLY LABYRIN,0xC0,CGB only,0,0x1B,MBC5+RAM+BATTERY,MBC5,1,4194304,32768,1,1,GBDK-2020 (C),0
ghostly-labyrinth-2,Ghostly Labyrinth 2,Jared Chansen,GB,game,,,,entries/ghostly-labyrinth-2/ghostly-labyrinth-2.gb,4194304,GL 2.1,0xC0,CGB only,0,0x1B,MBC5+RAM+BATTERY,MBC5,1,4194304,32768,1,1,GBDK-2020 (C),0
ghunter-v0-5,GHunter v0.5,Seth C. Nelson,GB,game,,,event:bung-2nd-coding-compo,entries/ghunter-v0-5/GHunter.gb,32768,GHUNTER,0x00,DMG,0,0x00,ROM ONLY,none,1,32768,0,0,1,other / unknown,1
gibbongl_gb-tv-show-music,GB TV Show Music,GibbonGL,GB,music,,,event:gbcompo25,entries/gibbongl_gb-tv-show-music/files/game.gb,131072,GBMUSIC,0x00,DMG,0,0x1E,MBC5+RUMBLE+RAM+BATTERY,MBC5,1,131072,32768,1,1,GB Studio 3+,1
gibbongl_gbc-pip-boy,GBC Pip-Boy,GibbonGL,GBC,tool,,,gb-compo-2025;gb-compo;event:gbcompo25,entries/gibbongl_gbc-pip-boy/files/Pip-Boy by GibbonGL_jam.gbc,262144,PIPBOY,0xC0,CGB only,0,0x10,MBC3+TIMER+RAM+BATTERY,MBC3,1,262144,32768,1,1,GB Studio 3+,0
glitchytsp__exterminator,EXTERMINATOR,GlitchyTSP,,game,2023,,event:gbcompo23,entries/glitchytsp__exterminator/EXTERMINATOR_jam.gb,524288,EXTERMINATOR,0xC0,CGB only,0,0x1B,MBC5+RAM+BATTERY,MBC5,1,524288,32768,1,1,GB Studio 3+,0
gloomglow,Gloomglow: Prologue,"['Retro Blasted Games', 'SavestateCorrupted']",,game,2022,,,entries/gloomglow/game.gb,524288,GLOOMGLOW,0x00,DMG,0,0x1B,MBC5+RAM+BATTERY,MBC5,1,524288,32768,1,1,GB Studio 3+,1
glory-hunters,Glory Hunters,2think design studio,,game,2021,,gbcompo21;gbcompo21-shortlist,entries/glory-hunters/Glory Hunters Chapter 1 ver.0.1.gb,2097152,GLORY HUNTERS,0x00,DMG,0,0x1B,MBC5+RAM+BATTERY,MBC5,1,2097152,32768,1,1,GBDK-2020 (C),1
going-bananas,Going Bananas,Chris Read,GB,game,2019,,,entries/going-bananas/banana7.gb,32768,BANANA7,0x00,DMG,0,0x00,ROM ONLY,none,1,32768,0,0,1,other / unknown,1
good-luck-mrbatto,Good Luck Mr. Batto!,TYAB,,game,,,gbcompo21,entries/good-luck-mrbatto/GLMrBatto-v0-3.gb,262144,MBS RPG V0.2,0x00,DMG,0,0x1B,MBC5+RAM+BATTERY,MBC5,1,262144,32768,1,1,GBDK-2020 (C),1
goose-a-gotchi,Goose-A-Gotchi,"['Kotzwinkle', 'GottderFrucht', 'Swyka', 'BoxonaCat']",GB,game,2023,,event:gbshowdown23,entries/goose-a-gotchi/game.gb,262144,GAME,0xC0,CGB only,0,0x1B,MBC5+RAM+BATTERY,MBC5,1,262144,32768,1,1,GB Studio 3+,0
gortyncode__chantey-prologue,Chantey (Prologue),Gortyn Code,,game,2023,,event:gbcompo23,entries/gortyncode__chantey-prologue/chantey-prologue_jam.gb,524288,CHANTEY,0x00,DMG,0,0x1B,MBC5+RAM+BATTERY,MBC5,1,524288,32768,1,1,GB Studio 3+,1
gorzylla__mission-earth,Mission: Earth,gorzylla,,game,2023,,event:gbcompo23,entries/gorzylla__mission-earth/MissionEarth_Rom_Jam_v1.gb,524288,MISSIONEARTH,0xC0,CGB only,0,0x1B,MBC5+RAM+BATTERY,MBC5,1,524288,32768,1,1,GB Studio 3+,0
gosub,GoSub,Chris Read,GB,game,2022,,,entries/gosub/gosub20220609.gb,65536,,0x00,DMG,1,0x1A,MBC5+RAM,MBC5,1,65536,32768,0,1,GBDK-2020 (C),1
graal-v1-1-adventure-demo,Graal v1.1 Adventure Demo,,GBC,tool,1999,,,entries/graal-v1-1-adventure-demo/Graal V1.1 Adventure Demo (PD) [C].gbc,262144,GRAAL,0x80,CGB enhanced,0,0x02,MBC1+RAM,MBC1,1,262144,0,0,1,other / unknown,1
grannies,Grannies,Hohenstaufer,GB,game,2023,,event:gbshowdown23,entries/grannies/grannies.gb,131072,GRANNIES,0x00,DMG,0,0x1B,MBC5+RAM+BATTERY,MBC5,1,131072,32768,1,1,GB Studio 3+,1
grayfox-gbdk-scroll-sample,GBDK Scroll Sample,Grayfox unLTD.,GB,tool,1997,,,entries/grayfox-gbdk-scroll-sample/SAMP03B1.GB,32768,samp03b1,0x00,DMG,0,0x00,ROM ONLY,none,1,32768,0,0,1,other / unknown,1
grayfox-gbdk-sprite-sample,GBDK Sprite Sample,Grayfox unLTD.,GB,tool,1997,,,entries/grayfox-gbdk-sprite-sample/SAMP05B1.GB,32768,SAMP05B1,0x00,DMG,0,0x00,ROM ONLY,none,1,32768,0,0,1,other / unknown,1
grayfox-gbdk-window-sample,GBDK Window Sample,Grayfox unLTD.,GB,tool,1997,,,entries/grayfox-gbdk-window-sample/GBMG04B1.GB,32768,SAMP09B1,0x00,DMG,0,0x00,ROM ONLY,none,1,32768,0,0,1,other / unknown,1
greatfoohachi_game-boy-hero-ii,Game Boy Hero II,The Great Foohachi,GB,game,2025,,event:gbcompo25,entries/greatfoohachi_game-boy-hero-ii/files/Game Boy Hero II_jam.gb,1048576,GAMEBOYHEROII,0x00,DMG,1,0x1E,MBC5+RUMBLE+RAM+BATTERY,MBC5,1,1048576,32768,1,1,GB Studio 3+,1
grecotron-v0-91,Grecotron v0.91,Dave VanEe,GBC,game,,,,entries/grecotron-v0-91/grecotron.gbc,32768,GRECOTRON V0.91,0x80,CGB enhanced,0,0x00,ROM ONLY,none,1,32768,0,0,1,other / unknown,1
grimmrobegames__abducted,Abducted,grimmrobegames,,game,2023,,event:gbcompo23,entries/grimmrobegames__abducted/Abducted.gb,262144,SPECTRE,0x00,DMG,0,0x1B,MBC5+RAM+BATTERY,MBC5,1,262144,32768,1,1,GB Studio 3+,1
grind-jet,Grind Jet,voxel,GB,game,,,,entries/grind-jet/grind-jet.gb,32768,GBJAM,0x00,DMG,0,0x00,ROM ONLY,none,1,32768,0,0,1,other / unknown,1
grub-glide,Grub Glide,Ethan Hazel,GB,game,,Zlib,,entries/grub-glide/GrubGlide.gb,65536,MAIN,0x00,DMG,0,0x03,MBC1+RAM+BATTERY,MBC1,1,65536,32768,1,1,other / unknown,1
guess-the-number-1,Guess The Number 1,Francis Bernier,GB,game,,,event:bung-2nd-coding-compo,entries/guess-the-number-1/GuessTheNumber_1.gb,32768,MYFIRSTGAME,0x20,DMG,0,0x00,ROM ONLY,none,1,32768,0,0,1,other / unknown,1
guess-the-number-2,Guess The Number 2,Pete,GB,game,,,,entries/guess-the-number-2/GuessTheNumber_2.gb,32768,GUESS,0x00,DMG,0,0x00,ROM ONLY,none,1,32768,0,0,1,other / unknown,1
guess-the-number-3,Guess The Number 3,BigRedPimp,GBC,game,2000,,,entries/guess-the-number-3/Guess The Number 3 (PD) [C].gbc,524288,BRP,0x80,CGB enhanced,0,0x1C,MBC5+RUMBLE,MBC5,1,524288,0,0,1,other / unknown,1
gumpyfunction__feed-it-souls,Feed IT Souls,Gumpy Function,,game,2023,,event:gbcompo23,entries/gumpyfunction__feed-it-souls/Feed_IT_Souls_v1.4.gbc,1048576,FEEDITSOULS,0xC0,CGB only,0,0x1B,MBC5+RAM+BATTERY,MBC5,1,1048576,32768,1,1,GB Studio 3+,0
gunman-clive,Gunman Clive,Bertil Horberg,GB,game,,,,entries/gunman-clive/gunman-clive.gb,65536,GUNMANCLIVE,0x00,DMG,0,0x01,MBC1,MBC1,1,65536,0,0,1,other / unknown,1
gunpey,Namihey,TeamKNOx,GBC,game,,MIT,,entries/gunpey/namihey.gb,65536,NAMIHEY,0x80,CGB enhanced,0,0x02,MBC1+RAM,MBC1,1,65536,8192,0,1,other / unknown,1
guns--riders-version-10,Guns & Riders (Version 1.0),J. M. Clement,GB,game,,,,entries/guns--riders-version-10/gunsriders.gb,32768,MIROM,0x00,DMG,0,0x00,ROM ONLY,none,1,32768,0,0,1,other / unknown,1
gunship,Gunship GB,User0x7f,,game,,,,entries/gunship/game.gb,131072,,0x00,DMG,0,0x01,MBC1,MBC1,1,131072,0,0,1,GBDK-2020 (C),1
hamburgers-en-route-to-switzerland,Hamburgers En Route To Switzerland,Chris Read,GB,game,2022,,,entries/hamburgers-en-route-to-switzerland/hamburger32.gb,32768,,0x00,DMG,0,0x00,ROM ONLY,none,1,32768,0,0,1,GBDK-2020 (C),1
handheld-heroes-player,Handheld Heroes Player,,GB,music,,,,entries/handheld-heroes-player/handheld-heroes-player-rev-b.gb,1048576,HANDHELD HEROES,0x00,DMG,0,0x19,MBC5,MBC5,1,1048576,0,0,1,other / unknown,1
hangman-99,Hangman 99,Thomas Vee,GB,game,,,,entries/hangman-99/Hangman_02.gb,262144,H,0x00,DMG,0,0x02,MBC1+RAM,MBC1,1,262144,32768,0,1,other / unknown,1
harlequin__automatron-gb-demake,Automatron GB Demo,Lenni,,game,2023,,event:gbcompo23,entries/harlequin__automatron-gb-demake/automatron_jam.gb,262144,FOAUTOMATRON,0xC0,CGB only,0,0x1B,MBC5+RAM+BATTERY,MBC5,1,262144,32768,1,1,GB Studio 3+,0
harrier,Harrier,,GB,demo,2002,,,entries/harrier/harrier.gb,32768,HARRIER,0x80,CGB enhanced,0,0x00,ROM ONLY,none,1,32768,0,0,1,other / unknown,1
harvest-moon-3,Harvest Moon 3,Quartex,GBC,demo,2001,,,entries/harvest-moon-3/harvest-moon-3.gbc,5320,41@av7,0xA7,CGB enhanced,0,0xDB,UNKNOWN,UNKNOWN,0,5320,0,0,0,other / unknown,0
haunted,Haunted,November,GB,game,2023,,event:gbshowdown23,entries/haunted/haunted.gb,131072,HAUNTED,0xC0,CGB only,0,0x1B,MBC5+RAM+BATTERY,MBC5,1,131072,32768,1,1,GB Studio 3+,0
headache-boy,Headache Boy,frax91,GB,tool,,,,entries/headache-boy/headache-boy.gb,32768,GB2016,0x80,CGB enhanced,0,0x02,MBC1+RAM,MBC1,1,32768,0,0,1,other / unknown,1
heebie-gbs-2014,Heebie-GBs-2014,,GB,music,,,,entries/heebie-gbs-2014/Heebie-GBs-2014.gb,1048576,HALLOWEEN2014,0x00,DMG,0,0x19,MBC5,MBC5,1,1048576,0,0,1,other / unknown,1
helicopter,Helicopter,hayley,GB,game,,,,entries/helicopter/helicopter.gb,32768,EXAMPLE,0x00,DMG,0,0x00,ROM ONLY,none,1,32768,0,0,1,other / unknown,1
hello-tepples,My first attempt,tepples,GB,demo,2018,,,entries/hello-tepples/hello.gb,32768,HELLO,0x80,CGB enhanced,1,0x00,ROM ONLY,none,1,32768,0,0,1,other / unknown,1
hello-world,HELLO WORLD,S_TN,,music,2021,,gbcompo21;gbcompo21-shortlist,entries/hello-world/S_TN - Hello world.gb,2097152,LSDPACK,0x00,DMG,0,0x19,MBC5,MBC5,1,2097152,0,0,1,other / unknown,1
hello_world,Hello_World!,Tronimal,GB,music,,,,entries/hello_world/hello_world-download-version.gb,131072,TRONIMAL_HELLO_,0x00,DMG,0,0x19,MBC5,MBC5,1,131072,0,0,1,other / unknown,1
her-sovereign-virus-version-010,Her Sovereign Virus (Version 0.1.0),Upho,GB,tool,,,,entries/her-sovereign-virus-version-010/hersovereignvirus.gb,32768,HERSOVEREIGNVIRU,0x55,DMG,0,0x00,ROM ONLY,none,1,32768,0,0,1,other / unknown,1
hero-guide-your-heart-concept-demo,Hero: Guide Your Heart (Concept Demo),SubterraneanExhibit,,game,,,gbcompo21,entries/hero-guide-your-heart-concept-demo/game.gb,1048576,DOROTHY PROJECT,0x00,DMG,0,0x1B,MBC5+RAM+BATTERY,MBC5,1,1048576,32768,1,1,GBDK-2020 (C),1
herozero-fractal-demo,HeroZero Fractal Demo,"Jeff Frohwein, Jens Christian Restemeier",GB,demo,1996,,,entries/herozero-fractal-demo/HeroZero_Fractal_Demo.gb,32768,HEROZERO SAMPLE1,0x31,DMG,0,0x00,ROM ONLY,none,1,32768,0,0,1,other / unknown,1
hey-you-pikachu-demake,Hey You! Pikachu Demake,pixelloren,,game,,,gbcompo21,entries/hey-you-pikachu-demake/game.gb,262144,"HEY YOU, PIKACH",0x80,CGB enhanced,0,0x1B,MBC5+RAM+BATTERY,MBC5,1,262144,32768,1,1,GBDK-2020 (C),1
hi-colour-demo,Hi-Colour Demo,Icarus Productions,GBC,demo,1999,,,entries/hi-colour-demo/gbhc.gbc,131072,GBHICOLOUR,0x80,CGB enhanced,0,0x19,MBC5,MBC5,1,131072,0,0,0,other / unknown,1
hicolor-animation-engine,Hicolor Animation Engine,Jeff Frohwein,GBC,demo,1999,,,entries/hicolor-animation-engine/GFX.GB,262144,HICOLOR20000,0x80,CGB enhanced,0,0x01,MBC1,MBC1,1,262144,0,0,1,other / unknown,1
highnoon,HighNoon,Braindead,GBC,game,2000,,,entries/highnoon/HighNoon (PD) [C].gbc,32768,HIGHNOON,0x80,CGB enhanced,0,0x02,MBC1+RAM,MBC1,1,32768,0,0,1,other / unknown,1
hikaris-summer-job,Hikari's Summer Job,Repugnant Bounty,,game,,,,entries/hikaris-summer-job/Hikaris_Summer_Job.gb,262144,CONNIECANTHOLDA,0x00,DMG,0,0x1B,MBC5+RAM+BATTERY,MBC5,1,262144,32768,1,1,GB Studio 3+,1
hikaru,Hikaru,Megaman_X,GB,demo,1998,,,entries/hikaru/HIKARU.GB,32768,MMX-PCX2GB DEMO,0x20,DMG,0,0x00,ROM ONLY,none,1,32768,0,0,1,other / unknown,1
hitorigb,HitoriGB,Max Gerckens,GB,game,2021,,,entries/hitorigb/hitori.gb,32768,,0x00,DMG,0,0x00,ROM ONLY,none,1,32768,0,0,1,GB Studio 3+,1
horatiofresh_megamallds,Mega Mall DS,Horatio Fresh,GB,game,,,event:gbcompo25,entries/horatiofresh_megamallds/files/MegaMallDSv1_jam.gb,524288,GBJAMAUG,0xC0,CGB only,0,0x1E,MBC5+RUMBLE+RAM+BATTERY,MBC5,1,524288,32768,1,1,GB Studio 3+,0
hot-gameboy,Hot Gameboy,Icebird,GB,demo,1998,,,entries/hot-gameboy/hotgb.gb,32768,hOT GB/iCEbiRD,0x00,DMG,0,0x00,ROM ONLY,none,1,32768,0,0,1,other / unknown,1
hover-defender,Hover Defender,Konstantin Dobrev,GB,game,2024,,,entries/hover-defender/hoverdefender.gb,262144,,0x00,DMG,0,0x19,MBC5,MBC5,1,262144,0,0,1,GBDK-2020 (C),1
howdyriceball_polar-peril,Polar Peril,howdy riceball,GB,game,,,event:gbcompo25,entries/howdyriceball_polar-peril/files/polarperil_jam.gb,524288,POLARBEARGOBRRR,0xC0,CGB only,0,0x1E,MBC5+RUMBLE+RAM+BATTERY,MBC5,1,524288,32768,1,1,GB Studio 3+,0
hs-gbc-intro-1,hs gbc intro #1,High Society,GBC,demo,,,,entries/hs-gbc-intro-1/hs-gbc-intro-1.gbc,1048576,NUTZ ZORN,0xC0,CGB only,0,0x19,MBC5,MBC5,1,1048576,0,0,1,other / unknown,0
hungry-are-the-dead-demo-3,Hungry are the Dead (Demo 3),Berserker Industries,GBC,game,2000,,,entries/hungry-are-the-dead-demo-3/hungrydm3.gbc,524288,HUNGRYDM3,0x80,CGB enhanced,0,0x02,MBC1+RAM,MBC1,1,524288,8192,0,1,other / unknown,1
hungry-birds,Hungry Birds,oshf,GB,game,2019,,,entries/hungry-birds/HungryBirds.gb,65536,BIRDS,0x00,DMG,0,0x03,MBC1+RAM+BATTERY,MBC1,1,65536,32768,1,1,other / unknown,1
hwilson_ccex,CLEAVING CALIBER EX [GBC],CURSED BOOTLEG INC,GBC,game,,,event:gbcompo25,entries/hwilson_ccex/files/CleavingCaliber_jam.gbc,262144,CC,0xC0,CGB only,0,0x1E,MBC5+RUMBLE+RAM+BATTERY,MBC5,1,262144,32768,1,1,GB Studio 3+,0
hybrid-gbplot,Hybrid GBPlot,,GB,demo,1999,,,entries/hybrid-gbplot/Hybrid GBPlot (PD).gb,262144,Hybrid GBplot,0x00,DMG,0,0x00,ROM ONLY,none,1,262144,0,0,1,other / unknown,1
hyper-cat,Hyper Cat,Andrew G. Crowell,GB,tool,,,,entries/hyper-cat/hypercat.gb,32768,HYPERCAT,0x00,DMG,0,0x00,ROM ONLY,none,1,32768,8192,0,1,other / unknown,1
hypertechgames_where-da-jam-at,Where Da Jam At?,Hyper Tech Games,GB,game,,,event:gbcompo25,entries/hypertechgames_where-da-jam-at/files/WhereDaJamAt_jam.gb,262144,WHEREDAJAMAT,0xC0,CGB only,1,0x1E,MBC5+RUMBLE+RAM+BATTERY,MBC5,1,262144,32768,1,1,GB Studio 3+,0
i-dig-holes_cosmoctopus,Cosmoctopus,I_dig_holes,GB,game,,,event:gbcompo25,entries/i-dig-holes_cosmoctopus/files/cosmoctopus_jam.gb,4194304,FALLING,0xC0,CGB only,0,0x1E,MBC5+RUMBLE+RAM+BATTERY,MBC5,1,4194304,32768,1,1,GB Studio 3+,0
i-dig-holes_random-walk-generator,Random Walk Generator,I_dig_holes,GB,game,,,event:gbcompo25,entries/i-dig-holes_random-walk-generator/files/RWG_jam.gb,524288,GDA,0xC0,CGB only,0,0x1E,MBC5+RUMBLE+RAM+BATTERY,MBC5,1,524288,32768,1,1,GB Studio 3+,0
i-guardian,I Guardian,Dreambit,GBC,game,2001,,,entries/i-guardian/I Guardian (PD) [C].gbc,65536,IGUARD,0x80,CGB enhanced,0,0x02,MBC1+RAM,MBC1,1,65536,0,0,1,other / unknown,1
i-look-around,I Look Around,ahmadmanga,,game,,,,entries/i-look-around/I_Look_Around_0.1.gb,262144,ILOOKAROUND,0xC0,CGB only,0,0x1B,MBC5+RAM+BATTERY,MBC5,1,262144,32768,1,1,GB Studio 3+,0
i-shall-be-queen,I Shall Be Queen,Refresh Games,GB,game,2016,,,entries/i-shall-be-queen/ishallbequeen.gb,131072,ISHALLBEQUEEN,0x80,CGB enhanced,1,0x02,MBC1+RAM,MBC1,1,131072,8192,0,1,other / unknown,1
ichi-ni-san,Ichi Ni San,QuangDX,GB,game,,,,entries/ichi-ni-san/ichi-ni-san.gb,32768,ICHINISAN,0x00,DMG,0,0x00,ROM ONLY,none,1,32768,0,0,1,other / unknown,1
idk1801_archaea,ARCHAEA,Idk,GB,game,,,event:gbcompo25,entries/idk1801_archaea/files/ARCHAEA.gb,524288,GBCOMPO,0xC0,CGB only,0,0x1E,MBC5+RUMBLE+RAM+BATTERY,MBC5,1,524288,32768,1,1,GB Studio 3+,0
idnitmedia__sporophore,Sporophore,"IdnitMedia (https://idnitmedia.itch.io), Alex Mesa (https://lexcastle.itch.io)",,game,2023,,event:gbcompo23,entries/idnitmedia__sporophore/Sporophore0.1.0_jam.gbc,1048576,SPOROPHORE,0xC0,CGB only,0,0x1B,MBC5+RAM+BATTERY,MBC5,1,1048576,32768,1,1,GB Studio 3+,0
ikinari-bopper,Ikinari Bopper,Unknown,GB,tool,,,,entries/ikinari-bopper/ikinari-bopper.gb,32768,IKIMU,0x00,DMG,0,0x00,ROM ONLY,none,1,32768,0,0,1,other / unknown,1
impossipong,ImpossiPong!,Nicklausw,GB,game,,,,entries/impossipong/pong.gb,32768,PONG NICKLAUSW,0x00,DMG,0,0x00,ROM ONLY,none,1,32768,0,0,1,other / unknown,1
incognitiouwu__no-time-for-art-sorry-music-cart,No time for art sorry (Music Cart),incognitio,,music,2023,,event:gbcompo23,entries/incognitiouwu__no-time-for-art-sorry-music-cart/No_time_for_art_sorry_jam.gb,131072,MUSICCART,0xC0,CGB only,0,0x1B,MBC5+RAM+BATTERY,MBC5,1,131072,32768,1,1,GB Studio 3+,0
infinite-bobs,Infinite Bobs,Ethanol Soft Inc,GBC,demo,2000,,,entries/infinite-bobs/InfiniteBobs.gbc,65536,INFINIBOBS,0xC0,CGB only,0,0x01,MBC1,MBC1,1,65536,0,0,1,other / unknown,0
infinitron,Infinitron,Refresh Games,GBC,game,,,,entries/infinitron/infinitron.gbc,32768,INFINITRON,0x80,CGB enhanced,1,0x00,ROM ONLY,none,1,32768,0,0,1,other / unknown,1
infinity-preview-version-100,Infinity (Preview Version 1.0.0),Affinix Software,GB,game,2016,,,entries/infinity-preview-version-100/infinity.gb,2097152,INFINITY,0x80,CGB enhanced,0,0x1B,MBC5+RAM+BATTERY,MBC5,1,2097152,32768,1,1,other / unknown,1
infrared-investigator,Infrared Investigator,Ken Kaarvik,GBC,tool,2000,,,entries/infrared-investigator/Infrared Investigator by Ken Kaarvik (PD) [C].gbc,32768,IR INVESTIGATOR,0x80,CGB enhanced,0,0x03,MBC1+RAM+BATTERY,MBC1,1,32768,8192,1,1,other / unknown,1
interblocked,INTERBLOCKED [Game Boy],Maithonis,,game,,,gbcompo21,entries/interblocked/INTERBLOCKED.gb,262144,INTERBLOCKED,0x00,DMG,0,0x1B,MBC5+RAM+BATTERY,MBC5,1,262144,8192,1,1,GBDK-2020 (C),1
into-the-blue,Into The Blue,Jonas Fischback,GB,game,,,,entries/into-the-blue/into-the-blue.gb,131072,INTO THE BLUE,0x00,DMG,0,0x01,MBC1,MBC1,1,131072,0,0,1,other / unknown,1
intro-1-capital,Intro #1 (Grand Theft Auto),Capital,GBC,demo,2002,,,entries/intro-1-capital/cpl-i_01.gbc,32768,CPL INTRO 01,0xC0,CGB only,0,0x00,ROM ONLY,none,1,32768,0,0,1,other / unknown,0
intro-1-dcs,Intro #1 (Metal Gear Solid),Dual Crew & Shining,GBC,demo,2000,,,entries/intro-1-dcs/dcs-i_01.gbc,32768,,0x80,CGB enhanced,0,0x02,MBC1+RAM,MBC1,1,32768,32768,0,1,other / unknown,1
intro-1-oldskool,Intro #1 (X-Men Mutant Academy),Oldskool,GBC,demo,2001,,,entries/intro-1-oldskool/os-i_01.gbc,32768,OS INTRO 01,0xC0,CGB only,0,0x00,ROM ONLY,none,1,32768,0,0,1,other / unknown,0
intro-1-paradox,Intro #1 (Lucky Luke: Desperado Train),Paradox,GBC,demo,2000,,,entries/intro-1-paradox/pdx-i_01.gbc,32768,PDX INTRO 01,0xC0,CGB only,0,0x00,ROM ONLY,none,1,32768,0,0,1,other / unknown,0
intro-2-capital,Intro #2 (Robot Wars: Metal Mayhem),Capital,GBC,demo,2002,,,entries/intro-2-capital/cpl-i_02.gbc,32768,CPL INTRO 02,0xC0,CGB only,0,0x00,ROM ONLY,none,1,32768,0,0,1,other / unknown,0
intro-2-quartex,Intro #2 (Harvest Moon 3),Quartex,GBC,demo,2001,,,entries/intro-2-quartex/qtx-i_02.gbc,32768,QTX INTRO 02,0xC0,CGB only,0,0x00,ROM ONLY,none,1,32768,0,0,1,other / unknown,0
intro-3-capital,Intro #3 (Cannon Fodder),Capital,GBC,demo,2002,,,entries/intro-3-capital/cpl-i_03.gbc,32768,CPL INTRO 03,0xC0,CGB only,0,0x00,ROM ONLY,none,1,32768,0,0,1,other / unknown,0
intro-3-dcs,Intro #3 (Alfred's Adventure),Dual Crew & Shining,GBC,demo,2001,,,entries/intro-3-dcs/dcs-i_03.gbc,32768,DCS INTRO 03,0xC0,CGB only,0,0x00,ROM ONLY,none,1,32768,0,0,1,other / unknown,0
intro-4-capital,Intro #4 (Monkey Puncher),Capital,GBC,demo,2002,,,entries/intro-4-capital/cpl-i_04.gbc,32768,CPL INTRO 04,0xC0,CGB only,0,0x00,ROM ONLY,none,1,32768,0,0,1,other / unknown,0
intro-4-dcs,Intro #4 (Trouballs),Dual Crew & Shining,GBC,demo,2001,,,entries/intro-4-dcs/dcs-i_04.gbc,32768,,0x80,CGB enhanced,0,0x02,MBC1+RAM,MBC1,1,32768,32768,0,1,other / unknown,1
intro-5-dcs,Intro #5 (Marvin Strikes Back),Dual Crew & Shining,GBC,demo,2001,,,entries/intro-5-dcs/dcs-i_05.gbc,32768,DCS INTRO 05,0xC0,CGB only,0,0x00,ROM ONLY,none,1,32768,0,0,1,other / unknown,0
intro-6-dcs,Intro #6 (Croc 2),Dual Crew & Shining,GBC,demo,2001,,,entries/intro-6-dcs/dcs-i_06.gbc,32768,DCS INTRO 06,0xC0,CGB only,0,0x00,ROM ONLY,none,1,32768,0,0,1,other / unknown,0
intro-collection,Intro Collection,CHN,GBC,demo,2001,,,entries/intro-collection/introcollection.gbc,1048576,Intro Collector,0x80,CGB enhanced,0,0x11,MBC3,MBC3,1,1048576,0,0,1,other / unknown,1
intro-v2,Intro v2,Freeart,GBC,demo,2001,,,entries/intro-v2/FREEART Intro V2.gbc,32768,FreeArt Intro 2,0x80,CGB enhanced,0,0x02,MBC1+RAM,MBC1,1,32768,32768,0,1,other / unknown,1
intro-v3,Intro v3,Freeart,GBC,demo,2001,,,entries/intro-v3/FREEART Intro V3.gbc,262144,FreeArt Intro 2,0x80,CGB enhanced,0,0x02,MBC1+RAM,MBC1,1,262144,32768,0,1,other / unknown,1
invasion-dx-09-05-2000,Invasion DX (09-05-2000),Richard van der Brugge,GB,game,2000,,event:liksang2000-compo,entries/invasion-dx-09-05-2000/invasion.gb,65536,INVASION,0xC0,CGB only,0,0x01,MBC1,MBC1,1,65536,0,0,1,other / unknown,0
ir-viewer,IR-Viewer,,GBC,tool,2000,,,entries/ir-viewer/IR-Viewer (PD) [C].gbc,65536,VIEW,0x80,CGB enhanced,0,0x02,MBC1+RAM,MBC1,1,65536,32768,0,1,other / unknown,1
is-relative,Is_relative,I_dig_a_hole,,game,,,gbcompo21,entries/is-relative/Is_relative_french.gb,262144,TEMPUS_FUGIT,0x00,DMG,0,0x1B,MBC5+RAM+BATTERY,MBC5,1,262144,32768,1,1,GBDK-2020 (C),1
is-that-a-demo-in-your-pocket,Is That a Demo in Your Pocket?,Snorpung,GB,demo,2015,,,entries/is-that-a-demo-in-your-pocket/pocket.gb,131072,POCKET-DEMO,0x00,DMG,0,0x01,MBC1,MBC1,1,131072,0,0,1,other / unknown,1
isaac-first-gb-demo,Isaac's First GB Demo,Isaac Rounds,GBC,demo,2000,,,entries/isaac-first-gb-demo/Issac's First GB Demo (Quang2000) (PD) [C].gbc,32768,FIRSTDEMO,0x80,CGB enhanced,0,0x00,ROM ONLY,none,1,32768,0,0,1,other / unknown,1
island-story,Island Story,hcase,,game,,,gbcompo21,entries/island-story/ISLANDSTORY.gb,32768,ISLANDSTORY,0x00,DMG,0,0x00,ROM ONLY,none,1,32768,0,0,1,other / unknown,1
issues-cancelled-demo,Issues Cancelled (DEMO),Game portal....,,game,,,gbcompo21,entries/issues-cancelled-demo/game.gb,262144,ISSUES,0xC0,CGB only,0,0x1B,MBC5+RAM+BATTERY,MBC5,1,262144,32768,1,1,GBDK-2020 (C),0
it-came-from-planet-zilog,It Came from Planet Zilog,Phantasy,GBC,demo,2015,,,entries/it-came-from-planet-zilog/pht-pz.gbc,262144,PLANET ZILOG,0xC0,CGB only,0,0x1A,MBC5+RAM,MBC5,1,262144,8192,0,1,other / unknown,0
its-about-time,It's About Time,AruniTao,,game,,,,entries/its-about-time/game.gb,131072,TIMEKILLER,0x00,DMG,0,0x1B,MBC5+RAM+BATTERY,MBC5,1,131072,32768,1,1,GB Studio 3+,1
jackoatley_gekokujo,Gekokujō,JackOatley,GB,game,,,event:gbcompo25,entries/jackoatley_gekokujo/files/gekokujo_jam.gb,524288,GEKOKUJO,0x00,DMG,0,0x1E,MBC5+RUMBLE+RAM+BATTERY,MBC5,1,524288,32768,1,1,GB Studio 3+,1
jamboy,JamBoy,ERIC_MACK,,game,,,gbcompo21,entries/jamboy/JamBoy.gb,262144,GB JAM 2021,0x00,DMG,0,0x1B,MBC5+RAM+BATTERY,MBC5,1,262144,32768,1,1,GBDK-2020 (C),1
james-bond-demo,James Bond Demo,Axis Design,GB,demo,1998,,,entries/james-bond-demo/James Bond Demo (PD).gb,32768,BOND,0x00,DMG,0,0x00,ROM ONLY,none,1,32768,0,0,1,other / unknown,1
jeffzzq_western-road,Western Road [Unfinished],jeffzzq,GBC,game,,,event:gbcompo25,entries/jeffzzq_western-road/files/western_road_jam.gbc,262144,,0x80,CGB enhanced,0,0x1B,MBC5+RAM+BATTERY,MBC5,1,262144,32768,1,1,GBDK-2020 (C),1
jet-pak-dx,Jet Pak DX,Quang,GB,game,1999,,event:bung-1st-coding-compo,entries/jet-pak-dx/jetpakdx.gb,131072,JETPAKDX,0x80,CGB enhanced,0,0x01,MBC1,MBC1,1,131072,0,0,1,other / unknown,1
jet-set-willy-v2-beta-2,Jet Set Willy (V.2 Beta 2,Paul Taylor,GB,game,2000,,,entries/jet-set-willy-v2-beta-2/jsw.gb,65536,JSW,0x80,CGB enhanced,0,0x03,MBC1+RAM+BATTERY,MBC1,1,65536,2048,1,1,other / unknown,1
jetpak-dx-gr,Jetpak DX (Greek),Gambit Studios/GreekRoms,GBC,game,2003,,,entries/jetpak-dx-gr/jetpakdx-gr.gb,131072,JETPAKGR,0x80,CGB enhanced,0,0x01,MBC1,MBC1,1,131072,0,0,0,other / unknown,1
jetset-willy,JetSet Willy,Gambit Studios,GB,game,,,,entries/jetset-willy/jetset-willy.gb,65536,JSW,0x80,CGB enhanced,0,0x03,MBC1+RAM+BATTERY,MBC1,1,65536,2048,1,1,other / unknown,1
jlim_gbcompo-2025,GBCompo Cargame 2025,JL It & Media,GB,game,,,event:gbcompo25,entries/jlim_gbcompo-2025/files/game.gb,131072,DuMmY,0x00,DMG,0,0x19,MBC5,MBC5,1,131072,0,0,1,other / unknown,1
jls-gameboy-beatem-up,JL's gameboy beat'em up,Jonas Lund,GB,tool,,,,entries/jls-gameboy-beatem-up/game.gb,65536,,0x00,DMG,0,0x01,MBC1,MBC1,1,65536,0,0,1,other / unknown,1
joaobapt__dungeon-master,Dungeon Master,JoÃ£o Baptista,,game,2023,,event:gbcompo23,entries/joaobapt__dungeon-master/dungeon-master_jam.gb,32768,JB GBCOMPO23,0x00,DMG,0,0x19,MBC5,MBC5,1,32768,0,0,1,other / unknown,1
joestrong__monster-within,Monster Within,joestrong,,game,2023,,event:gbcompo23,entries/joestrong__monster-within/monster-within_jam.gbc,32768,MONSTERINS,0xC0,CGB only,0,0x19,MBC5,MBC5,1,32768,0,0,1,GBDK-2020 (C),0
jordanly_the-elder-scrolls-travels-morrowind,The Elder Scrolls Travels: Morrowind,jordanly,GBC,game,,,event:gbcompo25,entries/jordanly_the-elder-scrolls-travels-morrowind/files/TEST Morrowind 0.6.5.gbc,1048576,THEELDERSCROLLS,0xC0,CGB only,0,0x1E,MBC5+RUMBLE+RAM+BATTERY,MBC5,1,1048576,32768,1,1,GB Studio 3+,0
joserichi__arrow-rain,Arrow Rain,Joserichi,,game,2023,,event:gbcompo23,entries/joserichi__arrow-rain/ArrowRain_jam.gb,32768,ArrowRainJose,0x00,DMG,0,0x03,MBC1+RAM+BATTERY,MBC1,1,32768,32768,1,1,other / unknown,1
joshua-wise-demo,Joshua Wise's Demo,Joshua Wise,GBC,demo,2000,,,entries/joshua-wise-demo/Joshua Wise's Demo (Quang2000) (PD) [C].gbc,32768,A,0x00,DMG,0,0x00,ROM ONLY,none,1,32768,0,0,1,other / unknown,1
joypad-test,JOYTST.GB ver .1,Nick Kochakian,GB,tool,1998,,,entries/joypad-test/Joypad_Test.gb,32768,joytst,0x00,DMG,0,0x00,ROM ONLY,none,1,32768,0,0,0,other / unknown,1
jp,JP,Graham Coulby (IonicLimb),GB,game,2021,MIT,,entries/jp/jp.gb,65536,,0x00,DMG,0,0x01,MBC1,MBC1,1,65536,0,0,1,GBDK-2020 (C),1
jrp-01-invite,JRP'01 Invite,Nukleus,GBC,demo,2001,,,entries/jrp-01-invite/GINTRO.GBC,32768,,0x80,CGB enhanced,0,0x00,ROM ONLY,none,1,32768,0,0,1,other / unknown,1
jumpik,Jumpik,Small Blue Cube,GBC,game,2001,,,entries/jumpik/jumpik-bung-v4-pd-c.gbc,65536,Jumpik,0x80,CGB enhanced,0,0x01,MBC1,MBC1,1,65536,0,0,1,other / unknown,1
jumpman-86,Jumpman '86,PÃƒÂ¤r Johannesson,GBC,game,2001,,,entries/jumpman-86/jumpman86.gbc,65536,JUMPMAN 86,0xC0,CGB only,0,0x19,MBC5,MBC5,1,65536,0,0,1,other / unknown,0
jurassic-snap-demo,Jurassic Snap (Demo),howdy riceball,,game,,,gbcompo21,entries/jurassic-snap-demo/Jurassic_Snap_DEMO_1.1_ESPANOL.gb,262144,JURASSIC SNAP,0xC0,CGB only,0,0x1B,MBC5+RAM+BATTERY,MBC5,1,262144,32768,1,1,GBDK-2020 (C),0
k32superrocket,K32 Super Rocket,jona32u4 hm,,game,,,gbcompo21,entries/k32superrocket/K32_Super_Rocket_(World)_(Rev4)_(GBCompatible).gbc,32768,K32:SuperRocket,0x80,CGB enhanced,0,0x00,ROM ONLY,none,1,32768,0,0,1,other / unknown,1
kabcorp__8bit-sunset,8bit Sunset (GameBoy Music),Kabcorp,,music,2023,,event:gbcompo23,entries/kabcorp__8bit-sunset/8BIT_SUNSET_jam.gb,32768,8BIT_SUNSET,0x00,DMG,0,0x00,ROM ONLY,none,1,32768,0,0,1,GBDK-2020 (C),1
kabcorp_dmg-keygen,DMG Keygen (GameBoy Music),Kabcorp,GB,music,,,event:gbcompo25,entries/kabcorp_dmg-keygen/files/DMGKEYGEN_jam.gb,32768,DMGKEYGEN,0x00,DMG,0,0x00,ROM ONLY,none,1,32768,0,0,1,GBDK-2020 (C),1
kannonblitz85_gbdoom,GBDoom,KannonBlitz85,GB,game,,,event:gbcompo25,entries/kannonblitz85_gbdoom/files/GBDoom_jam.gb,524288,DOOM,0x00,DMG,0,0x1E,MBC5+RUMBLE+RAM+BATTERY,MBC5,1,524288,32768,1,1,GB Studio 3+,1
kasumi-scroller,Kasumi Scroller,,GB,demo,1995,,,entries/kasumi-scroller/Kasumi_Scroller.gb,32768,Test GamePak,0x00,DMG,0,0x00,ROM ONLY,none,1,32768,0,0,0,other / unknown,1
kenny-and-the-evil-blob,Kenny And The Evil Blob,Kenny Won,GBC,game,,,,entries/kenny-and-the-evil-blob/KennyAndTheEvilBlob.gbc,32768,GAME,0x80,CGB enhanced,0,0x00,ROM ONLY,none,1,32768,8192,0,1,other / unknown,1
keystone-capers,Keystone Capers,haroldo-ok,GBC,game,,,,entries/keystone-capers/keystone-capers.gb,65536,KEYSTONE,0x80,CGB enhanced,1,0x03,MBC1+RAM+BATTERY,MBC1,1,65536,0,1,1,other / unknown,1
khonsu,Khonsu,redoctorok,,game,,,gbcompo21,entries/khonsu/Khonsu.gb,1048576,KHONSU,0x00,DMG,0,0x1B,MBC5+RAM+BATTERY,MBC5,1,1048576,32768,1,1,GBDK-2020 (C),1
kings-korner,King’s Korner,Harold Toler,GBC,game,,,,entries/kings-korner/KingsKorner.gbc,32768,KINGKORN,0x80,CGB enhanced,0,0x00,ROM ONLY,none,1,32768,0,0,1,other / unknown,1
kirbothedirbo_tickets,Ticket Check!,Kirbo,GB,game,,,event:gbcompo25,entries/kirbothedirbo_tickets/files/game.gb,262144,TICKET,0x00,DMG,0,0x1E,MBC5+RUMBLE+RAM+BATTERY,MBC5,1,262144,32768,1,1,GB Studio 3+,1
kirby-xxl,Kirby XXL,Harry Mulder,GB,demo,1998,,,entries/kirby-xxl/KIRBYXXL.GB,32768,KIRBY XXL,0x00,DMG,0,0x01,MBC1,MBC1,1,32768,0,0,1,other / unknown,1
kittyn_goodluckbaby,GoodLuck Baby,Kii,GBC,game,,,event:gbcompo25,entries/kittyn_goodluckbaby/files/goodluckbaby_jam.gbc,2097152,GBCOMPO,0xC0,CGB only,0,0x1E,MBC5+RUMBLE+RAM+BATTERY,MBC5,1,2097152,32768,1,1,GB Studio 3+,0
kittys-quest,Kittys Quest,Shen Mansell,GBC,game,2001,,,entries/kittys-quest/kquest.gbc,262144,Kitty Quest,0xC0,CGB only,0,0x02,MBC1+RAM,MBC1,1,262144,2048,0,1,other / unknown,0
klondike,Klondike,Harold Toler,GBC,game,2000,,,entries/klondike/klondike.gbc,32768,KLONDIKE,0x80,CGB enhanced,0,0x00,ROM ONLY,none,1,32768,0,0,1,other / unknown,1
knark,Knark,Phantasy,GBC,demo,2003,,,entries/knark/pht-knrk.GBC,262144,KNARK/PHANTASY!,0xC0,CGB only,0,0x19,MBC5,MBC5,1,262144,0,0,1,other / unknown,0
kolobok-zoom-1,KOLOBOK ZOOM 1,FreeArt,GBC,game,,,,entries/kolobok-zoom-1/KOLOBOK ZOOM 1 (PD) [C].gbc,131072,Kolobok zoom!,0x80,CGB enhanced,0,0x02,MBC1+RAM,MBC1,1,131072,32768,0,1,other / unknown,1
kolobok-zoom-2,KOLOBOK ZOOM 2,FreeArt,GBC,game,2000,,,entries/kolobok-zoom-2/KOLOBOK ZOOM 2 (PD) [C].gbc,131072,Kolobok Zoom  2,0x80,CGB enhanced,0,0x02,MBC1+RAM,MBC1,1,131072,32768,0,1,other / unknown,1
kristiandvd__tigertale,Tigertale,Kristian David,,game,2023,,event:gbcompo23,entries/kristiandvd__tigertale/TIGERTALE_NoColor.gb,262144,TIGERTALE,0x00,DMG,0,0x1B,MBC5+RAM+BATTERY,MBC5,1,262144,32768,1,1,GB Studio 3+,1
kupman,kupman,dubvulture,GB,game,,,,entries/kupman/kupman.gb,32768,WOW PACMAN,0x00,DMG,0,0x00,ROM ONLY,none,1,32768,0,0,1,other / unknown,1
kurolink78__the-children,The Children,"[{'name': 'Kurolink78', 'link': 'https://kurolink78.itch.io'}, {'name': 'SubterraneanExhibit', 'link': 'https://subterraneanexhibit.itch.io'}]",,game,2023,,event:gbcompo23,entries/kurolink78__the-children/game.gb,131072,GBCOMP,0x00,DMG,0,0x1B,MBC5+RAM+BATTERY,MBC5,1,131072,32768,1,1,GB Studio 3+,1
la-miniflash,La MiniFlash,Latitude Independent Association,GBC,game,2024,,,entries/la-miniflash/la-miniflash.gbc,67482560,"FSMK,(I",0xD5,CGB enhanced,0,0x2F,UNKNOWN,UNKNOWN,0,67482560,0,0,0,other / unknown,0
lab3d,Lab3D,cUrdon,GBC,game,,,,entries/lab3d/Lab3D.gbc,32768,MARTIN5,0x80,CGB enhanced,0,0x00,ROM ONLY,none,1,32768,0,0,1,other / unknown,1
labirinth,Labirinth,godai / Gniazdo Światów,GBC,game,,CC-BY-SA 4.0,,entries/labirinth/Labirinth.gbc,524288,LABIRYNT,0xC0,CGB only,0,0x1B,MBC5+RAM+BATTERY,MBC5,1,524288,32768,1,1,GB Studio 3+,0
labyrinth,Labyrinth,Martin Ekelof,GB,game,,,event:bung-2nd-coding-compo,entries/labyrinth/Labyrinth.gb,32768,LABYRINT,0x00,DMG,0,0x00,ROM ONLY,none,1,32768,0,0,1,other / unknown,1
lacoste42__bomb-runner-1-2,Bomb Runner 1-2,RajcsÃ¡nyi LÃ¡szlÃ³ (WLS),,game,2023,,event:gbcompo23,entries/lacoste42__bomb-runner-1-2/Bomb_Runner_1-2_GBC_(WLS).gbc,262144,BOMBRUNNER,0xC0,CGB only,0,0x1B,MBC5+RAM+BATTERY,MBC5,1,262144,32768,1,1,GBDK-2020 (C),0
lacoste42__gnter-the-monster-and-his-friends,GÃ¼nter the monster and his friends,RajcsÃ¡nyi LÃ¡szlÃ³ (WLS),,game,2023,,event:gbcompo23,entries/lacoste42__gnter-the-monster-and-his-friends/Günter_the_monster_and_his_friends_GBC_(WLS).gbc,524288,GNTER THE MONS,0xC0,CGB only,0,0x1B,MBC5+RAM+BATTERY,MBC5,1,524288,32768,1,1,GBDK-2020 (C),0
lacoste42__mad-monster,Mad Monster,RajcsÃ¡nyi LÃ¡szlÃ³ (WLS),,game,2023,,event:gbcompo23,entries/lacoste42__mad-monster/Mad_Monster_GB_(WLS).gb,524288,MAD MONSTER,0x00,DMG,0,0x1B,MBC5+RAM+BATTERY,MBC5,1,524288,32768,1,1,GBDK-2020 (C),1
ladeks,Ladeks,Lee Tonks,GB,game,,,event:bung-2nd-coding-compo,entries/ladeks/LADEKS.GB,32768,LADEKS,0x00,DMG,0,0x00,ROM ONLY,none,1,32768,0,0,1,other / unknown,1
lambo-ii,Lambo II,Jeff Frohwein,GB,tool,1997,,,entries/lambo-ii/L2.GB,32768,LAMBO II DEMO,0x00,DMG,0,0x00,ROM ONLY,none,1,32768,0,0,1,other / unknown,1
lamenth_legally-distinct-archeologist,Legally Distinct Archeologist and the Historically Vague Relic of Inexplicable Importance,lamenth,GBC,game,,,event:gbcompo25,entries/lamenth_legally-distinct-archeologist/files/LDA_jam.gbc,524288,NEVERSAYDIE,0xC0,CGB only,0,0x1E,MBC5+RUMBLE+RAM+BATTERY,MBC5,1,524288,32768,1,1,GB Studio 3+,0
landscape,Landscape,Anders Granlund,GB,demo,1998,,,entries/landscape/Ls.gb,32768,Landscape Demo,0x20,DMG,0,0x00,ROM ONLY,none,1,32768,0,0,1,other / unknown,1
last-crown,Last Crown Warriors,Light Games,GB,game,2019,,,entries/last-crown/lastcrowndemo.gb,262144,Last Crown W,0x80,CGB enhanced,1,0x01,MBC1,MBC1,1,262144,0,0,1,other / unknown,1
lavallure_pocketware,PocketWare,lavallure,GB,game,,,event:gbcompo25,entries/lavallure_pocketware/files/PocketWare_v1_2.gb,1048576,POCKETWARE,0xC0,CGB only,0,0x1E,MBC5+RUMBLE+RAM+BATTERY,MBC5,1,1048576,32768,1,1,GB Studio 3+,0
lawnboy,Lawnboy,Unknown,GBC,game,,,event:bung-2nd-coding-compo,entries/lawnboy/LAWNBOY.GBC,32768,LAWNBOY,0x80,CGB enhanced,0,0x00,ROM ONLY,none,1,32768,0,0,1,other / unknown,1
lazerpong,Lazerpong,Shanty Town,GB,game,2015,,,entries/lazerpong/lazerpong.gb,32768,LAZERPONGLZPG,0x00,DMG,0,0x00,ROM ONLY,none,1,32768,8192,0,1,other / unknown,1
lazydevs__stardiver,Stardiver,Lazy Dev Games,,game,2023,,event:gbcompo23,entries/lazydevs__stardiver/stardiver.gb,1048576,STARDIVER,0x00,DMG,0,0x1B,MBC5+RAM+BATTERY,MBC5,1,1048576,32768,1,1,GB Studio 3+,1
lazydevs_dragonslayer,DRAGONSLAYER,Lazy Dev Games,GB,game,,,gbcompo2025;event:gbcompo25,entries/lazydevs_dragonslayer/files/dragonslayer.gb,1048576,DRAGONSLAYER,0x00,DMG,0,0x1E,MBC5+RUMBLE+RAM+BATTERY,MBC5,1,1048576,32768,1,1,GB Studio 3+,1
lcd-game,LCD Game,Dark Fader,GBC,game,2001,,event:freedom-2001-gameboy-developers-competition,entries/lcd-game/LCDGame.gbc,32768,LCDGame,0x80,CGB enhanced,0,0x00,ROM ONLY,none,1,32768,0,0,0,other / unknown,1
lcp2000,LCP2000,Megaboys,GBC,demo,2000,,,entries/lcp2000/1MB - LCP2000.gbc,65536,1MB AT LCP2000!,0xC0,CGB only,0,0x19,MBC5,MBC5,1,65536,0,0,1,other / unknown,0
le-grand-bleu,Le Grand Bleu,Inka,GBC,demo,2001,,event:freedom-2001-gameboy-developers-competition,entries/le-grand-bleu/lgb.gbc,65536,LE GRAND BLEU,0x80,CGB enhanced,0,0x01,MBC1,MBC1,1,65536,0,0,1,other / unknown,1
leanart_kuli,[PREVIEW] KULI,Lean Art,GBC,game,2025,,event:gbcompo25,entries/leanart_kuli/files/kuli_jam.gbc,1048576,kuli_jam,0x80,CGB enhanced,1,0x1B,MBC5+RAM+BATTERY,MBC5,1,1048576,8192,1,1,other / unknown,1
leanart_sgb,Still Got the Blues,Lean Art,GB,tool,,MIT,event:gbcompo25,entries/leanart_sgb/files/sgb_jam.gb,65536,STILLGOTTHEBLUES,0x53,DMG,1,0x01,MBC1,MBC1,1,65536,0,0,1,other / unknown,1
legend-of-doge,Legend of Doge,Imperium Serbicum,,game,,,gbcompo21,entries/legend-of-doge/Legend_Of_Doge.gb,262144,LEGEND OF LAKY,0x80,CGB enhanced,0,0x1B,MBC5+RAM+BATTERY,MBC5,1,262144,32768,1,1,GBDK-2020 (C),1
lemon-player-2-demo,Lemon Player 2 Demo,Lemon,GBC,music,2000,,,entries/lemon-player-2-demo/Lemon Player 2 Demo by Lemon Productions (PD) [C].gbc,32768,LP2,0xC0,CGB only,0,0x00,ROM ONLY,none,1,32768,0,0,1,other / unknown,0
lemon-player-demo,Lemon Player Demo,Lemon,GB,music,2000,,,entries/lemon-player-demo/Lemon Player Demo by Lemon Productions (PD).gb,65536,PLAYER202F,0x00,DMG,0,0x02,MBC1+RAM,MBC1,1,65536,0,0,1,other / unknown,1
les-wet_save-maurice-dig,Save Maurice!,Les Wet,GB,game,,,event:gbcompo25,entries/les-wet_save-maurice-dig/files/SAVEMAURICE_jam.gb,65536,SAVEMAURICEDIG,0x00,DMG,0,0x19,MBC5,MBC5,1,65536,0,0,1,other / unknown,1
less-is-more,Less Is More,Abyss,GBC,demo,2001,,,entries/less-is-more/AYS-LiM.gb,65536,MORE,0x80,CGB enhanced,0,0x01,MBC1,MBC1,1,65536,0,0,1,other / unknown,1
lets-bee-friends,Let's Bee Friends,howdy riceball,GB,game,2023,,event:gbshowdown23,entries/lets-bee-friends/Lets_Bee_Friends.gb,262144,PROJECTBUMBLE,0xC0,CGB only,1,0x1B,MBC5+RAM+BATTERY,MBC5,1,262144,32768,1,1,GB Studio 3+,0
level-1-battle-lava-ultrasyd-game-boy-ep,Level 1 - Battle Lava & Ultrasyd Game Boy EP,Battle Lava,GB,music,2009,,,entries/level-1-battle-lava-ultrasyd-game-boy-ep/level-1-battle-lava-ultrasyd-game-boy-ep.gb,24407458,H((/@,0x1B,DMG,0,0x7E,UNKNOWN,UNKNOWN,0,24407458,0,0,1,other / unknown,0
libbet,Libbet and the Magic Floor,Damian Yerrick,GB,game,2018,Zlib,,entries/libbet/libbet.gb,32768,LIBBET,0x80,CGB enhanced,1,0x00,ROM ONLY,none,1,32768,0,0,1,other / unknown,1
life-gb,Conways Game of Life,xoxo_grease,GB,demo,,MIT,,entries/life-gb/life.gb,32768,,0x00,DMG,0,0x00,ROM ONLY,none,1,32768,0,0,1,GBDK-2020 (C),1
light-boy-game,Light Boy Game (Demo),The Flying Cortijo,,game,,,gbcompo21,entries/light-boy-game/game.gb,262144,LIGHT BOY GAME,0x00,DMG,0,0x1A,MBC5+RAM,MBC5,1,262144,32768,0,1,GBDK-2020 (C),1
lightforce-intro-1,Lightforce Intro 1 (The Emperor's New Groove +4),Lightforce,GBC,demo,2000,,,entries/lightforce-intro-1/lfc1.gbc,32768,Lightforce1,0x80,CGB enhanced,0,0x01,MBC1,MBC1,1,32768,0,0,1,other / unknown,1
lightlytoasteddave_heartsheroes,Hearts and Heroes,davelightlytoasted,GB,game,,,event:gbcompo25,entries/lightlytoasteddave_heartsheroes/files/HEARTS&HEROES_jam.gb,262144,HEARTSHEROSREFE,0xC0,CGB only,0,0x1E,MBC5+RUMBLE+RAM+BATTERY,MBC5,1,262144,32768,1,1,GB Studio 3+,0
lillie-chippie__dddddeemon,DDDDDEEMO(N),Lillie_chippie,,demo,2023,,event:gbcompo23,entries/lillie-chippie__dddddeemon/dddddeemon_jam.gb,262144,,0x00,DMG,0,0x03,MBC1+RAM+BATTERY,MBC1,1,262144,32768,1,1,GBDK-2020 (C),1
linum-alpha-a01,Linum Alpha a01,Jack Heney,GB,demo,2020,Beta Cat,,entries/linum-alpha-a01/Linum_Alpha_a01.gb,32768,MAIN,0x00,DMG,0,0x00,ROM ONLY,none,1,32768,0,0,1,other / unknown,1
little-short-demo,Little Short Demo,Oyd11,GBC,demo,2001,,,entries/little-short-demo/lsd.gbc,32768,L_SHORT_DEMO,0xC0,CGB only,0,0x00,ROM ONLY,none,1,32768,0,0,1,other / unknown,0
little-thief,Little Thief,Marvin Mofeed,,game,,,,entries/little-thief/LittleTheifRomReseve.gb,262144,LITTLETHIEF,0xC0,CGB only,0,0x1B,MBC5+RAM+BATTERY,MBC5,1,262144,32768,1,1,GB Studio 3+,0
live-in-8bit,Live in 8bit (Commander Keen),Eurasia,GBC,demo,2001,,,entries/live-in-8bit/eur-i_01.gbc,32768,EUR INTRO 01,0xC0,CGB only,0,0x00,ROM ONLY,none,1,32768,0,0,1,other / unknown,0
lmkdots_sheepsplit,Sheep Split,lmk.dots,GBC,game,,,gbcompo2025;event:gbcompo25,entries/lmkdots_sheepsplit/files/SheepSplit_v1.0_jam.gbc,262144,SHEEPSPLIT,0xC0,CGB only,0,0x1E,MBC5+RUMBLE+RAM+BATTERY,MBC5,1,262144,32768,1,1,GB Studio 3+,0
loderunner,Loderunner,Dr. Thomas Tensi,GBC,game,2010,,,entries/loderunner/loderunner-en.gbc,65536,GAME,0xC0,CGB only,0,0x02,MBC1+RAM,MBC1,1,524288,8192,0,1,other / unknown,0
lofi-gb-beats-1,LoFi Chiptune Beats To Relax To Vol 1,Beatscribe,GB,music,,Zlib,,entries/lofi-gb-beats-1/lofi-chiptune-1.gb,262144,LOFIVOLUME,0x00,DMG,0,0x1B,MBC5+RAM+BATTERY,MBC5,1,262144,32768,1,1,GB Studio 3+,1
logx,LogX,Abel Vincze,GB,game,,,,entries/logx/LogX.gb,32768,Log-X version1.0,0x30,DMG,0,0x03,MBC1+RAM+BATTERY,MBC1,1,32768,8192,1,1,other / unknown,1
lonely-house,Lonely House,Curious Fox,,game,,,gbcompo21,entries/lonely-house/Lonely_House.gb,262144,GAME JAM,0x80,CGB enhanced,0,0x1B,MBC5+RAM+BATTERY,MBC5,1,262144,32768,1,1,GBDK-2020 (C),1
long-boi,LONG BOI,julss,,game,2022,,,entries/long-boi/longboi.gb,32768,MAIN,0x00,DMG,0,0x00,ROM ONLY,none,1,32768,0,0,1,other / unknown,1
loop,Loop,Amuq Creations,GBC,demo,2003,,,entries/loop/LoOp.gbc,262144,LoOp,0xC0,CGB only,0,0x01,MBC1,MBC1,1,262144,0,0,1,other / unknown,0
lost-in-translation,Lost in Translation,All You Can Execute,GB,demo,,,,entries/lost-in-translation/lost-in-translation.gb,32768,LOST INTRO,0x00,DMG,0,0x00,ROM ONLY,none,1,32768,0,0,1,other / unknown,1
love-replica,Love Replica,Inka,GBC,demo,2001,,,entries/love-replica/LoveReplica.GBC,65536,LOVE REPLICA,0xC0,CGB only,0,0x19,MBC5,MBC5,1,65536,0,0,1,other / unknown,0
love-you-to-death,Love You To Death,gearfo,GB,game,2023,,event:gbshowdown23,entries/love-you-to-death/lytd.gbc,524288,LYTD,0xC0,CGB only,0,0x19,MBC5,MBC5,1,524288,0,0,1,GBDK-2020 (C),0
low-battery,LOW BATTERY,miniignis,,game,,,,entries/low-battery/game.gb,262144,GBROBOT,0xC0,CGB only,0,0x1B,MBC5+RAM+BATTERY,MBC5,1,262144,32768,1,1,GB Studio 3+,0
lsdj,LSDJ,Johan Kotlinski,GB,tool,,,,entries/lsdj/lsdj.gb,1048576,LSDj-v8.5.1,0x80,CGB enhanced,0,0x1B,MBC5+RAM+BATTERY,MBC5,1,1048576,131072,1,1,other / unknown,1
lucidlyes_sliding-puzzle,Sliding Puzzle,LucidLyes,GB,game,,,event:gbcompo25,entries/lucidlyes_sliding-puzzle/files/Sliding_Puzzle_GB.gb,32768,sliding puzzle,0x00,DMG,0,0x00,ROM ONLY,none,1,32768,0,0,1,other / unknown,1
luigo-scroller,Luigo Scroller,,GBC,demo,1999,,,entries/luigo-scroller/Luigo Scroller (PD) [C].gbc,131072,SMQ,0xC0,CGB only,0,0x01,MBC1,MBC1,1,131072,0,0,1,other / unknown,0
lumberjack,Lumberjack,"Koyot1222, JMD, and TmK",GB,game,2017,,,entries/lumberjack/ind-lj.gb,32768,LUMBERJACK,0x00,DMG,0,0x09,ROM+RAM+BATTERY,none,1,32768,2048,1,1,other / unknown,1
lumberjack-for-game-boy,Lumberjack for Game Boy,JMD,GB,game,2017,,,entries/lumberjack-for-game-boy/lumberjack-for-game-boy.gb,18526,E,0x95,CGB enhanced,0,0xB3,UNKNOWN,UNKNOWN,0,18526,0,0,0,other / unknown,0
luna,Luna,Mills,GB,game,2017,,,entries/luna/MOON.gbc,262144,MOON,0xC0,CGB only,0,0x01,MBC1,MBC1,1,262144,0,0,1,other / unknown,0
lunar-chase,Lunar Chase,,GB,tool,,,,entries/lunar-chase/x-tech-demo-1.gb,245760,ECLIPSE,0x00,DMG,0,0x03,MBC1+RAM+BATTERY,MBC1,1,131072,0,1,1,other / unknown,1
m3t4stinger_the-dark-book-and-the-crimson-phylactery-demo,The Dark Book and The Crimson Phylactery - Demo,M3T4Stinger,GB,game,,,event:gbcompo25,entries/m3t4stinger_the-dark-book-and-the-crimson-phylactery-demo/files/The Dark Book and The Crimson Phylactery_Jam.gb,262144,DARK,0xC0,CGB only,0,0x1E,MBC5+RUMBLE+RAM+BATTERY,MBC5,1,262144,32768,1,1,GB Studio 3+,0
macintester,Welcome to Macintester,sloopygoop,,game,,,,entries/macintester/Sloopygoop_Welcome_to_Macintest.gb,262144,MACINTOSHFRIGHT,0xC0,CGB only,0,0x1B,MBC5+RAM+BATTERY,MBC5,1,262144,32768,1,1,GB Studio 3+,0
madpews-battlegrounds,madpews battlegrounds,madpew,GB,game,2020,Unlicense,,entries/madpews-battlegrounds/battlegrounds.gb,32768,BATTLEGROUNDS__,0x00,DMG,0,0x00,ROM ONLY,none,1,32768,0,0,1,other / unknown,1
magali-the-wiener,Magali The Wiener,lab_bueno,GB,game,2023,,event:gbshowdown23,entries/magali-the-wiener/magali-the-wiener.gb,131072,UNTITLED,0x00,DMG,0,0x1B,MBC5+RAM+BATTERY,MBC5,1,131072,32768,1,1,GB Studio 3+,1
mageofcode_a-hunters-heart-demo,A Hunter's Heart Demo,MageOfCode,GB,game,,,event:gbcompo25,entries/mageofcode_a-hunters-heart-demo/files/A Hunter's Heart_jam.gb,262144,AHUNTERSHEARTDE,0x00,DMG,0,0x1E,MBC5+RUMBLE+RAM+BATTERY,MBC5,1,262144,32768,1,1,GB Studio 3+,1
magic-eye,Magic Eye,Jason W. Thompson,GBC,demo,2001,,,entries/magic-eye/Magic Eye (PD) [C].gbc,65536,MagicEye,0x80,CGB enhanced,1,0x01,MBC1,MBC1,1,65536,8192,0,1,other / unknown,1
magic-screen,Magic Screen,Hammer Keyboard Studios,GB,tool,2022,,,entries/magic-screen/Magic Screen (Etch-A-Sketch) (SGB).gb,32768,,0x00,DMG,1,0x00,ROM ONLY,none,1,32768,0,0,1,GBDK-2020 (C),1
mainblow,MainBlow,Fatality Software Institute,GBC,game,,,,entries/mainblow/Mainblow.gbc,524288,MAINBLOW2000,0xC0,CGB only,0,0x1B,MBC5+RAM+BATTERY,MBC5,1,524288,8192,1,1,other / unknown,0
mallard,Sam Mallard – The Case of the Missing Swan,"Snorpung, Nordloef",GB,game,,,,entries/mallard/mallard.gb,1048576,SAM MALLARD,0x00,DMG,1,0x03,MBC1+RAM+BATTERY,MBC1,1,1048576,8192,1,1,other / unknown,1
marcbla-3d-demo,Marcbla 3D Demo,Arcadiy Gobuzov,GBC,game,2001,,,entries/marcbla-3d-demo/Marcbla 3D Demo (PD) [C].gbc,65536,MARCBLA /GOLD/,0x80,CGB enhanced,0,0x01,MBC1,MBC1,1,65536,0,0,1,other / unknown,1
maresia,MARESIA,Fyichi,,game,2022,,gbcompo21,entries/maresia/Maresia_v1.1_en-ptbr.gb,524288,MARESIA,0x00,DMG,0,0x1B,MBC5+RAM+BATTERY,MBC5,1,524288,32768,1,1,GBDK-2020 (C),1
mario-bros-demo-02,Mario Bros Demo 0.2,,GBC,demo,2022,,,entries/mario-bros-demo-02/mario.gb,32768,MARIO BROTHERS,0x80,CGB enhanced,1,0x00,ROM ONLY,none,1,32768,0,0,1,other / unknown,1
mario-clone,Mario Clone,Pikachu14,GBC,game,1999,,,entries/mario-clone/mario.gbc,32768,MARIO,0x80,CGB enhanced,0,0x00,ROM ONLY,none,1,32768,0,0,1,other / unknown,1
mario-walk,Mario Walk,,GB,demo,2001,,,entries/mario-walk/walk.gb,32768,WALK,0x80,CGB enhanced,0,0x00,ROM ONLY,none,1,32768,0,0,1,other / unknown,1
marla-and-the-elemental-rings-demo,Marla and the Elemental Rings DEMO,Geek_Joystick,,game,2021,,gbcompo21;gbcompo21-shortlist,entries/marla-and-the-elemental-rings-demo/Marla_and_the_Elemental_Rings.gbc,2097152,,0xC0,CGB only,0,0x13,MBC3+RAM+BATTERY,MBC3,1,2097152,32768,1,1,GBDK-2020 (C),0
mashinn__little-dungeon-renovator,Little Dungeon Renovator,MashinN,,game,2023,,event:gbcompo23,entries/mashinn__little-dungeon-renovator/Little_Dungeon_Renovator1.0_JAM.gb,262144,LITTLEDUNGEONRE,0xC0,CGB only,0,0x1B,MBC5+RAM+BATTERY,MBC5,1,262144,32768,1,1,GB Studio 3+,0
master-your-multiplication,Master Your Multiplication,Unknown,GB,game,,,event:bung-2nd-coding-compo,entries/master-your-multiplication/MasterYourMultiplication.gb,32768,MULTIPLY,0x00,DMG,0,0x00,ROM ONLY,none,1,32768,0,0,1,other / unknown,1
mastermind,Mastermind,Celestina Software,GB,game,2017,,,entries/mastermind/mastermind plus.gb,32768,MASTERMIND,0x00,DMG,0,0x00,ROM ONLY,none,1,32768,0,0,1,other / unknown,1
mateusdigital_el-jamon-volador,El Jamon Volador,mateus.digital,GB,game,2023,GPL-3.0-only,,entries/mateusdigital_el-jamon-volador/files/el-jamon-volador_1.2.1.gb,32768,1,0x00,DMG,0,0x00,ROM ONLY,none,1,32768,0,0,1,other / unknown,1
math-drill-20,Math Drill 20,"Susan Cramer, Norm Cramer",GB,game,,,event:bung-2nd-coding-compo,entries/math-drill-20/MathDrill20.gb,32768,Math Drill 20,0x80,CGB enhanced,0,0x00,ROM ONLY,none,1,32768,0,0,1,other / unknown,1
max,Max,TheVaxStudio,,game,,,gbcompo21,entries/max/game.gb,262144,MAX,0x80,CGB enhanced,0,0x1B,MBC5+RAM+BATTERY,MBC5,1,262144,32768,1,1,GBDK-2020 (C),1
maxpirate,Max Pirate,Lemmy Hawkins,GB,game,2024,MIT,,entries/maxpirate/maxpirate.gb,32768,MAXPIRATE,0x00,DMG,0,0x00,ROM ONLY,none,1,32768,0,0,1,GBDK-2020 (C),1
maxpirateeb,Max Pirate Extra Boom,Lemmy Hawkins,GB,game,2025,MIT,,entries/maxpirateeb/maxpirateeb.gb,65536,MAXPIRATEEB,0x00,DMG,0,0x19,MBC5,MBC5,1,65536,0,0,1,GBDK-2020 (C),1
maze-rage,Maze Rage GB,irishgreencitrus,,game,,,gbcompo21,entries/maze-rage/maze_game.gb,32768,,0x00,DMG,0,0x00,ROM ONLY,none,1,32768,0,0,1,GBDK-2020 (C),1
maze-runner,Maze Runner,Jason,GBC,game,,,,entries/maze-runner/MAZERUN.GBC,32768,MAZERUN,0x80,CGB enhanced,0,0x00,ROM ONLY,none,1,32768,0,0,1,other / unknown,1
maze-runner-atari-style,Maze Runner - Atari-Style Version,,GBC,tool,2000,,,entries/maze-runner-atari-style/Maze Runner - Atari-Style Version (Quang2000) (PD) [C].gbc,32768,MAZERUN,0x80,CGB enhanced,0,0x00,ROM ONLY,none,1,32768,0,0,1,other / unknown,1
mazezam,MazezaM,Dr Hirudo,GB,game,,,,entries/mazezam/MazezaM.gb,32768,MAZEZAM,0x80,CGB enhanced,0,0x00,ROM ONLY,none,1,32768,0,0,1,other / unknown,1
mean-mr-mustard,Mean Mr. Mustard,"Henik Jansson, Mikael Backlund",GB,game,2000,,event:liksang2000-compo,entries/mean-mr-mustard/mean-mr-mustard-lik-sang-pd-c.gb,65536,MR MUSTARD,0x80,CGB enhanced,0,0x19,MBC5,MBC5,1,65536,0,0,1,other / unknown,1
megamania,Megamania,Genetic Fantasia,GB,game,1997,,,entries/megamania/SHIP.GB,32768,MEGAMANIA,0x20,DMG,0,0x00,ROM ONLY,none,1,32768,0,0,1,other / unknown,1
meganime,MegAnime,Megaman_X,GB,demo,1998,,,entries/meganime/MEGANIME.GB,32768,MMX - MEGANIM,0x20,DMG,0,0x00,ROM ONLY,none,1,32768,0,0,1,other / unknown,1
memory-lane-gameboy-edition,Memory Lane (Gameboy Edition),ComSha,GB,game,2023,,,entries/memory-lane-gameboy-edition/memory-lane-gameboy-edition.gb,70770,=%-*4n/L,0x4C,DMG,0,0x97,UNKNOWN,UNKNOWN,0,131072,0,0,0,other / unknown,0
mental-respirator,Mental Respirator,Phantasy,GBC,demo,2005,,,entries/mental-respirator/pht-mr.gbc,262144,MENTALRESP.-PHT,0xC0,CGB only,0,0x19,MBC5,MBC5,1,262144,0,0,1,other / unknown,0
menu-1-capital,Menu #1 (Pocket Bomberman +5),Capital,GBC,demo,2001,,,entries/menu-1-capital/cpl-t_01.gbc,32768,CPL MENU 01,0xC0,CGB only,0,0x00,ROM ONLY,none,1,32768,0,0,1,other / unknown,0
menu-1-high-society,Menu #1 (Mr. Nutz),High Society,GBC,demo,2001,,,entries/menu-1-high-society/hs-t_01.gbc,32768,HS MENU 01,0xC0,CGB only,0,0x00,ROM ONLY,none,1,32768,0,0,1,other / unknown,0
menu-1-quartex,Menu #1 (Zoboomafoo +2),Quartex,GBC,demo,2001,,,entries/menu-1-quartex/qtx-t_01.gbc,32768,QTX MENU 01,0x80,CGB enhanced,0,0x00,ROM ONLY,none,1,32768,0,0,1,other / unknown,1
menu-1-resistan,Menu #1 (Donald Duck M5 +3),Resistance,GBC,demo,2000,,,entries/menu-1-resistan/rse-t_01.gbc,32768,SKT-RSE_MENU_01,0x80,CGB enhanced,0,0x00,ROM ONLY,none,1,32768,0,0,1,other / unknown,1
menu-1-tristar,Menu #1 (Bomberman Max Red +4),Tristar & Red Sector Inc,GBC,demo,2000,,,entries/menu-1-tristar/trsi-t_1.gbc,32768,TRSI MENU 01,0x80,CGB enhanced,0,0x00,ROM ONLY,none,1,32768,0,0,1,other / unknown,1
menu-1-utopia,Menu #1 (Wings of Fury +2),Utopia,GBC,demo,2000,,,entries/menu-1-utopia/utp-t_01.gbc,65536,UTP MENU 01,0x80,CGB enhanced,0,0x01,MBC1,MBC1,1,65536,0,0,1,other / unknown,1
menu-1-venom,Menu #1 (VIP +5),Venom,GBC,demo,2000,,,entries/menu-1-venom/v-t_01.gbc,32768,VENOM MENU 01,0xC0,CGB only,0,0x00,ROM ONLY,none,1,32768,0,0,1,other / unknown,0
menu-1-zizero,Menu #1 (Montezuma's Return +6),Zizero,GBC,demo,1999,,,entries/menu-1-zizero/zz-t_01.gbc,32768,ZIZERO MENU 01,0xC0,CGB only,0,0x00,ROM ONLY,none,1,32768,0,0,1,other / unknown,0
menu-2-capital,Menu #2 (Lucky Luke: Desperado Train +6),Capital,GBC,demo,2000,,,entries/menu-2-capital/cpl-t_02.gbc,32768,CPL MENU 02,0xC0,CGB only,0,0x00,ROM ONLY,none,1,32768,0,0,1,other / unknown,0
menu-2-resistance,Menu #2 (The Jungle Book: Mowgli's Wild Adventure +3),Resistance,GBC,demo,2000,,,entries/menu-2-resistance/rse-t_02.gbc,32768,SKT-RSE_MENU_02,0x80,CGB enhanced,0,0x00,ROM ONLY,none,1,32768,0,0,1,other / unknown,1
menu-2-utopia,Menu #2 (Tonka Raceway +6),Utopia,GBC,demo,2000,,,entries/menu-2-utopia/utp-t_02.gbc,32768,UTP MENU 02,0x80,CGB enhanced,0,0x00,ROM ONLY,none,1,32768,0,0,1,other / unknown,1
menu-3-capital,Menu #3 (Fix + Foxi: Ludo +3),Capital,GBC,demo,2001,,,entries/menu-3-capital/cpl-t_03.gbc,32768,CPL MENU 03,0xC0,CGB only,0,0x00,ROM ONLY,none,1,32768,0,0,1,other / unknown,0
menu-3-resistance,Menu #3 (Nascar Racers +5),Resistance,GBC,demo,2001,,,entries/menu-3-resistance/rse-t_03.gbc,32768,SKT-RSE_MENU_03,0x80,CGB enhanced,0,0x00,ROM ONLY,none,1,32768,0,0,1,other / unknown,1
menu-3-utopia,Menu #3 (Donkey Kong GB +1),Utopia,GBC,demo,2000,,,entries/menu-3-utopia/UTP-T_03.GBC,32768,DONKEY KONGAD3J,0xC0,CGB only,0,0x19,MBC5,MBC5,1,32768,0,0,1,other / unknown,0
menu-4-capital,Menu #4 (Painter +6),Capital,GBC,demo,2001,,,entries/menu-4-capital/cpl-t_04.gbc,32768,CPL MENU 04,0xC0,CGB only,0,0x00,ROM ONLY,none,1,32768,0,0,1,other / unknown,0
menu-4-resistance,Menu #4 (Elevator Action DX +5),Resistance,GBC,demo,2001,,,entries/menu-4-resistance/rse-t_04.gbc,32768,SKT-RSE_MENU_04,0x80,CGB enhanced,0,0x00,ROM ONLY,none,1,32768,0,0,1,other / unknown,1
menu-5-capital,Menu #5 (Speedy Gonzales: Aztec Adventure +5),Capital,GBC,demo,1999,,,entries/menu-5-capital/CPL-T_05.GBC,32768,SPEEDYGONZA +5,0x80,CGB enhanced,0,0x19,MBC5,MBC5,1,32768,0,0,1,other / unknown,1
menu-5-resistance,Menu #5 (Test Menu v1.2+5),Resistance,GBC,demo,2001,,,entries/menu-5-resistance/rse-t_05.gbc,32768,SKT-RSE_MENU_05,0xC0,CGB only,0,0x00,ROM ONLY,none,1,32768,0,0,1,other / unknown,0
menu-6-capital,Menu #6 (Papyrus +3),Capital,GBC,demo,1999,,,entries/menu-6-capital/CPL-T_06.GBC,32768,PAPYRUS +3AY9P,0xC0,CGB only,0,0x19,MBC5,MBC5,1,32768,0,0,1,other / unknown,0
merken,MERKÉN,bitnenfer,GB,demo,,,,entries/merken/merken.gb,131072,MERKEN,0x00,DMG,0,0x01,MBC1,MBC1,1,131072,0,0,1,other / unknown,1
merry-christmas,Merry Christmas,Anders Granlund,GB,demo,1997,,,entries/merry-christmas/MerryXMAS.gb,32768,Merry Christmas!,0x21,DMG,0,0x00,ROM ONLY,none,1,32768,0,0,1,other / unknown,1
merry-christmas-sack,Merry Christmas,Sack,GBC,demo,2000,,,entries/merry-christmas-sack/xmas.gb,32768,,0x80,CGB enhanced,0,0x01,MBC1,MBC1,1,32768,0,0,1,other / unknown,1
messiahm_civ-gb,Civ GB,Messiahm,GBC,game,,,event:gbcompo25,entries/messiahm_civ-gb/files/CivGB Demo.gbc,1048576,CIVGBCOMPO,0xC0,CGB only,0,0x1E,MBC5+RUMBLE+RAM+BATTERY,MBC5,1,1048576,32768,1,1,GB Studio 3+,0
mgb,mGB,Trash80,GB,game,2016,,,entries/mgb/mgb.gb,65536,MGB,0x80,CGB enhanced,0,0x02,MBC1+RAM,MBC1,1,65536,32768,0,1,other / unknown,1
mhgb,MHGB,ivan,,game,,,gbcompo21,entries/mhgb/MHGB_Demo_V1.gb,524288,MHGB,0x80,CGB enhanced,0,0x1B,MBC5+RAM+BATTERY,MBC5,1,524288,32768,1,1,GBDK-2020 (C),1
micro-friendly,Micro Friendly,MYTH'S,GB,game,,,event:gbshowdown23,entries/micro-friendly/game.gb,131072,GAMEJAM,0x00,DMG,0,0x1B,MBC5+RAM+BATTERY,MBC5,1,131072,32768,1,1,GB Studio 3+,1
midnight-intruder,Midnight Intruder,Electrosaurus,,game,,,,entries/midnight-intruder/midnight_intruder.gb,131072,MIDNIGHTINTRUDE,0xC0,CGB only,0,0x1B,MBC5+RAM+BATTERY,MBC5,1,131072,32768,1,1,GB Studio 3+,0
midterm-moments,Midterm Moments,Toadstoolpicnic,,game,2022,,,entries/midterm-moments/MidtermMoments.gb,262144,GAMEBOYSHOWDOWN,0xC0,CGB only,0,0x1B,MBC5+RAM+BATTERY,MBC5,1,262144,32768,1,1,GB Studio 3+,0
miku-miku-walking,Miku Miku Walking ver.00,weep,GB,demo,2013,,,entries/miku-miku-walking/miku_miku_walking00.gb,32768,WALKING,0x00,DMG,0,0x00,ROM ONLY,none,1,32768,0,0,1,other / unknown,1
mindbleach__slayer-the-hawk,Slayer the Hawk,Mindbleach,,game,2023,,event:gbcompo23,entries/mindbleach__slayer-the-hawk/Slayer_the_Hawk_final_compo_jam.gb,32768,,0x00,DMG,0,0x00,ROM ONLY,none,1,32768,0,0,1,GBDK-2020 (C),1
mines-gbc,Mines,Aaron St. John,GBC,game,1999,,,entries/mines-gbc/Mines.gbc,32768,MINES,0x80,CGB enhanced,0,0x00,ROM ONLY,none,1,32768,0,0,1,other / unknown,1
mineshweeper,Mineshweeper,Stephen Stair,GBC,game,,,,entries/mineshweeper/minewin.gbc,32768,Mineshweeper,0xC0,CGB only,0,0x00,ROM ONLY,none,1,32768,0,0,1,other / unknown,0
minesweeper,Minesweeper,Mattias Wadman,GB,game,,,,entries/minesweeper/Minesweeper.gb,32768,Minesweeper,0x00,DMG,0,0x00,ROM ONLY,none,1,32768,0,0,1,other / unknown,1
mini-molly,Mini Molly,therurik,,game,,,gbcompo21,entries/mini-molly/game.gb,1048576,SHRINKYSHIRLEY,0xC0,CGB only,0,0x1B,MBC5+RAM+BATTERY,MBC5,1,1048576,32768,1,1,GBDK-2020 (C),0
missing-colors,Missing Colors,Dreamweb,GB,music,2018,,,entries/missing-colors/missing-colors.gb,209371,8qZT$a9,0x99,CGB enhanced,0,0x0D,MMM01+RAM+BATTERY,MMM01+RAM+BATTERY,0,209371,0,1,0,other / unknown,0
missingnostudio_a-glitch-in-slime,a Glitch in Slime,MissingNo.Studio,GB,game,,,event:gbcompo25,entries/missingnostudio_a-glitch-in-slime/files/GameDemoAGIS.gb,524288,MISSINGNOSTUDIO,0xC0,CGB only,0,0x1E,MBC5+RUMBLE+RAM+BATTERY,MBC5,1,524288,32768,1,1,GB Studio 3+,0
mokelon-ajattelupeli,Mökelön ajattelupeli,Ajatustenhautomopaja,GB,game,2024,,,entries/mokelon-ajattelupeli/mokelon-ajattelupeli.gb,36177,zqH%a,0x61,DMG,0,0x20,MBC6,MBC6,0,36177,0,0,0,other / unknown,0
mona,Mona and the Witch's Hat,CTNeptune,GB,game,2017,,,entries/mona/Mona_And_The_Witch_Hat.gb,65536,HAT,0x00,DMG,0,0x01,MBC1,MBC1,1,65536,0,0,1,other / unknown,1
monkey-cowboys-extreme,Monkey Cowboys Extreme,Jumalauta,GB,demo,2006,,,entries/monkey-cowboys-extreme/jml-mce.gb,131072,JML_CONSOLE,0x00,DMG,0,0x02,MBC1+RAM,MBC1,1,131072,0,0,1,other / unknown,1
monster-egg-demo,Monster Egg,sellitos2020,,game,,,,entries/monster-egg-demo/monsteregg_demo_v0.1.gb,131072,CASCARON,0x00,DMG,0,0x1B,MBC5+RAM+BATTERY,MBC5,1,131072,32768,1,1,GB Studio 3+,1
moon-fighter,Moon Fighter,MPQC,GBC,,,,,entries/moon-fighter/moon.gbc,131072,MOON FIGHTER,0xC0,CGB only,0,0x19,MBC5,MBC5,1,131072,2048,0,1,other / unknown,0
mousetrap,Mousetrap,Gambit Studios,GBC,game,,,,entries/mousetrap/mousetrap.gbc,32768,MTRAP,0x80,CGB enhanced,0,0x1C,MBC5+RUMBLE,MBC5,1,32768,0,0,1,other / unknown,1
mplay-demos,MPlay Demos,Vibrants,GB,music,1999,,,entries/mplay-demos/MPLAY205.GB,32768,MPLAY2,0x80,CGB enhanced,0,0x00,ROM ONLY,none,1,32768,0,0,1,other / unknown,1
mplay2-demo-showroom-music,Mplay2 Demo: Showroom Music,,GBC,music,2000,,,entries/mplay2-demo-showroom-music/mplay2demo---showroom-music-pd-c.gbc,32768,SHOWROOM_MUSIC,0x80,CGB enhanced,0,0x00,ROM ONLY,none,1,32768,0,0,1,other / unknown,1
mrex3c98_gb-tile-editor,GB Tile Editor,MrEx3c98,GB,tool,,,event:gbcompo25,entries/mrex3c98_gb-tile-editor/files/gte.gb,32768,GBTILEEDITOR,0x00,DMG,0,0x02,MBC1+RAM,MBC1,1,32768,8192,0,1,other / unknown,1
mrpapshmir__enceladus,Enceladus - GBCompo2023 Version,mr.papshmir,,game,2023,,event:gbcompo23,entries/mrpapshmir__enceladus/ENCELADUS_V3_jam.gbc,524288,ENCELADUS,0xC0,CGB only,0,0x1B,MBC5+RAM+BATTERY,MBC5,1,524288,32768,1,1,GB Studio 3+,0
mrpapshmir_abyss-gbcompo2025,Abyss - GBCompo2025,mr.papshmir,GB,game,,,event:gbcompo25,entries/mrpapshmir_abyss-gbcompo2025/files/Abyss_jam.gb,524288,ABYSS,0x00,DMG,0,0x1E,MBC5+RUMBLE+RAM+BATTERY,MBC5,1,524288,32768,1,1,GB Studio 3+,1
ms-hazels-flower-garden,Ms. Hazel's Flower Garden,JacobMotlMedia,GB,game,2023,,event:gbshowdown23,entries/ms-hazels-flower-garden/Ms_Hazels_Flower_Garden.gb,262144,GBSHOWDOWN,0xC0,CGB only,0,0x1B,MBC5+RAM+BATTERY,MBC5,1,262144,32768,1,1,GB Studio 3+,0
muddy-gb,Muddy GB,S.O,GB,tool,,,,entries/muddy-gb/muddy-gb.gb,32768,MUDDYGB,0x00,DMG,0,0x00,ROM ONLY,none,1,32768,0,0,1,other / unknown,1
multi-puzzle,Multi Puzzle,RD Project,GB,game,1999,,,entries/multi-puzzle/Multi Puzzle (PD).gb,32768,PAZZLE,0x00,DMG,0,0x00,ROM ONLY,none,1,32768,0,0,1,other / unknown,1
murdera,Murdera,Matt Current,GB,demo,2006,,,entries/murdera/mc-mrder.gb,131072,MURDERA,0x00,DMG,0,0x01,MBC1,MBC1,1,131072,0,0,1,other / unknown,1
music-box-bb,Music Box,Black Box,GB,game,2001,,,entries/music-box-bb/musicbox.gb,32768,MUSIC_BOX13BBOX,0x80,CGB enhanced,0,0x1B,MBC5+RAM+BATTERY,MBC5,1,32768,8192,1,1,other / unknown,1
music-mod-gb-test,Music Mod GB Test,Hammer Keyboard Studios,GB,tool,2022,,,entries/music-mod-gb-test/Music Mod GameBoy Test (GB).gb,65536,TEST,0x00,DMG,0,0x01,MBC1,MBC1,1,65536,0,0,1,other / unknown,1
music-tech-v1-free-version,Music Tech V1 Free Version,Pixel8,GB,tool,,,,entries/music-tech-v1-free-version/music-tech-v1-free-version.gb,32768,TEMP,0x00,DMG,0,0x00,ROM ONLY,none,1,32768,0,0,1,other / unknown,1
music-tech-v2-free-version,Music Tech V2 Free Version,Pixel8,GB,tool,,,,entries/music-tech-v2-free-version/music-tech-v2-free-version.gb,32768,TEMP,0x00,DMG,0,0x03,MBC1+RAM+BATTERY,MBC1,1,32768,8192,1,1,other / unknown,1
musical-notes,Musical Notes,László Rajcsányi (WLS),GB,game,,,event:gbshowdown23,entries/musical-notes/game.gb,524288,MUSICAL NOTES,0xC0,CGB only,0,0x1B,MBC5+RAM+BATTERY,MBC5,1,524288,32768,1,1,GBDK-2020 (C),0
my-friendly-little-island,My Friendly Little Island,playinstinct,GB,game,2023,,event:gbshowdown23,entries/my-friendly-little-island/My-Friendly-Little-Island.gb,1048576,GBSHOWDOWN,0xC0,CGB only,0,0x1B,MBC5+RAM+BATTERY,MBC5,1,1048576,32768,1,1,GB Studio 3+,0
my-gb-is-your-gb-and-your-gb-is-my-gb,My GB is your GB and your GB is my GB,Black Box,GB,demo,1999,,,entries/my-gb-is-your-gb-and-your-gb-is-my-gb/mygb.gb,32768,MY GB IS...BBOX,0xC0,CGB only,0,0x19,MBC5,MBC5,1,32768,0,0,1,other / unknown,0
my-saturday-grounded,My Saturday Grounded,tustin2121,,game,,,gbcompo21,entries/my-saturday-grounded/satgrnd_v1.gb,262144,MY SATURDAY GRO,0xC0,CGB only,0,0x1B,MBC5+RAM+BATTERY,MBC5,1,262144,32768,1,1,GBDK-2020 (C),0
mygame,Mygame,Unknown,GBC,game,2000,,event:bung-3rd-coding-compo,entries/mygame/Mygame.gb,32768,MYGAME,0x80,CGB enhanced,0,0x00,ROM ONLY,none,1,32768,0,0,1,other / unknown,1
nahu64_ninja-castle,Ninja Castle,NAHU64,GB,game,,,event:gbcompo25,entries/nahu64_ninja-castle/files/NINJACASTLE_jam.gb,262144,CASTLECRUSHER,0xC0,CGB only,0,0x1E,MBC5+RUMBLE+RAM+BATTERY,MBC5,1,262144,32768,1,1,GB Studio 3+,0
nam-attack,Nam Attack,Christian Andersson,GBC,game,1998,,event:bung-2nd-coding-compo,entries/nam-attack/Nam Attack (PD) [C].gbc,131072,NAM,0x80,CGB enhanced,0,0x01,MBC1,MBC1,1,131072,0,0,1,other / unknown,1
nan0b0mba,NAN0B0MBA,aeb,GB,demo,,,,entries/nan0b0mba/nan0b0mba.gb,32768,NAN0B0MBA,0x00,DMG,0,0x00,ROM ONLY,none,1,32768,0,0,1,other / unknown,1
nan0fr0ggr,NAN0FR0GGR,aeb,GB,demo,,,,entries/nan0fr0ggr/nan0fr0ggr.gb,32768,NAN0FR0GGR,0x00,DMG,0,0x00,ROM ONLY,none,1,32768,0,0,1,other / unknown,1
nan0w0rm,NAN0W0RM,aeb,GB,demo,,,,entries/nan0w0rm/nan0w0rm.gb,32768,NAN0W0RM,0x00,DMG,0,0x00,ROM ONLY,none,1,32768,0,0,1,other / unknown,1
nanoloop,Nanoloop,Oliver Wittchow,GB,tool,,,,entries/nanoloop/nanoloop.gb,65536,NANOLOOP,0x00,DMG,0,0x02,MBC1+RAM,MBC1,1,65536,0,0,1,other / unknown,1
nanosynth,nanosynth,Oliver Wittchow,GB,tool,,,,entries/nanosynth/nanosynth.gb,32768,NANOSYNTH,0x00,DMG,0,0x00,ROM ONLY,none,1,32768,0,0,1,other / unknown,1
nanovoice,nanovoice,Oliver Wittchow,GB,tool,,,,entries/nanovoice/nanovoice.gb,32768,NV,0x00,DMG,0,0x03,MBC1+RAM+BATTERY,MBC1,1,32768,8192,1,1,other / unknown,1
nario-bbs-demo,BBS Demo,Nario,GB,demo,2000,,,entries/nario-bbs-demo/BBS Demo (Quang2000) (PD).gb,32768,BBS,0x00,DMG,0,0x00,ROM ONLY,none,1,32768,0,0,1,other / unknown,1
neo-racer,Neo-Racer,DCS,GBC,game,2000,,,entries/neo-racer/Neo-Racer (Quang2000) (PD) [C].gbc,32768,NR,0x80,CGB enhanced,0,0x00,ROM ONLY,none,1,32768,0,0,1,other / unknown,1
nerdrix,Nerdrix,Chip Oukoku,GB,tool,,,,entries/nerdrix/nerdrix.gb,32768,IKIMU,0x00,DMG,0,0x00,ROM ONLY,none,1,32768,0,0,1,other / unknown,1
nervous,Nervous,Fatality,GBC,demo,1999,,,entries/nervous/NERVOUS.GB,32768,FTL'S NERVOUS,0x80,CGB enhanced,0,0x02,MBC1+RAM,MBC1,1,32768,8192,0,1,other / unknown,1
nicholasbm_the-green-knight,The Green Knight,8BitNic,GB,game,,,event:gbcompo25,entries/nicholasbm_the-green-knight/files/The-Green-Knight-v2.2.gb,262144,EXCALIBURTEST,0xC0,CGB only,0,0x1E,MBC5+RUMBLE+RAM+BATTERY,MBC5,1,262144,32768,1,1,GB Studio 3+,0
nightmode,Nightmode,Dual Crew & Shining,GBC,demo,2000,,,entries/nightmode/nightmode.gb,131072,NIGHTMODE,0xC0,CGB only,0,0x02,MBC1+RAM,MBC1,1,131072,32768,0,1,other / unknown,0
nikku4211__7heaven,7heaven,Nikku4211,,game,2023,,event:gbcompo23,entries/nikku4211__7heaven/7HEAVEN_jam.gb,65536,,0x80,CGB enhanced,1,0x1B,MBC5+RAM+BATTERY,MBC5,1,65536,0,1,1,GBDK-2020 (C),1
nilltronic_bubblewrap-rom-for-game-boy-color,Bubblewrap Rom for Game Boy Color,Nilltronic,GBC,game,,,event:gbcompo25,entries/nilltronic_bubblewrap-rom-for-game-boy-color/files/Bubblewrap 4.2 JAM.gbc,131072,BUBBLEWRAP,0xC0,CGB only,0,0x1E,MBC5+RUMBLE+RAM+BATTERY,MBC5,1,131072,32768,1,1,GB Studio 3+,0
nilltronic_squarenose-one-shot,Squarenose ( One Shot ),Nilltronic,GB,game,,,event:gbcompo25,entries/nilltronic_squarenose-one-shot/files/SquarenoseJam.gb,262144,SQUARENOSE,0xC0,CGB only,0,0x1E,MBC5+RUMBLE+RAM+BATTERY,MBC5,1,262144,32768,1,1,GB Studio 3+,0
ninety,Ninety,Dox,GBC,demo,1999,,,entries/ninety/NINETY.GBC,32768,NINETY,0x80,CGB enhanced,0,0x00,ROM ONLY,none,1,32768,0,0,1,other / unknown,1
ningami,Ningami,Bownly,,game,,,gbcompo21,entries/ningami/Ningami.gb,131072,,0x00,DMG,0,0x03,MBC1+RAM+BATTERY,MBC1,1,131072,32768,1,1,GBDK-2020 (C),1
noah-demo,Noah 1.5,sloopygoop,GB,game,2023,,event:gbshowdown23,entries/noah-demo/Noah_1_5_2_by_Sloopygoop.gb,524288,NOAH,0x00,DMG,0,0x1B,MBC5+RAM+BATTERY,MBC5,1,524288,32768,1,1,GB Studio 3+,1
nobody-the-story-of-nothing-demo-version-02,Nobody: The Story of Nothing (Demo Version 0.2),Lyth,GB,demo,,,,entries/nobody-the-story-of-nothing-demo-version-02/nobodydemo.gb,32768,,0x00,DMG,0,0x00,ROM ONLY,none,1,32768,0,0,1,other / unknown,1
nomoreapples__bebok,Bebok,NoMoreApples,,game,2023,,event:gbcompo23,entries/nomoreapples__bebok/bebok_jam.gb,262144,ARTOFWAR,0xC0,CGB only,0,0x1B,MBC5+RAM+BATTERY,MBC5,1,262144,32768,1,1,GB Studio 3+,0
nosuchthing,No Such Thing as Nintendo,tepples,GB,demo,2020,,,entries/nosuchthing/nosuchthing.gb,32768,NOSUCHTHING,0x00,DMG,0,0x00,ROM ONLY,none,1,32768,0,0,1,other / unknown,1
novascape,Novascape,Refresh Games,GB,game,,,,entries/novascape/novascap.gb,65536,NOVASCAP,0x00,DMG,0,0x02,MBC1+RAM,MBC1,1,65536,8192,0,1,other / unknown,1
novasquirrel_conways-life-for-game-boy,Conway's Life for Game Boy,NovaSquirrel,GB,game,2018,,,entries/novasquirrel_conways-life-for-game-boy/files/life.gb,32768,LIFE,0x80,CGB enhanced,0,0x00,ROM ONLY,none,1,32768,0,0,1,other / unknown,1
nuku7,Nuku7,Megaman_X,GB,demo,2000,,,entries/nuku7/NUKU7.GB,32768,SEVEN SHADES-MMX,0x58,DMG,0,0x00,ROM ONLY,none,1,32768,0,0,1,other / unknown,1
numeris-oct,Numeris OCT,Yprit,,game,,,gbcompo21,entries/numeris-oct/game.gb,32768,,0x00,DMG,0,0x09,ROM+RAM+BATTERY,none,1,32768,8192,1,1,GBDK-2020 (C),1
nyancat,NyanCat,Wabsta,GB,,,,,entries/nyancat/nyan.gb,32768,NYAN,0x00,DMG,0,0x00,ROM ONLY,none,1,32768,0,0,1,other / unknown,1
nyktv__tv-chans-great-escape-gb,TV-Chan's Great Escape!: GB,nykTV,,game,2023,,event:gbcompo23,entries/nyktv__tv-chans-great-escape-gb/TVchanGB_Jam.gb,524288,TVCHANGB,0xC0,CGB only,1,0x1B,MBC5+RAM+BATTERY,MBC5,1,524288,32768,1,1,GB Studio 3+,0
obgbtc,On-Board GB Tile Creator v1.1,E. Allen Soard,GB,tool,1999,,,entries/obgbtc/OBGBTC (Tile Creator) (PD) [C].gbc,32768,OBGBTC,0x80,CGB enhanced,0,0x1B,MBC5+RAM+BATTERY,MBC5,1,32768,131072,1,1,other / unknown,1
office-combat,Office Combat,Robert Doman,,game,,,gbcompo21,entries/office-combat/OfficeCombat.gb,262144,OFFICE COMBAT,0xC0,CGB only,0,0x1B,MBC5+RAM+BATTERY,MBC5,1,262144,32768,1,1,GBDK-2020 (C),0
oh,Oh!,Snorpung,GB,demo,2009,,,entries/oh/oh.gb,131072,OH DEMO,0x00,DMG,0,0x01,MBC1,MBC1,1,131072,0,0,1,other / unknown,1
oldskool-intro,Oldskool Intro,Oxygen,GBC,demo,1998,,,entries/oldskool-intro/intro.gb,32768,,0x80,CGB enhanced,0,0x02,MBC1+RAM,MBC1,1,32768,32768,0,1,other / unknown,1
one-bit-paint,One Bit Paint,dreamlandgames,,game,,,gbcompo21,entries/one-bit-paint/onebitpaint.gb,32768,,0x00,DMG,0,0x00,ROM ONLY,none,1,32768,0,0,1,GBDK-2020 (C),1
one-day,One Day,"['vrkitten', 'Ryuko5432100']",GB,game,2023,,event:gbshowdown23,entries/one-day/game.gb,524288,GBJAM,0xC0,CGB only,0,0x1B,MBC5+RAM+BATTERY,MBC5,1,524288,32768,1,1,GB Studio 3+,0
one-giant-mooo,One Giant Mooo (Prince Naseem Boxing),Capital,GBC,demo,2001,,,entries/one-giant-mooo/cpl-i_05.gbc,32768,CPL INTRO 05,0xC0,CGB only,0,0x00,ROM ONLY,none,1,32768,0,0,1,other / unknown,0
one-hit-kill-screen,One Hit Kill Screen,One Hit Kill,GB,game,2024,,,entries/one-hit-kill-screen/one-hit-kill-screen.gb,262144,SYNTAX,0x00,DMG,0,0x1E,MBC5+RUMBLE+RAM+BATTERY,MBC5,1,262144,32768,1,1,GB Studio 3+,1
onputor,Onputor,romphax,GB,tool,,,,entries/onputor/onputor.gb,262144,onputor_verB6,0x00,DMG,0,0x03,MBC1+RAM+BATTERY,MBC1,1,262144,32768,1,1,other / unknown,1
oranges,Oranges,Chris Read,GB,game,,,,entries/oranges/oranges52.gb,32768,ORANGES52,0x00,DMG,0,0x00,ROM ONLY,none,1,32768,0,0,1,other / unknown,1
orb-catcher,Orb Catcher,Patchwork Games,GB,tool,,,,entries/orb-catcher/orb-catcher.gb,65536,Orb Catcher,0x00,DMG,0,0x01,MBC1,MBC1,1,65536,0,0,1,other / unknown,1
orbistertius__petrophobia,Petrophobia,"[{'name': 'Orbis Tertius Games', 'link': 'https://orbistertius.itch.io'}, {'name': 'lunafromthemoon', 'link': 'https://lunafromthemoon.itch.io'}]",,game,2023,,event:gbcompo23,entries/orbistertius__petrophobia/petrophobia_jam.gb,524288,PHOBIA,0xC0,CGB only,1,0x1B,MBC5+RAM+BATTERY,MBC5,1,524288,32768,1,1,GB Studio 3+,0
orlando64__imperium-strike-force,Imperium Strike Force (demo),OrlandoMee,,game,2023,,event:gbcompo23,entries/orlando64__imperium-strike-force/ImperiumStrikeForce_jam.gbc,262144,IMPERIUMSTRIKEF,0xC0,CGB only,0,0x1B,MBC5+RAM+BATTERY,MBC5,1,262144,32768,1,1,GB Studio 3+,0
os-diz11,DiZ GameBoy Disassembler Demo,HeroZero/Oldskool,GB,demo,2016,,,entries/os-diz11/test.gb,32768,HEROZERO SAMPLE1,0x31,DMG,0,0x00,ROM ONLY,none,1,32768,0,0,1,other / unknown,1
oshf_tomato-do,Tomato-do,_oshf,GB,tool,,,gbcompo25;event:gbcompo25,entries/oshf_tomato-do/files/TOMATO-DO_jam.gb,131072,TOMATO-DO,0x00,DMG,0,0x19,MBC5,MBC5,1,131072,0,0,1,GBDK-2020 (C),1
oyoyo,Oyoyo,Lemon Production,GBC,game,,,event:bung-2nd-coding-compo,entries/oyoyo/Oyoyo.gbc,131072,OYOYO,0xC0,CGB only,0,0x02,MBC1+RAM,MBC1,1,131072,0,0,1,other / unknown,0
packri-monster,Packri Monster,Eric LlimÃ³s,,game,,,gbcompo21,entries/packri-monster/Packri_Monster.gb,32768,,0x00,DMG,0,0x00,ROM ONLY,none,1,32768,0,0,1,GBDK-2020 (C),1
pacman,Pacman,Dark Fader,GBC,game,1999,,event:bung-2nd-coding-compo,entries/pacman/pacman.gbc,32768,PACMAN,0x80,CGB enhanced,0,0x00,ROM ONLY,none,1,32768,0,0,1,other / unknown,1
paddle-mission,Paddle Mission,Jan Stiensma,GB,game,,,event:bung-2nd-coding-compo,entries/paddle-mission/PaddleMission.gb,32768,PADDLEMISSION,0x00,DMG,0,0x00,ROM ONLY,none,1,32768,0,0,1,other / unknown,1
pak-man,Pak Man,Gambit Studios,GB,game,,,,entries/pak-man/pak-man.gb,65536,PAKMAN,0xC0,CGB only,0,0x01,MBC1,MBC1,1,65536,0,0,1,other / unknown,0
pakman,Pakman,Rob Uttley,GBC,game,,,,entries/pakman/Pakman.gbc,32768,PACMAN,0xC0,CGB only,0,0x00,ROM ONLY,none,1,32768,0,0,1,other / unknown,0
pakus,Pakus,Pawel Labojko,GBC,game,,,event:bung-2nd-coding-compo,entries/pakus/PAKUS.GBC,131072,PAKUS,0xC0,CGB only,0,0x02,MBC1+RAM,MBC1,1,131072,32768,0,1,other / unknown,0
paragon5-music-cart,Paragon5 Album,Paragon5,GB,music,1999,,,entries/paragon5-music-cart/P5_ALBUM.GB,131072,P5 MUSICART 1,0x80,CGB enhanced,0,0x19,MBC5,MBC5,1,131072,0,0,1,other / unknown,1
parallax-starfield,175-sprite Parallax Starfield,One Man Band,GBC,demo,2000,,,entries/parallax-starfield/Stars.gb,32768,STARS,0xC0,CGB only,0,0x00,ROM ONLY,none,1,32768,0,0,1,other / unknown,0
patmorita__hermano-game-boy,Hermano (Game Boy),Pat Morita Team,GB,game,2023,,event:gbcompo23,entries/patmorita__hermano-game-boy/Hermano_1.1_jam.gb,262144,,0x00,DMG,0,0x01,MBC1,MBC1,1,262144,0,0,1,GBDK-2020 (C),1
patrician,Patrician,"['Mahou Shoujo â\x98\x86 Magical Moestar', 'one60hp']",,game,,,gbcompo21,entries/patrician/Patrician.gbc,2097152,,0xC0,CGB only,0,0x1B,MBC5+RAM+BATTERY,MBC5,1,2097152,131072,1,1,GBDK-2020 (C),0
pattern-demo,Pattern Demo,,GBC,demo,1999,,,entries/pattern-demo/Pattern Demo (PD) [C].gbc,32768,DEMO,0x80,CGB enhanced,0,0x00,ROM ONLY,none,1,32768,0,0,1,other / unknown,1
pazeek,PaZeek,SkyRank Games,GB,game,2001,,,entries/pazeek/skyrank-games---pazeek-6-9-01.gb,262144,PAZEEK,0x80,CGB enhanced,0,0x02,MBC1+RAM,MBC1,1,262144,32768,0,1,other / unknown,1
pdromscom-relaunch-intro-2002,Pdroms.com Relaunch Intro 2002,"DuoDreamer, Kojote",GBC,demo,2002,,,entries/pdromscom-relaunch-intro-2002/pdroms.gbc,32768,PDROMS.COM,0xC0,CGB only,0,0x19,MBC5,MBC5,1,32768,0,0,1,other / unknown,0
pearacidic__monster-orc-arina-a-game-boy-tool,Monster Orc-arina,"[{'name': 'Pearacidic', 'link': 'https://pearacidic.itch.io'}, {'name': 'beatscribe', 'link': 'https://beatscribe.itch.io'}]",,tool,2023,,event:gbcompo23,entries/pearacidic__monster-orc-arina-a-game-boy-tool/Monster_Orcarina_RC1_jam.gbc,524288,MONSTERORCARINA,0xC0,CGB only,0,0x1B,MBC5+RAM+BATTERY,MBC5,1,524288,32768,1,1,GB Studio 3+,0
peasantsquestgbcompo21,Peasant'sQuest GB Demake (WIP)(GBCOMPO21),Farioto,,game,,,gbcompo21,entries/peasantsquestgbcompo21/PEASANTQUEST_Demake_09292021.gb,262144,PEASANTQUESTF1E,0xC0,CGB only,0,0x1B,MBC5+RAM+BATTERY,MBC5,1,262144,32768,1,1,GBDK-2020 (C),0
peggy,Peggy,Dox,GBC,game,,,,entries/peggy/peggy.gbc,32768,PEGGY,0xC0,CGB only,0,0x00,ROM ONLY,none,1,32768,0,0,1,other / unknown,0
perplex-dx,Perplex DX,Smacks-Designs,GBC,game,2001,,,entries/perplex-dx/perplexdx.gbc,32768,PERPLEX DX,0xC0,CGB only,0,0x19,MBC5,MBC5,1,32768,0,0,1,other / unknown,0
petris,Petris,bbbbbr,GBC,game,2020,CC-BY-NC-SA,,entries/petris/Petris_web.gbc,32768,PETRIS,0xC0,CGB only,0,0x00,ROM ONLY,none,1,32768,0,0,1,other / unknown,0
phil-bad-dad-games__chomp-n-stomp,Chomp N Stomp GB ROM,Bad_Dad,,game,2023,,event:gbcompo23,entries/phil-bad-dad-games__chomp-n-stomp/ChompNStomp_jam.gb,262144,YOUARETHEMONSTE,0x00,DMG,0,0x1B,MBC5+RAM+BATTERY,MBC5,1,262144,32768,1,1,GB Studio 3+,1
phoenix,Phoenix,Jim Bagley,GBC,game,2000,,,entries/phoenix/Phoenix [Jim Bagley] (PD) [C].gbc,1048576,,0x80,CGB enhanced,1,0x19,MBC5,MBC5,1,32768,0,0,1,other / unknown,1
phreakboy,Phreakboy (Enhanced DTMF Dialer),TeamKNOx,GB,tool,,MIT,,entries/phreakboy/gb-phreak.gb,32768,phreak,0x00,DMG,0,0x00,ROM ONLY,none,1,32768,0,0,1,other / unknown,1
pht-gbc-01,Titty Twister (Tonka Construction Site +6),Phantasy,GBC,demo,2003,,,entries/pht-gbc-01/pht-t_01.gbc,32768,PHT-TRAINERMENU,0x80,CGB enhanced,0,0x00,ROM ONLY,none,1,32768,0,0,1,other / unknown,1
pickpocket,Pickpocket,Inka,GBC,demo,2002,,,entries/pickpocket/inka-PP.GBC,262144,PICKPOCKET INKA,0xC0,CGB only,0,0x19,MBC5,MBC5,1,262144,0,0,1,other / unknown,0
pie-crust-v1-0,Pie Crust v1.0,Jarvik7,GBC,game,,,,entries/pie-crust-v1-0/piecrust.gbc,32768,PIECRUST,0xC0,CGB only,0,0x00,ROM ONLY,none,1,32768,0,0,1,other / unknown,0
pigeonaut_mount-crymore,Mount Crymore,Pigeonaut,GB,game,,,event:gbcompo25,entries/pigeonaut_mount-crymore/files/mount_crymore_jam.gb,524288,GBROCKCLIMBDX,0xC0,CGB only,0,0x1E,MBC5+RUMBLE+RAM+BATTERY,MBC5,1,524288,32768,1,1,GB Studio 3+,0
pikakilla,Pikakilla,Dacotter,GB,game,,,,entries/pikakilla/Pikakilla.gb,32768,DAC2,0x00,DMG,0,0x02,MBC1+RAM,MBC1,1,32768,0,0,1,other / unknown,1
pikliz_yasukes-vacation,Yasuke's Vacation,pikliz,GB,game,,,event:gbcompo25,entries/pikliz_yasukes-vacation/files/YasukesVacation_JAM.gb,262144,FISHINGHORRORJA,0xC0,CGB only,0,0x1E,MBC5+RUMBLE+RAM+BATTERY,MBC5,1,262144,32768,1,1,GB Studio 3+,0
pilot-gbs,pilot - game boy showdown jam,Wish Volo,GB,game,2023,,event:gbshowdown23,entries/pilot-gbs/game.gb,131072,PILOT,0x00,DMG,0,0x1B,MBC5+RAM+BATTERY,MBC5,1,131072,32768,1,1,GB Studio 3+,1
pineapplekid,Pineapple Kid - The Puzzle Adventure (DEMO),HZ83,,game,,,,entries/pineapplekid/PINEAPPLE_KID_DEMO.gb,131072,,0x00,DMG,0,0x01,MBC1,MBC1,1,131072,0,0,1,GBDK-2020 (C),1
ping-pong-diplomacy-version-10,Ping Pong Diplomacy (Version 1.0),Ryoga,GB,game,,,,entries/ping-pong-diplomacy-version-10/PingPongDiplomacy-gb-rom-v-1.0.gb,65536,ROM,0x00,DMG,0,0x01,MBC1,MBC1,1,65536,0,0,1,other / unknown,1
pixel-ghost__lifes-too-short-gb-a-christmas-spirit-demo,Life's Too Short GB: A Christmas Spirit (DEMO),Pixel Ghost,,game,2023,,event:gbcompo23,entries/pixel-ghost__lifes-too-short-gb-a-christmas-spirit-demo/LTSGBACS_jam_(DEMO).gb,262144,LIFESTOOSHORTGB,0xC0,CGB only,0,0x1B,MBC5+RAM+BATTERY,MBC5,1,262144,32768,1,1,GB Studio 3+,0
pixel-perfection_ninjas-way,NINJA'S WAY - Gameboy color,Pixel Perfection,GB,game,,,,entries/pixel-perfection_ninjas-way/files/Ninja.gb,524288,NINDJA,0xC0,CGB only,0,0x1B,MBC5+RAM+BATTERY,MBC5,1,524288,32768,1,1,GB Studio 3+,0
pixelloren__third-grade-noir,Third Grade Noir,pixelloren,,game,2023,,event:gbcompo23,entries/pixelloren__third-grade-noir/game.gb,524288,THIRDGRADENOIR,0xC0,CGB only,0,0x1B,MBC5+RAM+BATTERY,MBC5,1,524288,32768,1,1,GB Studio 3+,0
planet-life-demo,Planet Life for Gameboy(Demo),MastMark_Dev,,game,,,gbcompo21,entries/planet-life-demo/game.gb,262144,PLANET LIFE,0x00,DMG,0,0x1B,MBC5+RAM+BATTERY,MBC5,1,262144,32768,1,1,GBDK-2020 (C),1
plantboy,PlantBoy,exezin,GB,game,2015,MIT,,entries/plantboy/PlantBoy.gb,16384,PlantBoy,0x00,DMG,0,0x00,ROM ONLY,none,1,32768,0,0,1,other / unknown,1
plasma-storm,Plasma Storm,Blue,GBC,demo,2000,,,entries/plasma-storm/PlasmaStorm.gbc,32768,PLASMA STORM,0x80,CGB enhanced,0,0x19,MBC5,MBC5,1,32768,0,0,1,other / unknown,1
playinstinct__ghost-of-the-arcade,Ghost of the Arcade,playinstinct,,game,2023,,event:gbcompo23,entries/playinstinct__ghost-of-the-arcade/ghostofthearcade.gb,1048576,GHOSTOFTHEARCAD,0xC0,CGB only,0,0x1B,MBC5+RAM+BATTERY,MBC5,1,1048576,32768,1,1,GB Studio 3+,0
playinstinct_neon-nova,Neon Nova,playinstinct,GBC,music,,,event:gbcompo25,entries/playinstinct_neon-nova/files/NEON-NOVA_jam.gbc,262144,RETROROAD,0xC0,CGB only,0,0x1E,MBC5+RUMBLE+RAM+BATTERY,MBC5,1,262144,32768,1,1,GB Studio 3+,0
plutos-corner,Pluto's Corner,bbbbbr,GB,game,2019,CC-BY-NC-SA,,entries/plutos-corner/PLUTOS_CORNER.gb,65536,CORNER,0x00,DMG,0,0x01,MBC1,MBC1,1,65536,0,0,1,other / unknown,1
plyr0_qulqy,qulqy,plyr0,GBC,game,2025,BSD-3-Clause,event:gbcompo25,entries/plyr0_qulqy/files/qulqy_jam.gbc,32768,,0x80,CGB enhanced,0,0x1B,MBC5+RAM+BATTERY,MBC5,1,32768,32768,1,1,GBDK-2020 (C),1
pocket-lissajous,Pocket Lissajous,Joker,GBC,demo,,,,entries/pocket-lissajous/pocket_lissajous.gb,32768,@.P*,0xC0,CGB only,0,0x00,ROM ONLY,none,1,32768,0,0,1,other / unknown,0
pocket-tangrams-vol-1,Pocket Tangrams Vol. 1,Fizzer,GB,game,,,,entries/pocket-tangrams-vol-1/pocket-tangrams-vol-1.gb,32768,POCKET TANGRAMS,0x00,DMG,0,0x03,MBC1+RAM+BATTERY,MBC1,1,32768,8192,1,1,other / unknown,1
poke-mission-97,POKE Mission 97,Anders Granlund,GB,game,,,,entries/poke-mission-97/Poke97.gb,32768,POKE mission97,0x00,DMG,0,0x03,MBC1+RAM+BATTERY,MBC1,1,32768,8192,1,1,other / unknown,1
polaroid-antarctica,Polaroid: Antarctica,Robert Doman,GB,game,2023,,event:gbshowdown23,entries/polaroid-antarctica/PolaroidAntarctica.gb,131072,POLAROIDANTARCT,0xC0,CGB only,0,0x1B,MBC5+RAM+BATTERY,MBC5,1,131072,32768,1,1,GB Studio 3+,0
polka-sheep,Polka Sheep,"zal0, sergeeo, kirblue",GB,game,,,,entries/polka-sheep/polkasheep.gb,131072,POLKASHEEP,0x00,DMG,0,0x01,MBC1,MBC1,1,131072,0,0,1,other / unknown,1
polymodus,Polymodus,incognitio,GB,game,2023,,event:gbshowdown23,entries/polymodus/Polymodus_V1.0.gb,524288,POLYMODUS,0xC0,CGB only,0,0x1B,MBC5+RAM+BATTERY,MBC5,1,524288,32768,1,1,GB Studio 3+,0
pong,Pong,Jason,GB,game,1998,,event:bung-2nd-coding-compo,entries/pong/Pong.gb,32768,PONG,0x00,DMG,0,0x00,ROM ONLY,none,1,32768,0,0,1,other / unknown,1
pooh-and-tigger-hunny-safari-7,Pooh and Tigger Hunny Safari +7,Dual Crew Shining,GBC,demo,2002,,,entries/pooh-and-tigger-hunny-safari-7/pooh-and-tigger-hunny-safari-7.gbc,11332,",g35",0xD7,CGB enhanced,0,0xFD,BANDAI TAMA5,BANDAI TAMA5,0,11332,0,0,0,other / unknown,0
popcorn-caravan,Popcorn Caravan,cabbage,GB,game,,,,entries/popcorn-caravan/popcorn-caravan.gb,65536,POPCARA,0x00,DMG,0,0x01,MBC1,MBC1,1,65536,0,0,1,other / unknown,1
porklike-gb,Porklike GB,binji,,game,2021,MIT,gbcompo21;gbcompo21-shortlist,entries/porklike-gb/porklike.gb,65536,PORKLIKE,0x00,DMG,0,0x01,MBC1,MBC1,1,65536,0,0,1,GBDK-2020 (C),1
portal-hurdle,Portal Hurdle,"['juzek', 'yinawang']",,game,,,,entries/portal-hurdle/game.gb,131072,TELEPORTV,0xC0,CGB only,0,0x1B,MBC5+RAM+BATTERY,MBC5,1,131072,32768,1,1,GB Studio 3+,0
postbot,PostBot,Tobias Rojahn,GB,game,,MIT,,entries/postbot/PostBot.gb,65536,POSTBOT,0x00,DMG,0,0x01,MBC1,MBC1,1,65536,0,0,1,other / unknown,1
postie,Postie,invertedHat,,game,2022,MIT,,entries/postie/Postie-1.1.gbc,262144,POSTIE,0xC0,CGB only,0,0x1B,MBC5+RAM+BATTERY,MBC5,1,262144,32768,1,1,GB Studio 3+,0
pothead-pong,Pothead Pong,Psycosys,GB,game,1999,,event:bung-2nd-coding-compo,entries/pothead-pong/POTPONG.GB,32768,PSY,0x80,CGB enhanced,0,0x00,ROM ONLY,none,1,32768,0,0,1,other / unknown,1
pounder,Pounder,8 Cylinder,GB,tool,,,,entries/pounder/pounder.gb,524288,POUND,0x00,DMG,0,0x02,MBC1+RAM,MBC1,1,524288,32768,0,1,other / unknown,1
power-bee,Power Bee (GB Demo / beta),torte00,,game,,,,entries/power-bee/power_bee_beta.gb,262144,POWER BEE,0x00,DMG,0,0x1B,MBC5+RAM+BATTERY,MBC5,1,262144,32768,1,1,GBDK-2020 (C),1
pre-teen-wasteland,Pre-Teen Wasteland,sloopygoop,,game,,,gbcompo21,entries/pre-teen-wasteland/Pre-Teen_Wasteland_v1.gb,524288,TEEN,0x80,CGB enhanced,0,0x1B,MBC5+RAM+BATTERY,MBC5,1,524288,32768,1,1,GBDK-2020 (C),1
precrna-rupa,Precrna Rupa,"['Maja Milas', 'Giorgio Pomettini', 'Noemi Frulio']",GBC,game,,,,entries/precrna-rupa/precrna-rupa.gbc,4194304,PRECRNARUPA,0xC0,CGB only,0,0x1E,MBC5+RUMBLE+RAM+BATTERY,MBC5,1,4194304,32768,1,1,GB Studio 3+,0
present-panic-version-10,Present Panic (Version 1.0),SuperNova Software,GBC,game,2001,,,entries/present-panic-version-10/ppanic.gbc,131072,SNOW,0x80,CGB enhanced,0,0x01,MBC1,MBC1,1,131072,0,0,1,other / unknown,1
pretty-princess-castle-escape,Pretty Princess Castle Escape,sergeeo,GB,game,,,,entries/pretty-princess-castle-escape/pretty-princess-castle-escape.gb,65536,BITBIT3,0x00,DMG,0,0x01,MBC1,MBC1,1,65536,0,0,1,other / unknown,1
prince-naseem-boxing-one-giant-moo,Prince Naseem Boxing / One Giant Moo,Capital,GBC,demo,2001,,,entries/prince-naseem-boxing-one-giant-moo/prince-naseem-boxing-one-giant-moo.gbc,10438,=GC,0xEE,CGB enhanced,0,0x7D,UNKNOWN,UNKNOWN,0,10438,0,0,0,other / unknown,0
projectsrya__df,DF project,:>,,game,2023,,event:gbcompo23,entries/projectsrya__df/DF_project_jam.gb,524288,DEEPERFALL,0x00,DMG,0,0x1B,MBC5+RAM+BATTERY,MBC5,1,524288,32768,1,1,GB Studio 3+,1
protopixel_project-gear,Project G.E.A.R. - MechJam VI - GB Compo 2025,Protopixel,GBC,game,,,gbcompo2025;event:gbcompo25,entries/protopixel_project-gear/files/Project GEARS V0.1.1.gbc,262144,ROBOTROCHO,0xC0,CGB only,0,0x1E,MBC5+RUMBLE+RAM+BATTERY,MBC5,1,262144,32768,1,1,GB Studio 3+,0
proxima,Proxima,Alan Obee,GB,game,,,event:freedom-2001-gameboy-developers-competition,entries/proxima/proxima.gb,65536,PROXIMA,0x80,CGB enhanced,0,0x02,MBC1+RAM,MBC1,1,65536,32768,0,0,other / unknown,1
pspsps,Pspsps,fluxmasterfix,GB,game,,,event:gbshowdown23,entries/pspsps/Pspsps_(Updated).gb,65536,,0x00,DMG,0,0x19,MBC5,MBC5,1,65536,0,0,1,GBDK-2020 (C),1
psyopsstudio_pet-jam-gbcompo-demo,Pet Jam (GBCompo Prototype),PsyopsStudio,GBC,game,,,event:gbcompo25,entries/psyopsstudio_pet-jam-gbcompo-demo/files/PetJam_jam.gbc,524288,PETSIM,0xC0,CGB only,0,0x10,MBC3+TIMER+RAM+BATTERY,MBC3,1,524288,32768,1,1,GB Studio 3+,0
pulsar-v1-0,Pulsar v1.0,ph0x,GBC,game,2001,,event:freedom-2001-gameboy-developers-competition,entries/pulsar-v1-0/pulsar.gbc,49152,PULSAR,0x80,CGB enhanced,0,0x00,ROM ONLY,none,1,32768,0,0,0,other / unknown,1
punk,Punk,Anders Granlund,GB,demo,1998,,,entries/punk/Punk.gb,524288,Punk Demo,0x20,DMG,0,0x01,MBC1,MBC1,1,524288,0,0,1,other / unknown,1
pushingo,Pushingo,RajcsÃ¡nyi LÃ¡szlÃ³ (WLS),,game,,,gbcompo21,entries/pushingo/Pushingo_GB_(WLS).gb,262144,PUSHINGO,0x00,DMG,0,0x1B,MBC5+RAM+BATTERY,MBC5,1,262144,32768,1,1,GBDK-2020 (C),1
puzz,Puzz,Unknown,GB,game,,,event:bung-3rd-coding-compo,entries/puzz/Puzz.gb,32768,PUZZ,0x00,DMG,0,0x00,ROM ONLY,none,1,32768,0,0,1,other / unknown,1
puzzle,Puzzle,Unknown,GB,game,,,,entries/puzzle/Puzzle.gb,32768,test,0x00,DMG,0,0x00,ROM ONLY,none,1,32768,0,0,0,other / unknown,1
puzzle-sky,Puzzle Sky,Par Johannesson,GBC,game,,,,entries/puzzle-sky/PUZZLESKY.GBC,65536,PUZZLE SKY,0xC0,CGB only,0,0x19,MBC5,MBC5,1,65536,0,0,1,other / unknown,0
puzzlex,PuzzleX,Gambit Studios,GB,game,,,event:bung-1st-coding-compo,entries/puzzlex/PuzzleX.gb,32768,PUZZLEX,0x00,DMG,0,0x00,ROM ONLY,none,1,32768,0,0,1,other / unknown,1
puzzlex-2,Puzzlex 2,Par Johannesson,GBC,game,2000,,,entries/puzzlex-2/Puzzlex 2 by Par Johannesson (PD) [C].gbc,131072,GAME DEMO,0xC0,CGB only,0,0x19,MBC5,MBC5,1,131072,0,0,1,other / unknown,0
qbert-version-100-gr,Q*bert (Version 1.00) (Greek),Paul Chinn/GreekRoms,GBC,game,2003,,,entries/qbert-version-100-gr/qbertgr.gbc,32768,QBERT,0x80,CGB enhanced,0,0x00,ROM ONLY,none,1,32768,0,0,1,other / unknown,1
qtx-gbc-intro-1,qtx gbc intro #1,Quartex,GBC,demo,,,,entries/qtx-gbc-intro-1/qtx-gbc-intro-1.gbc,32768,,0x80,CGB enhanced,0,0x02,MBC1+RAM,MBC1,1,32768,32768,0,1,other / unknown,1
quadrop-v0-93,Quadrop v0.93,Dave VanEe,GBC,game,2003,,,entries/quadrop-v0-93/quadrop.gbc,32768,QUADROP V0.93,0x80,CGB enhanced,0,0x03,MBC1+RAM+BATTERY,MBC1,1,32768,2048,1,1,other / unknown,1
quartet,quartet,All You Can Execute,GB,demo,,,,entries/quartet/quartet.gb,32768,QUARTET,0x80,CGB enhanced,1,0x03,MBC1+RAM+BATTERY,MBC1,1,32768,2048,1,1,other / unknown,1
queens-rising,Queen's Rising Demo,kanzwataru,,game,,,gbcompo21,entries/queens-rising/queen.gb,1048576,,0xC0,CGB only,0,0x1B,MBC5+RAM+BATTERY,MBC5,1,1048576,8192,1,1,other / unknown,0
quick-push,Quick Push,S.Noddy,GB,game,,,,entries/quick-push/QuickPush.gb,32768,QP,0x00,DMG,0,0x00,ROM ONLY,none,1,32768,0,0,1,other / unknown,1
quinevere__gigant-golf,Gigant Golf,quinevere,,game,2023,,event:gbcompo23,entries/quinevere__gigant-golf/gigantgolf_jam.gb,32768,GIGANT_GOLFGIGO,0x00,DMG,0,0x00,ROM ONLY,none,1,32768,0,0,1,other / unknown,1
quinevere_point-diver,Point Diver,quinevere,GBC,game,,,event:gbcompo25,entries/quinevere_point-diver/files/pointdiver_jam.gbc,2097152,BYOTHEMESADQNVR,0xC0,CGB only,0,0x1B,MBC5+RAM+BATTERY,MBC5,1,2097152,8192,1,1,other / unknown,0
r-type-collection-1,R-Type Collection +1,Eurasia,GBC,demo,,,,entries/r-type-collection-1/r-type-collection-1.gb,32768,nightfall,0x80,CGB enhanced,0,0x03,MBC1+RAM+BATTERY,MBC1,1,32768,32768,1,1,other / unknown,1
raster-scroll-sample,Raster Scroll Sample,T.M,GB,demo,2002,,,entries/raster-scroll-sample/raster.gb,32768,RASTER,0x00,DMG,0,0x00,ROM ONLY,none,1,32768,0,0,1,other / unknown,1
rayman-2-the-great-escape-wario-land-3-1-3,Rayman 2 - The Great Escape / Wario Land 3 1/3,Venom,GBC,demo,,,,entries/rayman-2-the-great-escape-wario-land-3-1-3/rayman-2-the-great-escape-wario-land-3-1-3.gbc,32768,VENOM INTRO 01,0xC0,CGB only,0,0x00,ROM ONLY,none,1,32768,0,0,1,other / unknown,0
rayslinger,Rayslingerâ¢ (GBC),Unicore,,game,,,gbcompo21,entries/rayslinger/RAYSLINGER-PROTOTYPE-V02-1.gb,262144,ACE_01,0xC0,CGB only,0,0x1B,MBC5+RAM+BATTERY,MBC5,1,262144,32768,1,1,GBDK-2020 (C),0
rc-shuriken,Remote Control Shuriken - GBCompo21,Health Potion Studios,,game,,,gbcompo21,entries/rc-shuriken/RC-Shuriken.gbc,131072,SHURIKEN,0xC0,CGB only,0,0x01,MBC1,MBC1,1,131072,0,0,1,GBDK-2020 (C),0
realtime,Realtime,AGO,GBC,demo,2000,,,entries/realtime/Realtime.gb,65536,AGO'S REALTIME,0x80,CGB enhanced,0,0x02,MBC1+RAM,MBC1,1,65536,32768,0,1,other / unknown,1
rebound,Rebound,DevEd,,game,2021,MIT,gbcompo21;gbcompo21-shortlist,entries/rebound/Rebound.gbc,131072,REBOUND,0xC0,CGB only,0,0x19,MBC5,MBC5,1,131072,0,0,1,other / unknown,0
rebusmind__hidden-gems,Hidden Gems,Rebusmind,,game,2023,,event:gbcompo23,entries/rebusmind__hidden-gems/Hidden_Gems_jam.gb,262144,HIDDENGEMS,0xC0,CGB only,0,0x1B,MBC5+RAM+BATTERY,MBC5,1,262144,32768,1,1,GB Studio 3+,0
red-dreams,Red Dreams,Arcadiy Gobuzov,GB,game,2001,,event:freedom-2001-gameboy-developers-competition,entries/red-dreams/red.gb,65536,ReDreams by Ago,0x80,CGB enhanced,0,0x01,MBC1,MBC1,1,65536,0,0,1,other / unknown,1
red-top,Red Top,Dual Crew & Shining,GBC,demo,2000,,,entries/red-top/redtop.gbc,32768,RED TOP / VODKA,0x80,CGB enhanced,0,0x01,MBC1,MBC1,1,32768,2048,0,1,other / unknown,1
redoctorok__khonsu-planet-2023,Khonsu Planet 2023,redoctorok,,game,2023,,event:gbcompo23,entries/redoctorok__khonsu-planet-2023/Khonsu_Planet_2023_Cheat_Rom.gb,2097152,KHONSU 2023,0xC0,CGB only,0,0x1B,MBC5+RAM+BATTERY,MBC5,1,2097152,32768,1,1,GBDK-2020 (C),0
redoctorok_princess-and-wizard-town-of-labu,Princess and Wizard: Town of Labu,redoctorok,GB,game,,,event:gbcompo25,entries/redoctorok_princess-and-wizard-town-of-labu/files/Princess and Wizard_jam.gb,524288,SHIPSHOOTINGGAM,0x00,DMG,0,0x1E,MBC5+RUMBLE+RAM+BATTERY,MBC5,1,524288,32768,1,1,GB Studio 3+,1
reflectendo,reflectendo,elyon,GB,demo,2023,,,entries/reflectendo/reflectendo.gb,4435,ls6Mj,0x11,DMG,0,0xED,UNKNOWN,UNKNOWN,0,4435,0,0,0,other / unknown,0
rei-3d-demo,Rei 3D Demo,,GB,demo,1996,,,entries/rei-3d-demo/REI3D.GB,32768,3D-DEMO,0x00,DMG,0,0x02,MBC1+RAM,MBC1,1,32768,8192,0,0,other / unknown,1
remember,Remember,Aironium,,game,,,gbcompo21,entries/remember/remember_v0.9.gb,1048576,FALL,0xC0,CGB only,0,0x1B,MBC5+RAM+BATTERY,MBC5,1,1048576,32768,1,1,GBDK-2020 (C),0
renaissance-filler,Renaissance Filler,eimink,GB,demo,,,,entries/renaissance-filler/renaissance-filler.gb,131072,DEMO1,0x00,DMG,0,0x1B,MBC5+RAM+BATTERY,MBC5,1,131072,32768,1,1,GBDK-2020 (C),1
renegade-rush,Renegade Rush,quinnp,GB,game,2021,MIT,gbcompo21;gbcompo21-shortlist,entries/renegade-rush/RenegadeRush.gb,65536,RENEGADERUSH,0x00,DMG,0,0x1B,MBC5+RAM+BATTERY,MBC5,1,65536,8192,1,1,other / unknown,1
rescue,Rescue,Dox,GBC,game,,,,entries/rescue/rescue.gbc,32768,RESCUE,0xC0,CGB only,0,0x00,ROM ONLY,none,1,32768,0,0,1,other / unknown,0
retro-gathering,Retro Gathering,Dual Crew & Shining,GBC,demo,2012,,,entries/retro-gathering/dcs-rtrg.gbc,32768,RETROGATHERING,0xC0,CGB only,0,0x00,ROM ONLY,none,1,32768,0,0,1,other / unknown,0
retro-otrop-en,Retro Otrop - English Version,Iuri GuiÃ£o,,game,,,gbcompo21,entries/retro-otrop-en/game.gb,524288,OTROP,0x00,DMG,0,0x1B,MBC5+RAM+BATTERY,MBC5,1,524288,32768,1,1,GBDK-2020 (C),1
retrobitninja_bomb-tracker,Bomb Tracker,RetroBitNinja,GB,game,,,event:gbcompo25,entries/retrobitninja_bomb-tracker/files/bomb-tracker_jam.gb,131072,,0x80,CGB enhanced,0,0x1A,MBC5+RAM,MBC5,1,131072,32768,0,1,GBDK-2020 (C),1
retroid,Retroid,Jonas Fischbach,GB,game,2016,,,entries/retroid/Retroid.gb,262144,RETROID,0x00,DMG,0,0x01,MBC1,MBC1,1,262144,0,0,1,other / unknown,1
retroreflector__banished,Banished,"[{'name': 'RetroReflector', 'link': 'https://retroreflector.itch.io'}, {'name': 'Bownly', 'link': 'https://bownly.itch.io'}]",,game,2023,,event:gbcompo23,entries/retroreflector__banished/Banished_jam.gb,262144,,0x00,DMG,0,0x03,MBC1+RAM+BATTERY,MBC1,1,262144,32768,1,1,GBDK-2020 (C),1
rex-run-v1-0,Rex Run,el_seyf,GB,game,2019,GPL-3.0,,entries/rex-run-v1-0/rex-run-v1.0.gb,32768,REX-RUN,0x00,DMG,0,0x00,ROM ONLY,none,1,32768,0,0,1,other / unknown,1
rex-runner-gb,Rex Runner GB,The Void,GB,game,2024,MIT,,entries/rex-runner-gb/rex-runner.gb,32768,Rex RunnerRXRN,0x80,CGB enhanced,0,0x1B,MBC5+RAM+BATTERY,MBC5,1,32768,8192,1,1,other / unknown,1
rez,Rez,nitro2k01,GB,game,,,,entries/rez/rez.gb,32768,REZ,0x00,DMG,0,0x00,ROM ONLY,none,1,32768,0,0,1,other / unknown,1
rgb-grafx-demo,RGB Grafx Demo,,GBC,demo,2000,,,entries/rgb-grafx-demo/RGB Grafx Demo (PD) [C].gbc,32768,rgbgrafx,0x80,CGB enhanced,0,0x00,ROM ONLY,none,1,32768,0,0,1,other / unknown,1
rhythm-land,Rhythm Land,martendo,,game,2021,,gbcompo21;gbcompo21-shortlist,entries/rhythm-land/rhythm-land.gb,131072,RHYTHM LANDSNSD,0x00,DMG,0,0x1B,MBC5+RAM+BATTERY,MBC5,1,131072,8192,1,1,other / unknown,1
rick2,Rick Dangerous 2,Mills,GB,game,2017,,,entries/rick2/Rick2.gbc,131072,RICK2,0xC0,CGB only,0,0x01,MBC1,MBC1,1,131072,0,0,1,other / unknown,0
rickroll-pcm,Rickroll PCM,FijiAura,GBC,demo,,,,entries/rickroll-pcm/rickroll.gbc,262144,RICKROLLPCM,0xC0,CGB only,1,0x1E,MBC5+RUMBLE+RAM+BATTERY,MBC5,1,262144,32768,1,1,GB Studio 3+,0
right,Right!,One Man Band,GBC,game,2000,,,entries/right/Right! (PD) [C].gbc,32768,OMB-RIGHT!,0xC0,CGB only,0,0x1B,MBC5+RAM+BATTERY,MBC5,1,32768,2048,1,1,other / unknown,0
right-to-repair,Right to Repair,pagemur4,,game,,,gbcompo21,entries/right-to-repair/game.gb,262144,GBJAM,0x00,DMG,0,0x1B,MBC5+RAM+BATTERY,MBC5,1,262144,32768,1,1,GBDK-2020 (C),1
rikoclon__source-hack,Source Hack,RikOclon,,game,2023,,event:gbcompo23,entries/rikoclon__source-hack/Source_Hack_Jam.gb,1048576,SOURCEHACK,0x00,DMG,0,0x1B,MBC5+RAM+BATTERY,MBC5,1,1048576,32768,1,1,GB Studio 3+,1
rikoclon_frontrooms-normalities,Frontrooms: Normalities,RikOclon,GBC,game,,,gb-compo-2025;event:gbcompo25,entries/rikoclon_frontrooms-normalities/files/Frontrooms Normalities  0.2.gbc,1048576,FRONTROOMSNORMA,0xC0,CGB only,0,0x1E,MBC5+RUMBLE+RAM+BATTERY,MBC5,1,1048576,32768,1,1,GB Studio 3+,0
ripir-proof-of-concept,ÊÉªá´Éªá´ [proof of concept],Elvies,,game,2022,,,entries/ripir-proof-of-concept/proofofconcept.gbc,262144,GBSHOWDOWNJAM,0xC0,CGB only,0,0x1B,MBC5+RAM+BATTERY,MBC5,1,262144,32768,1,1,GB Studio 3+,0
river-styx-round-up,River Styx Round-Up,"['IdnitMedia', 'RABBITKING']",GB,game,2023,,event:gbshowdown23,entries/river-styx-round-up/River_Styx_Round-Up_1.0.0.gb,262144,RIVERSTYXROUNDU,0xC0,CGB only,0,0x1B,MBC5+RAM+BATTERY,MBC5,1,262144,32768,1,1,GB Studio 3+,0
roader-gb,Roader GB,Jay Cook,GB,game,,,,entries/roader-gb/ROADER.GB,32768,TEMP,0x00,DMG,0,0x00,ROM ONLY,none,1,32768,0,0,1,other / unknown,1
robert-doman_dusk-gb-ep,DUSK GB EP,Robert Doman,GB,music,,,event:gbcompo25,entries/robert-doman_dusk-gb-ep/files/DUSK-GB-EP_jam.gb,131072,GBCALBUM,0xC0,CGB only,0,0x1E,MBC5+RUMBLE+RAM+BATTERY,MBC5,1,131072,32768,1,1,GB Studio 3+,0
robot-war,Robot War,Jose Moreno,GB,game,2000,,,entries/robot-war/Robot War (PD).gb,32768,GAMEH,0x00,DMG,0,0x00,ROM ONLY,none,1,32768,0,0,1,other / unknown,1
robot-x-slime,Robot X Slime,Michlwild,GB,game,2023,,event:gbshowdown23,entries/robot-x-slime/game.gb,262144,ROBOTXSLIME,0xC0,CGB only,0,0x1B,MBC5+RAM+BATTERY,MBC5,1,262144,32768,1,1,GB Studio 3+,0
robotech-exit-planet-dust,RoboTech - Exit Planet Dust,,GBC,game,2000,,,entries/robotech-exit-planet-dust/RoboTech - Exit Planet Dust with Music (Lik-Sang) (PD) [C].gbc,262144,RT,0xC0,CGB only,0,0x1E,MBC5+RUMBLE+RAM+BATTERY,MBC5,1,262144,8192,1,1,other / unknown,0
roboto,Roboto,naavis,GB,demo,2017,,,entries/roboto/roboto.gb,10357,h'kV)i4-+,0xAA,CGB enhanced,0,0x5D,UNKNOWN,UNKNOWN,0,10357,0,0,0,other / unknown,0
roboto-demo,Roboto,naavis,GB,demo,2017,,,entries/roboto-demo/skrollidemo.gb,32768,SKROLLIDEMO,0x00,DMG,0,0x00,ROM ONLY,none,1,32768,0,0,1,other / unknown,1
rocket-man,Rocket Man,Light Games,GB,game,2017,,,entries/rocket-man/rocketmandemo.gb,262144,Rocket Man,0x00,DMG,1,0x01,MBC1,MBC1,1,262144,0,0,1,other / unknown,1
rodrigocard_text-reader-gb,Text Reader GB,Rodrigo Rocha,GB,tool,,,event:gbcompo25,entries/rodrigocard_text-reader-gb/files/TXTReaderGB-DEMO.gb,32768,TXT_READER,0x80,CGB enhanced,0,0x19,MBC5,MBC5,1,32768,0,0,1,GBDK-2020 (C),1
rogersama_super-jose-dreamworld,Super José Dreamworld!,roger.sama,GB,game,,,event:gbcompo25,entries/rogersama_super-jose-dreamworld/files/SuperJoseDreamWorld_jam.gb,262144,SUPERJOSDREAMWO,0xC0,CGB only,0,0x1E,MBC5+RUMBLE+RAM+BATTERY,MBC5,1,262144,32768,1,1,GB Studio 3+,0
rogue-lcd-v1-0,Rogue LCD v1.0,Haroldo de Oliveira Pinheiro,GB,game,,,,entries/rogue-lcd-v1-0/roguelcd.gb,32768,ROGUELCD,0x00,DMG,0,0x03,MBC1+RAM+BATTERY,MBC1,1,32768,0,1,1,other / unknown,1
roleander_lazz-and-the-infinity-city-nights,"Lazz & ""The City""",Roleander,GB,game,,,event:gbcompo25,entries/roleander_lazz-and-the-infinity-city-nights/files/game.gb,131072,ISOMETRIC,0x00,DMG,1,0x1E,MBC5+RUMBLE+RAM+BATTERY,MBC5,1,131072,32768,1,1,GB Studio 3+,1
rom-wasn-t-built-in-a-day,ROM Wasn't Built In A Day,Agenda,GB,demo,2023,,,entries/rom-wasn-t-built-in-a-day/rom-wasn-t-built-in-a-day.gb,22619342,|g_XSo3,0xEE,CGB enhanced,0,0xF8,UNKNOWN,UNKNOWN,0,22619342,0,0,0,other / unknown,0
rom-wasnt-built-in-a-day,ROM Wasn't Built in a Day,"gorgh (code), AceMan (music), Piesiu and Raphis (gfx)",GB,demo,,,,entries/rom-wasnt-built-in-a-day/rom-wasnt-built-in-a-day.gb,262144,DEMO,0x00,DMG,0,0x19,MBC5,MBC5,1,262144,0,0,1,other / unknown,1
rope-bombs,Rope & Bombs,Team Lampoil,GB,game,,,,entries/rope-bombs/rope-bombs.gb,262144,RopeAndBombs,0x80,CGB enhanced,1,0x03,MBC1+RAM+BATTERY,MBC1,1,262144,2048,1,1,other / unknown,1
ropeandbombs,Rope & Bombs,Team Lampoil,GBC,game,,,,entries/ropeandbombs/ropeandbombs.gb,262144,RopeAndBombs,0x80,CGB enhanced,1,0x03,MBC1+RAM+BATTERY,MBC1,1,262144,2048,1,1,other / unknown,1
rorecon,RoReCon,TeamKNOx,GBC,tool,2000,MIT,,entries/rorecon/RoReCon.gb,65536,RORECON,0x80,CGB enhanced,0,0x02,MBC1+RAM,MBC1,1,65536,32768,0,1,other / unknown,1
roroto-sic_day-of-the-breach,Day of the Breach,Roroto_Sic,GB,game,,,gameboycompo25;event:gbcompo25,entries/roroto-sic_day-of-the-breach/files/day_of_the_breach_jam.gb,262144,DAYOFTHEBREACH,0xC0,CGB only,0,0x1E,MBC5+RUMBLE+RAM+BATTERY,MBC5,1,262144,32768,1,1,GB Studio 3+,0
rotating-face-demo,Rotating Face Demo,,GBC,demo,2000,,,entries/rotating-face-demo/Rotating Face Demo (PD) [C].gbc,65536,MAIN,0xC0,CGB only,0,0x00,ROM ONLY,none,1,65536,0,0,1,other / unknown,0
rotation,Rotation,S. Noody,GB,game,,,,entries/rotation/Rotation.gb,32768,REP,0x00,DMG,0,0x00,ROM ONLY,none,1,32768,0,0,1,other / unknown,1
rpn-calculator,RPN Calculator,,GB,tool,1997,,,entries/rpn-calculator/RPN_Calculator.gb,32768,rpn,0x00,DMG,0,0x00,ROM ONLY,none,1,32768,0,0,1,other / unknown,1
rqtjam,Retro Quiz Tower (JAM Edition),"['Rubenretro', 'Ainon']",GB,game,2023,,event:gbshowdown23,entries/rqtjam/Retro_Quiz_Tower_JAM_1.2.gb,1048576,RETROQUIZTOWER,0xC0,CGB only,0,0x1B,MBC5+RAM+BATTERY,MBC5,1,1048576,32768,1,1,GB Studio 3+,0
rubenretro__powerball,PowerBall: Monster's Quest,"[{'name': 'Rubenretro', 'link': 'https://rubenretro.itch.io'}, {'name': 'beatscribe', 'link': 'https://beatscribe.itch.io'}, {'name': 'ainaSGE', 'link': 'https://ainasge.itch.io'}]",,game,2023,,event:gbcompo23,entries/rubenretro__powerball/Powerball_1.04DEMO.gb,1048576,POWERBALL,0xC0,CGB only,0,0x1B,MBC5+RAM+BATTERY,MBC5,1,1048576,32768,1,1,GB Studio 3+,0
ruby-rusty-save-the-crows,Ruby & Rusty Save the Crows,Max Oakland,,game,,,gbcompo21,entries/ruby-rusty-save-the-crows/Ruby_&_Rusty_Demo.gbc,1048576,THE GARDEN KIDS,0xC0,CGB only,0,0x1B,MBC5+RAM+BATTERY,MBC5,1,1048576,32768,1,1,GBDK-2020 (C),0
rumble--tumble-e3-2001-demo,Rumble & Tumble (E3 2001 Demo),SkyRank Games,GBC,game,2001,,,entries/rumble--tumble-e3-2001-demo/rumble--tumble-early-beta-5-17.gbc,131072,RUMBLE,0x80,CGB enhanced,0,0x02,MBC1+RAM,MBC1,1,131072,32768,0,1,other / unknown,1
rumblefest-bgcolor,RumbleFest Pro Wrestling GBColor,Meeka Arcade,,game,,,,entries/rumblefest-bgcolor/game.gb,131072,RUMBLETEST,0xC0,CGB only,0,0x1B,MBC5+RAM+BATTERY,MBC5,1,131072,32768,1,1,GB Studio 3+,0
run,Run!!,Monetai,GB,game,,,,entries/run/run.gb,32768,GAME,0x00,DMG,0,0x00,ROM ONLY,none,1,32768,0,0,1,other / unknown,1
run-1,Run!!,monetai,GB,game,,,,entries/run-1/Run!!.gb,32768,GAME,0x00,DMG,0,0x00,ROM ONLY,none,1,32768,0,0,1,other / unknown,1
runiestory,RunieStory - Gameboy color / Analogue Pocket,Spicyfuse,GB,game,2023,,event:gbshowdown23,entries/runiestory/RunieStory.gb,2097152,RUNIEWORK,0xC0,CGB only,1,0x1B,MBC5+RAM+BATTERY,MBC5,1,2097152,32768,1,1,GB Studio 3+,0
runtodatabay,Run to Databay,Momeka,GB,game,,,,entries/runtodatabay/databay.gb,32768,DATABAY,0x00,DMG,0,0x01,MBC1,MBC1,1,32768,0,0,1,other / unknown,1
rustyrocket__squirrel-falls,Squirrel Falls,RustyRocket,,game,2023,,event:gbcompo23,entries/rustyrocket__squirrel-falls/SquirrelFalls.gb,524288,TILESETDEMO,0x00,DMG,0,0x1B,MBC5+RAM+BATTERY,MBC5,1,524288,32768,1,1,GB Studio 3+,1
sabinov,Sabinov,"Keldon Alleyne, David Kirkland",GB,game,,,,entries/sabinov/gbgame.gb,32768,GBGAME,0x00,DMG,0,0x00,ROM ONLY,none,1,32768,0,0,1,other / unknown,1
sabotage-color-demo,SaB0t4g3 Color Demo,SaB0t4g3,GBC,demo,1999,,,entries/sabotage-color-demo/Sabotage Color Demo (PD) [C].gbc,32768,...............,0x80,CGB enhanced,0,0x00,ROM ONLY,none,1,32768,0,0,1,other / unknown,1
safe-file,Safe File,WinglessPenny64,GB,game,2023,,event:gbshowdown23,entries/safe-file/SafeFile.gb,262144,GBSHOWDOWNGAME,0x00,DMG,1,0x1B,MBC5+RAM+BATTERY,MBC5,1,262144,32768,1,1,GB Studio 3+,1
sailor-moon-demo,Sailor Moon Demo,,GB,demo,1999,,,entries/sailor-moon-demo/Sailor Moon Demo (PD).gb,32768,HEROZERO SAMPLE1,0x31,DMG,0,0x00,ROM ONLY,none,1,32768,0,0,1,other / unknown,1
saint-seiya,Saint Seiya,Shamurgh,GB,game,2022,,,entries/saint-seiya/SaintSeiya.gb,524288,SAINTSEIYA,0x00,DMG,0,0x01,MBC1,MBC1,1,524288,0,0,1,other / unknown,1
samuel,Samuel,Jumalauta,GB,demo,2006,,,entries/samuel/jml-sam.gb,131072,JML_CONSOLE,0x00,DMG,0,0x02,MBC1+RAM,MBC1,1,131072,0,0,1,other / unknown,1
sand,SAND - Survive A Neverending Desert,jobalisk,GB,game,2018,,,entries/sand/sand.gb,262144,SAND,0x00,DMG,0,0x10,MBC3+TIMER+RAM+BATTERY,MBC3,1,262144,8192,1,1,other / unknown,1
santa-claus-journey,Santa Claus Journey,Celestina Software,GB,game,2022,,,entries/santa-claus-journey/scjourney music.gb,32768,SCJOURNEY,0x00,DMG,0,0x00,ROM ONLY,none,1,32768,0,0,1,other / unknown,1
sasor7i_zako-xylo,Zako Xylo,sasor7i,GB,tool,,,event:gbcompo25,entries/sasor7i_zako-xylo/files/ZakoXylo_jam_gbc.gb,131072,ZAKOXYLO,0xC0,CGB only,0,0x1E,MBC5+RUMBLE+RAM+BATTERY,MBC5,1,131072,32768,1,1,GB Studio 3+,0
saulin-penis-gameboy,Saulin Penis Gameboy,Jumalauta,GB,demo,2008,,,entries/saulin-penis-gameboy/saulin-penis-gameboy.gb,9609,N&p};u3#L,0x4C,DMG,0,0x91,UNKNOWN,UNKNOWN,0,9609,0,0,0,other / unknown,0
save-the-puppies,Save The Puppies!,Chris Read,GB,game,2021,,,entries/save-the-puppies/stp29.gb,65536,,0x00,DMG,0,0x02,MBC1+RAM,MBC1,1,65536,32768,0,1,GBDK-2020 (C),1
scarymazegame,Classic Internet Scary Maze Game: Game Boy Edition,GameBuoyGames - Michael Towns,,game,,,gbcompo21,entries/scarymazegame/game.gb,1048576,SCARY MAZE GAME,0x00,DMG,0,0x1B,MBC5+RAM+BATTERY,MBC5,1,1048576,32768,1,1,other / unknown,1
scorching-light,Scorching Light,Pasquale 'Pasqui industry' Pignataro,GB,game,2026,CC-BY-NC-ND-4.0,,entries/scorching-light/pasquiindustry_scorchinglight_en_v1_0_1.gb,262144,PROJECTHIDDEN,0x00,DMG,0,0x1E,MBC5+RUMBLE+RAM+BATTERY,MBC5,1,262144,32768,1,1,GB Studio 3+,1
scroller,Scroller,Richard van der Brugge,GBC,demo,2000,,,entries/scroller/scroller.gb,65536,SCROLLER,0xC0,CGB only,0,0x01,MBC1,MBC1,1,65536,0,0,1,other / unknown,0
scrolling-blue-demo,Scrolling Blue Demo,,GBC,demo,2000,,,entries/scrolling-blue-demo/Scrolling Blue Demo (PD) [C].gbc,32768,CGB3RD,0x80,CGB enhanced,0,0x00,ROM ONLY,none,1,32768,0,0,1,other / unknown,1
seating-chart,Seating Chart,"['Tyler Lombard', 'Tswined']",GB,game,2023,,event:gbshowdown23,entries/seating-chart/game.gb,131072,SEATINGCHART,0x00,DMG,0,0x1B,MBC5+RAM+BATTERY,MBC5,1,131072,32768,1,1,GB Studio 3+,1
second-reality,Second Reality,Mills,GBC,demo,2014,,,entries/second-reality/2ND - FINISHED.gb,262144,2ND,0x80,CGB enhanced,0,0x01,MBC1,MBC1,1,262144,0,0,1,other / unknown,1
second-reality-omg-cgb,Second Reality OMG CGB,Mills,GBC,demo,2014,,,entries/second-reality-omg-cgb/second-reality-omg-cgb.gbc,148314,}p{|,0xEC,CGB enhanced,1,0x74,UNKNOWN,UNKNOWN,0,148314,0,0,0,other / unknown,0
segmond-first-demo,Segmond (First Demo),,GB,demo,1998,,,entries/segmond-first-demo/Segmond First Demo (PD).gb,32768,Segmond First,0x20,DMG,0,0x00,ROM ONLY,none,1,32768,0,0,0,other / unknown,1
serpedelic-version-110,Serpedelic (Version 1.1.0),DeltaGardner,GB,tool,,,,entries/serpedelic-version-110/serpedelic.gb,32768,SERPEDELIC,0x00,DMG,0,0x00,ROM ONLY,none,1,32768,0,0,1,other / unknown,1
serpent-apocalypse,Serpent Apocalypse,"Glenn Bussell, Justin Rumpff",GBC,game,,,,entries/serpent-apocalypse/SerpentApocalypse.gbc,32768,SERPENTAPOCALYP,0x80,CGB enhanced,0,0x01,MBC1,MBC1,1,32768,0,0,1,other / unknown,1
severen-demo-ver,Severen - Demo Ver.,-IZMA-,,game,,,gbcompo21,entries/severen-demo-ver/game.gb,1048576,GBCOMPO,0x00,DMG,0,0x1B,MBC5+RAM+BATTERY,MBC5,1,1048576,32768,1,1,GBDK-2020 (C),1
shadow-nights,Shadow Nights demo,EdNedula,,game,,,gbcompo21,entries/shadow-nights/game.gb,262144,SHADOW NIGHT,0x80,CGB enhanced,0,0x1B,MBC5+RAM+BATTERY,MBC5,1,262144,32768,1,1,GBDK-2020 (C),1
shaman-dojo,Shaman Dojo - Catch 'em spirits! (DEMO),Spicyfuse,,game,2022,,,entries/shaman-dojo/Shaman_Dojo.gbc,524288,TEXTV,0xC0,CGB only,1,0x1B,MBC5+RAM+BATTERY,MBC5,1,524288,32768,1,1,GB Studio 3+,0
shantae-8,Shantae +8,Dual Crew Shining,GBC,demo,2002,,,entries/shantae-8/shantae-8.gbc,11595,^-,0x08,DMG,0,0x98,UNKNOWN,UNKNOWN,0,11595,0,0,0,other / unknown,0
sheep-kaboom,Sheep Kaboom,,GB,game,,,,entries/sheep-kaboom/sheep-kaboom.gb,65536,KABOOM,0x00,DMG,0,0x01,MBC1,MBC1,1,65536,0,0,1,other / unknown,1
sheep-leap,Sheep Leap,oshf,GB,game,2018,,,entries/sheep-leap/SheepLeap.gb,65536,MAIN,0x00,DMG,0,0x03,MBC1+RAM+BATTERY,MBC1,1,65536,32768,1,1,other / unknown,1
sheepitup,Sheep it up!,Dr. Ludos,GB,game,2017,,,entries/sheepitup/sheepitup.gb,32768,BITBITJAM4,0x00,DMG,0,0x00,ROM ONLY,none,1,32768,0,0,1,other / unknown,1
sherlock-a-study-in-scarlet,Sherlock: A Study in Scarlet,lankgod,,game,,,gbcompo21,entries/sherlock-a-study-in-scarlet/Sherlock_-_A_Study_in_Scarlet.gb,524288,SHERLOCK V2,0x00,DMG,0,0x1B,MBC5+RAM+BATTERY,MBC5,1,524288,32768,1,1,GBDK-2020 (C),1
shield-warrior-vii,Shield Warrior VII,,GB,game,,,,entries/shield-warrior-vii/ld36.gb,32768,LD36,0x00,DMG,0,0x00,ROM ONLY,none,1,32768,0,0,1,other / unknown,1
ship,Ship,Unknown,GB,game,,,,entries/ship/SHIP.GB,32768,MEGAMANIA,0x20,DMG,0,0x00,ROM ONLY,none,1,32768,0,0,1,other / unknown,1
shitty25d,Shitty 2.5D,sttng,GB,demo,2021,,,entries/shitty25d/shitty25D01.gb,32768,,0x00,DMG,0,0x00,ROM ONLY,none,1,32768,0,0,1,other / unknown,1
shitwave,Shitwave,nitro2k01,GB,tool,,,,entries/shitwave/shitwave.gb,32768,shitwave,0x00,DMG,0,0x00,ROM ONLY,none,1,32768,0,0,1,other / unknown,1
shmup,shmup,kresna,GB,game,,,,entries/shmup/SHMUP.GB,32768,SHMUPGAME  KRES,0x00,DMG,0,0x02,MBC1+RAM,MBC1,1,32768,8192,0,1,other / unknown,1
shock-lobster,Shock Lobster,tbsp,GB,game,2021,ZLib,gbcompo21;gbcompo21-shortlist,entries/shock-lobster/shocklobster.gb,32768,SHOCKLOBSTRSHLB,0x00,DMG,0,0x03,MBC1+RAM+BATTERY,MBC1,1,32768,8192,1,1,other / unknown,1
shoot-the-x,Shoot the X (spr4col),Derek Steinmoeller,GB,game,1999,,event:bung-1st-coding-compo,entries/shoot-the-x/spr4col.gb,32768,SPR4COL,0x80,CGB enhanced,0,0x00,ROM ONLY,none,1,32768,0,0,1,other / unknown,1
shutdown,ShutDown,Adam Hay,GB,game,,,,entries/shutdown/ShutDown.gb,32768,shutdown,0x00,DMG,0,0x00,ROM ONLY,none,1,32768,0,0,0,other / unknown,1
sierpinski-gasket,Sierpinski Gasket,PurpleFish,GB,demo,1998,,,entries/sierpinski-gasket/Sierpinski Gasket (PD).gb,32768,GASKET,0x00,DMG,0,0x00,ROM ONLY,none,1,32768,0,0,1,other / unknown,1
silk-road-demo,Silk Road (demo),SPRITE,GB,demo,,,,entries/silk-road-demo/silk.gb,65536,SILK,0x00,DMG,0,0x02,MBC1+RAM,MBC1,1,65536,32768,0,1,other / unknown,1
simple-dictionary-v1-2,Simple Dictionary v1.2,Pui Binh Phan,GB,tool,2000,,,entries/simple-dictionary-v1-2/Simple Dictionary V1.2 (PD).gb,524288,XIDIAN,0x00,DMG,0,0x01,MBC1,MBC1,1,524288,0,0,1,other / unknown,1
simple-parallax-scroller,Simple Parallax Scroller,Ville Helin,GB,demo,2001,,,entries/simple-parallax-scroller/Simple Parallax Scroller (PD).gb,32768,SINAAPPI,0x00,DMG,0,0x01,MBC1,MBC1,1,32768,0,0,1,other / unknown,1
sir-diesalot,Sir Diesalot,Nemuristar,GB,game,2023,,event:gbshowdown23,entries/sir-diesalot/game.gb,262144,GAME,0xC0,CGB only,0,0x1B,MBC5+RAM+BATTERY,MBC5,1,262144,32768,1,1,GB Studio 3+,0
skazka,skazka,thebillington,GBC,game,,,,entries/skazka/skazka.gb,32768,MAIN,0x00,DMG,0,0x00,ROM ONLY,none,1,32768,0,0,1,other / unknown,1
skinke,Skinke,Jumalauta,GB,demo,2005,,,entries/skinke/jml-skin.gb,32768,JML_CONSOLE,0x00,DMG,0,0x00,ROM ONLY,none,1,32768,0,0,1,other / unknown,1
skoardy,Skoardy,Darren Hebden,GB,game,1999,,event:bung-2nd-coding-compo,entries/skoardy/skoardy.gb,32768,SKOARDY,0x80,CGB enhanced,0,0x00,ROM ONLY,none,1,32768,0,0,1,other / unknown,1
sleepingpandagames__moki-the-monster-kid,"Moki, the Monster Kid - GBCompo23",Sleeping Panda,,game,2023,,event:gbcompo23,entries/sleepingpandagames__moki-the-monster-kid/moki007_jam.gb,262144,YOUAREAMONSTER,0xC0,CGB only,0,0x1B,MBC5+RAM+BATTERY,MBC5,1,262144,32768,1,1,GB Studio 3+,0
slider,slider,Jaeden Amero,GB,game,,,,entries/slider/slider.gb,32768,SLIDER,0x00,DMG,0,0x00,ROM ONLY,none,1,32768,0,0,1,other / unknown,1
slippy,Slippy,Mattias Wadman,GB,game,,,,entries/slippy/Slippy.gb,32768,Slippy,0x00,DMG,0,0x00,ROM ONLY,none,1,32768,0,0,1,other / unknown,1
sloopygoop__re-cycle,Re: Cycle,sloopygoop,,music,2023,,event:gbcompo23,entries/sloopygoop__re-cycle/Sloopygoop_Re-Cycle_jam.gb,2097152,LSDPACK,0x00,DMG,0,0x19,MBC5,MBC5,1,2097152,0,0,1,other / unknown,1
sludgeon-2,Sludgeon 2,8 Cylinder,GB,tool,,,,entries/sludgeon-2/sludgeon-2.gb,524288,SLUDGEON2,0x00,DMG,0,0x02,MBC1+RAM,MBC1,1,524288,32768,0,1,other / unknown,1
smokingjacket_bram-stokers-renfield-simulator-2000,Bram Stoker's Renfield Simulator 2000,Smoking Jacket Studios,GBC,game,,,event:gbcompo25,entries/smokingjacket_bram-stokers-renfield-simulator-2000/files/Bram Stoker's Renfield Simulator 2000 v1.0.gbc,131072,BRAMSTOKERSRENF,0xC0,CGB only,0,0x1E,MBC5+RUMBLE+RAM+BATTERY,MBC5,1,131072,32768,1,1,GB Studio 3+,0
smooth-colour-fading-demo,Smooth Colour Fading Demo,Theory,GBC,demo,2000,,,entries/smooth-colour-fading-demo/Smooth Colour Fading Demo (PD) [C].gbc,32768,TEST,0x80,CGB enhanced,0,0x00,ROM ONLY,none,1,32768,0,0,1,other / unknown,1
snake,Snake,Yvar de Goffau,GB,game,,WTFPL-2.0,,entries/snake/snake.gb,32768,Yvar's GB Snake,0x80,CGB enhanced,0,0x00,ROM ONLY,none,1,32768,0,0,1,other / unknown,1
snake-gb,Snake for Game Boy,Donald Hays,GB,game,,,,entries/snake-gb/snake.gb,32768,SNAKE,0x00,DMG,0,0x1B,MBC5+RAM+BATTERY,MBC5,1,32768,8192,1,1,other / unknown,1
snake-gbdk,Snake GBDK,26F,GB,game,2018,,,entries/snake-gbdk/snake.gb,32768,A,0x00,DMG,0,0x00,ROM ONLY,none,1,32768,0,0,1,other / unknown,1
snake-sanky,Snake,Sanky,GB,game,2013,,,entries/snake-sanky/snake.gbc,32768,SNAKEXXXX,0x00,DMG,0,0x01,MBC1,MBC1,1,32768,0,0,1,other / unknown,1
snakeat,SnakEat,Patriek Lesparre,GBC,game,,,,entries/snakeat/SnakEat.gbc,32768,SNAKEAT    BUNG,0xC0,CGB only,0,0x19,MBC5,MBC5,1,32768,0,0,1,other / unknown,0
sneaky-snakes,Sneaky Snakes,Spiffyuk,GB,game,1999,,event:bung-2nd-coding-compo,entries/sneaky-snakes/snake.gb,32768,SNAKE,0x80,CGB enhanced,0,0x00,ROM ONLY,none,1,32768,0,0,1,other / unknown,1
snek-gbc,Snek!,zlago,GB,game,,,,entries/snek-gbc/pong.gb,32768,PONG TEST,0x80,CGB enhanced,1,0x1B,MBC5+RAM+BATTERY,MBC5,1,32768,8192,1,1,other / unknown,1
snorpung_dangan-gb2,Dangan GB2,snorpung,GBC,game,,,,entries/snorpung_dangan-gb2/files/DanganGB2.gbc,524288,DANGAN GB2,0xC0,CGB only,0,0x1B,MBC5+RAM+BATTERY,MBC5,1,524288,8192,1,1,other / unknown,0
sokoban,GameBoy SokoBan,Obsession Development,GB,game,1998,,,entries/sokoban/sokoban.gb,32768,OD SokoBan 1.20,0x00,DMG,0,0x00,ROM ONLY,none,1,32768,0,0,1,other / unknown,1
solveknight-gb-v1-1,SolveKnight GB v1.1,drHirudo,GB,game,,,,entries/solveknight-gb-v1-1/SolveKnightGB.gb,32768,SolveKnightGB,0x00,DMG,0,0x00,ROM ONLY,none,1,32768,0,0,0,other / unknown,1
some-old-stuff,Some Old Stuff,R-Lab,GBC,demo,2000,,,entries/some-old-stuff/SOS.gbc,131072,S.O.S. BY R-LAB,0x80,CGB enhanced,0,0x1A,MBC5+RAM,MBC5,1,131072,32768,0,1,other / unknown,1
somos-amigos,Somos Amigos,El_Papu1111,GB,game,,,event:gbshowdown23,entries/somos-amigos/game.gb,131072,SOMOSAMIGOS,0x00,DMG,0,0x1B,MBC5+RAM+BATTERY,MBC5,1,131072,32768,1,1,GB Studio 3+,1
song-bird,Song Bird,ERIC_MACK,,game,,,,entries/song-bird/Song_Bird_v1.0.gb,262144,SONG BIRD,0xC0,CGB only,0,0x1B,MBC5+RAM+BATTERY,MBC5,1,262144,32768,1,1,GBDK-2020 (C),0
song-of-morus-ghostly-night,Song of Morus: Ghostly Night,"['SunnyChowTheGuy', '1kmountains']",GB,game,2023,,event:gbshowdown23,entries/song-of-morus-ghostly-night/game.gb,262144,SONGOFMORUSGOUR,0x00,DMG,0,0x1B,MBC5+RAM+BATTERY,MBC5,1,262144,32768,1,1,GB Studio 3+,1
soul-raiders-jailbreak,Soul Raiders: Jailbreak,Team KwaKwa,GB,game,,,,entries/soul-raiders-jailbreak/soul-raiders-jailbreak.gb,262144,SRJAILBREAK,0x00,DMG,0,0x03,MBC1+RAM+BATTERY,MBC1,1,262144,8192,1,1,other / unknown,1
soul-void,Soul Void,Kadabura,,game,,,,entries/soul-void/game.gb,1048576,SOUL VOID,0x00,DMG,0,0x1B,MBC5+RAM+BATTERY,MBC5,1,1048576,32768,1,1,other / unknown,1
sound-mode-1,Sound Mode #1,,GB,tool,,,,entries/sound-mode-1/sound.gb,32768,sound,0x00,DMG,0,0x00,ROM ONLY,none,1,32768,0,0,1,other / unknown,1
soupis,Soupis,"['feephoenixx', 'emsolaris']",,game,,,,entries/soupis/game.gb,262144,SOUPIS,0xC0,CGB only,0,0x1B,MBC5+RAM+BATTERY,MBC5,1,262144,32768,1,1,GB Studio 3+,0
south-pong,South Pong,Jason,GB,game,,,,entries/south-pong/SouthPong.gb,32768,SPONGD,0x00,DMG,0,0x00,ROM ONLY,none,1,32768,0,0,1,other / unknown,1
southern-dreams,Southern Dreams,Southern Dreams,GB,demo,2000,,event:liksang2000-compo,entries/southern-dreams/b001.gb,32768,SOUTHERNDREAMS,0x80,CGB enhanced,0,0x00,ROM ONLY,none,1,32768,0,0,1,other / unknown,1
southern-dreams-slideshow,Southern Dreams Slideshow,Southern Dreams,GBC,demo,2000,,,entries/southern-dreams-slideshow/Southern Dreams - Slideshow (Lik-Sang) (PD) [C].gbc,32768,SOUTHERNDREAMS,0x80,CGB enhanced,0,0x00,ROM ONLY,none,1,32768,0,0,1,other / unknown,1
southern-dreams-smart-demo,Southern Dreams Smart Demo,Southern Dreams,GBC,demo,2000,,,entries/southern-dreams-smart-demo/Southern Dreams - SMART Demo (Quang2000) (PD) [C].gbc,32768,SDSMART,0x80,CGB enhanced,0,0x00,ROM ONLY,none,1,32768,0,0,1,other / unknown,1
space,Space,,GBC,game,,,event:bung-2nd-coding-compo,entries/space/space.gb,65536,SPACE,0x80,CGB enhanced,0,0x01,MBC1,MBC1,1,65536,0,0,1,other / unknown,1
space-crawler,Space Crawler,Robert Doman,,game,,,gbcompo21,entries/space-crawler/SpaceCrawler.gb,524288,SPACE CRAWLER,0x00,DMG,0,0x1B,MBC5+RAM+BATTERY,MBC5,1,524288,32768,1,1,GBDK-2020 (C),1
space-faces,Space Faces,Cuchipandi Technologies,GBC,game,,,,entries/space-faces/SpaceFaces.gbc,131072,CFACES,0x80,CGB enhanced,0,0x19,MBC5,MBC5,1,131072,32768,0,1,other / unknown,1
space-invaders-programming-demo,Space Invaders-style Programming Demo,Jeff Frohwein,GB,demo,1997,,,entries/space-invaders-programming-demo/SI.GB,32768,SPACE INV DEMO,0x00,DMG,0,0x03,MBC1+RAM+BATTERY,MBC1,1,32768,0,1,1,other / unknown,1
space-invasion-version-01,Space Invasion (Version 0.1),Thalamus Interactive,GB,game,2000,,,entries/space-invasion-version-01/spaceinvasion01.gb,131072,Space Invasion,0x80,CGB enhanced,0,0x02,MBC1+RAM,MBC1,1,131072,8192,0,1,other / unknown,1
space-invasion-zero-version-100,Space Invasion Zero (Version 1.0.0),Refresh Games,GB,game,,,,entries/space-invasion-zero-version-100/warmup.gb,32768,WARMUP,0x00,DMG,0,0x00,ROM ONLY,none,1,32768,0,0,1,other / unknown,1
space-mission-dx,Space Mission DX,"Chris Nowak, Stefan Nowak",GBC,game,,,,entries/space-mission-dx/SpaceMissionDX.gbc,262144,Space Mission,0x80,CGB enhanced,0,0x01,MBC1,MBC1,1,262144,0,0,1,other / unknown,1
space-panic,Space Panic,Steve Jones,GB,game,1999,,event:bung-1st-coding-compo,entries/space-panic/spacepanic.gb,131072,POCKET PANIC 99,0x80,CGB enhanced,0,0x01,MBC1,MBC1,1,131072,0,0,1,other / unknown,1
space-waste,Space Waste,Octarine,GBC,demo,2003,,,entries/space-waste/oct-spw.gbc,131072,SPACE WASTE OCT,0xC0,CGB only,0,0x19,MBC5,MBC5,1,131072,0,0,1,other / unknown,0
spark,Spark,LotusGameDev,GB,game,2023,,event:gbshowdown23,entries/spark/game.gb,262144,GAMEJAM,0xC0,CGB only,0,0x1B,MBC5+RAM+BATTERY,MBC5,1,262144,32768,1,1,GB Studio 3+,0
speedfinger,Speed Finger,Ville Jarvi,GB,game,,,event:bung-2nd-coding-compo,entries/speedfinger/Speed Finger.gb,32768,SPD002A,0x00,DMG,0,0x00,ROM ONLY,none,1,32768,0,0,1,other / unknown,1
speedp,SpeedP,Konstantin Dobrev,GB,game,2021,,,entries/speedp/speedp.gb,32768,,0x00,DMG,0,0x00,ROM ONLY,none,1,32768,0,0,1,GBDK-2020 (C),1
spicyfuse_god-destroyer-2,God Destroyer 2,Spicyfuse,GBC,game,,,event:gbcompo25,entries/spicyfuse_god-destroyer-2/files/GD2 music Player.gbc,2097152,GDNOMUSIC,0xC0,CGB only,0,0x1E,MBC5+RUMBLE+RAM+BATTERY,MBC5,1,2097152,32768,1,1,GB Studio 3+,0
spiral-game-boy-music-rom,Spiral - Game Boy Music ROM,Matt J Hart,,game,,,gbcompo21,entries/spiral-game-boy-music-rom/Spiral_-_Matt_J_Hart_(GB_ROM).gb,212992,,0x00,DMG,0,0x19,MBC5,MBC5,1,32768,0,0,1,other / unknown,1
sprite-priority-demo,Sprite Priority Demo,Pascal Felber,GB,tool,1997,,,entries/sprite-priority-demo/SPRITE.GB,32768,sprite2,0x00,DMG,0,0x00,ROM ONLY,none,1,32768,0,0,1,other / unknown,1
sqrxz,Sqrxz,Icarus Productions,GB,game,1999,,,entries/sqrxz/sqrxz.gb,65536,SQRXZ 0.95,0x80,CGB enhanced,0,0x1A,MBC5+RAM,MBC5,1,65536,8192,0,1,other / unknown,1
square-fall,Square fall,bjorn_nah,,game,,,gbcompo21,entries/square-fall/square_fall_v01.gb,32768,,0x00,DMG,0,0x00,ROM ONLY,none,1,32768,0,0,1,GBDK-2020 (C),1
squishy-the-turtle,Squishy the Turtle,Cppchriscpp,GB,game,2015,MIT,,entries/squishy-the-turtle/squishy-magfest.gb,131072,LUDUMDARE,0x00,DMG,0,0x03,MBC1+RAM+BATTERY,MBC1,1,131072,8192,1,1,other / unknown,1
ssas-stepgirl,ssas stepgirl,S.O,GB,tool,,,,entries/ssas-stepgirl/ssas-stepgirl.gb,65536,STEPGIRL,0x80,CGB enhanced,0,0x03,MBC1+RAM+BATTERY,MBC1,1,65536,32768,1,1,other / unknown,1
stadin-brankkari,Stadin Brankkari,Amuq Creations,GBC,demo,2001,,,entries/stadin-brankkari/stadin.gbc,65536,STADINBRANKKARI,0x80,CGB enhanced,0,0x01,MBC1,MBC1,1,65536,0,0,1,other / unknown,1
stalker,Stalker,True Video,GBC,game,2001,,,entries/stalker/stalker.gbc,65536,GB COLOR DEVROM,0x80,CGB enhanced,0,0x01,MBC1,MBC1,1,65536,0,0,1,other / unknown,1
star-fighter-demo,Star Fighter,Jonathan Waugh,GBC,demo,2000,,,entries/star-fighter-demo/Star Fighter by Jonathan Waugh (PD) [C].gbc,32768,SPACE FIGHTERS,0x80,CGB enhanced,0,0x00,ROM ONLY,none,1,32768,0,0,1,other / unknown,1
star-heritage-demo,Star Heritage (Demo),R-Lab,GBC,game,2001,,,entries/star-heritage-demo/star-heritage-demo-version-by-r-lab-pd-c.gbc,524288,SHDEMO 14-07-01,0x80,CGB enhanced,0,0x19,MBC5,MBC5,1,524288,0,0,1,other / unknown,1
star-heritage-final,Star Heritage (Final),R-Lab,GBC,game,2001,,,entries/star-heritage-final/starheritagebattery.gbc,1048576,SHBATT 18-09-01,0x80,CGB enhanced,0,0x1B,MBC5+RAM+BATTERY,MBC5,1,1048576,2048,1,1,other / unknown,1
starfield,Starfield,Richard van der Brugge,GBC,demo,2000,,,entries/starfield/starfield.gb,32768,STARFIELD,0x80,CGB enhanced,0,0x00,ROM ONLY,none,1,32768,0,0,1,other / unknown,1
starfight,Starfight,Martin Korth,GB,game,1999,,,entries/starfight/starfigh.gb,32768,STARFIGHT,0x80,CGB enhanced,1,0x00,ROM ONLY,none,1,32768,0,0,1,other / unknown,1
starfisher,Starfisher,Gambit Studios,GB,game,,,event:bung-2nd-coding-compo,entries/starfisher/starfisher.gb,32768,FISHER,0x00,DMG,0,0x00,ROM ONLY,none,1,32768,0,0,1,other / unknown,1
starpiece,StarPiece,BuddyBoyBueno,,game,,,gbcompo21,entries/starpiece/StarPiece.gbc,524288,WORKINPROGRESS,0xC0,CGB only,0,0x1B,MBC5+RAM+BATTERY,MBC5,1,524288,32768,1,1,GBDK-2020 (C),0
startex,StarTex,Neolith Productions,GBC,game,2000,,,entries/startex/Star Tex (Quang2000) (PD) [C].gbc,32768,STARTEX -XAG-DV,0x80,CGB enhanced,0,0x00,ROM ONLY,none,1,32768,0,0,1,other / unknown,1
staticlinkage__skeleton-crew,Skeleton Crew,staticlinkage,,game,2023,,event:gbcompo23,entries/staticlinkage__skeleton-crew/skeletoncrew_jam.gb,65536,,0x00,DMG,0,0x1B,MBC5+RAM+BATTERY,MBC5,1,65536,32768,1,1,GBDK-2020 (C),1
staydown,Staydown,,GB,tool,,,,entries/staydown/staydown.gb,32768,STAYDOWN,0x00,DMG,0,0x00,ROM ONLY,none,1,32768,0,0,1,other / unknown,1
steinsgate_8-bit_v0-40,SteinsGate 8-bit v0.40,calc84maniac,GB,game,,,,entries/steinsgate_8-bit_v0-40/SteinsGate 8-Bit v0.40.gb,524288,STEINSGATE-8BIT,0x80,CGB enhanced,0,0x1B,MBC5+RAM+BATTERY,MBC5,1,524288,8192,1,1,other / unknown,1
sticky-hooves-in-the-temple-of-vel-cro,Sticky Hooves In The Temple Of Vel-Cro,Infected Bytes,GB,game,,,,entries/sticky-hooves-in-the-temple-of-vel-cro/sticky-hooves-in-the-temple-of-vel-cro.gb,262144,BITBITGAME,0x00,DMG,0,0x01,MBC1,MBC1,1,262144,0,0,1,other / unknown,1
stoic-software-tribute-usa,Stoic Software's Tribute to the United States,Stoic Software,GBC,demo,2001,,,entries/stoic-software-tribute-usa/Stoic Software's Tribute to the United States (PD) [C].gbc,65536,usattack,0x80,CGB enhanced,1,0x01,MBC1,MBC1,1,65536,8192,0,1,other / unknown,1
stone-box,Stone box,lookc,,game,2022,,,entries/stone-box/game.gb,131072,AACAIXA,0xC0,CGB only,0,0x1B,MBC5+RAM+BATTERY,MBC5,1,131072,32768,1,1,GB Studio 3+,0
stopwatch-version-1,StopWatch Version 1,Chris Antonellis,GB,tool,,,,entries/stopwatch-version-1/stopwatch-v1.gb,32768,Gameboy Program,0x00,DMG,0,0x1A,MBC5+RAM,MBC5,1,32768,8192,0,1,other / unknown,1
stormplay_operation-followthrough,Operation: Followthrough,Cobra!,GB,game,,,event:gbcompo25,entries/stormplay_operation-followthrough/files/OPERATIONFOLLOWTHROUGH_Jam.gb,32768,LOGO,0x00,DMG,1,0x1B,MBC5+RAM+BATTERY,MBC5,1,32768,32768,1,1,GBDK-2020 (C),1
stripped,Stripped,Triad,GBC,demo,2000,,,entries/stripped/stripped.gbc,32768,TRIAD/STRIPPED,0x80,CGB enhanced,0,0x00,ROM ONLY,none,1,32768,0,0,1,other / unknown,1
stroker,Stroker,,GB,tool,,,,entries/stroker/stroker.gb,3460,STROKER.GB,0x00,DMG,0,0x00,ROM ONLY,none,1,32768,0,0,0,other / unknown,1
studio-anchor_dropblox,DropBlox!,studio-anchor,GB,game,,,gbcompo;gbcompo2025;event:gbcompo25,entries/studio-anchor_dropblox/files/dropblox!_prealpha_jam.gb,524288,DROP-BLOX,0x80,CGB enhanced,1,0x1E,MBC5+RUMBLE+RAM+BATTERY,MBC5,1,524288,32768,1,1,GBDK-2020 (C),1
stunner,STUNNER,Mindbleach,,game,,,gbcompo21,entries/stunner/tunnel.gb,32768,,0x00,DMG,0,0x00,ROM ONLY,none,1,32768,0,0,1,GBDK-2020 (C),1
sukus__towizz,Towizz,sukus,,game,2023,,event:gbcompo23,entries/sukus__towizz/towizz_jam.gb,65536,07 TOWIZZ,0x80,CGB enhanced,0,0x01,MBC1,MBC1,1,65536,0,0,1,other / unknown,1
sunnychowtheguy__kaijukaikai,Kaiju Kai Kai,SunnyChowTheGuy,,game,2023,,event:gbcompo23,entries/sunnychowtheguy__kaijukaikai/KaijuKaiKai_jam.gb,524288,KAIJUKAIKAI,0xC0,CGB only,0,0x1B,MBC5+RAM+BATTERY,MBC5,1,524288,32768,1,1,GB Studio 3+,0
suns-dojo,Sun's Dojo,Golden PSP,,game,,,gbcompo21,entries/suns-dojo/SunsDojo_v3.gbc,32768,SUNSDOJO,0xC0,CGB only,0,0x00,ROM ONLY,none,1,32768,0,0,1,GBDK-2020 (C),0
sunset-hellgate,Sunset Hellgate,Matt Carr,,game,,,gbcompo21,entries/sunset-hellgate/SunsetHellgate.gb,131072,,0x00,DMG,0,0x03,MBC1+RAM+BATTERY,MBC1,1,131072,32768,1,1,GBDK-2020 (C),1
super-bunny-mission,Super Bunny Mission,SÅdoDev,GB,game,2023,,event:gbshowdown23,entries/super-bunny-mission/SuperBunnyMission.gb,262144,SHOWDOWN,0xC0,CGB only,0,0x10,MBC3+TIMER+RAM+BATTERY,MBC3,1,262144,32768,1,1,GB Studio 3+,0
super-catacomb,Super Catacomb,Trangram Games,GB,game,,,,entries/super-catacomb/catacomb.gb,32768,CATACOMB,0x00,DMG,0,0x00,ROM ONLY,none,1,32768,0,0,1,other / unknown,1
super-impostor-bros,SUPER IMPOSTOR BROS.,Lumpy,,game,,,,entries/super-impostor-bros/Super_Imposter_Bros.gb,1048576,AMONGUSGB,0xC0,CGB only,0,0x1B,MBC5+RAM+BATTERY,MBC5,1,1048576,32768,1,1,GBDK-2020 (C),0
super-jacked-up-tomato-face-johnson,,"['GumpyFunction', 'Vault Kid']",,game,2022,,,entries/super-jacked-up-tomato-face-johnson/Super_Jacked_Up_Tomato_Face_Johnson_v2.3.gbc,524288,JUMPPLATFORMERT,0xC0,CGB only,0,0x1B,MBC5+RAM+BATTERY,MBC5,1,524288,32768,1,1,GB Studio 3+,0
super-ninja,Super Ninja,TornPocket Production,GBC,game,2001,,,entries/super-ninja/super_ninja.gbc,65536,Super_Ninja,0x80,CGB enhanced,0,0x01,MBC1,MBC1,1,65536,0,0,1,other / unknown,1
super-princess-2092,Super Princess' 2092 Exodus,Zalo,GB,game,,,,entries/super-princess-2092/super-princess-2092.gb,131072,GBJAM2016,0x00,DMG,0,0x01,MBC1,MBC1,1,131072,0,0,1,other / unknown,1
superconnard,Super Connard,furrtek,GB,game,,CC-BY-NC-SA-4.0,,entries/superconnard/sc_prod.gb,32768,SUPERCONNARD,0x00,DMG,0,0x00,ROM ONLY,none,1,32768,0,0,1,other / unknown,1
sushi,sushi,justsid,GB,game,,,,entries/sushi/sushi.gb,32768,SUSHI,0x00,DMG,0,0x00,ROM ONLY,none,1,32768,0,0,1,other / unknown,1
sushi-nights,Sushi Nights,Zalo,,game,2021,MIT,gbcompo21;gbcompo21-shortlist,entries/sushi-nights/SushiNights.gb,131072,,0x00,DMG,0,0x01,MBC1,MBC1,1,131072,0,0,1,GBDK-2020 (C),1
sworld-2,SWorld 2,Bug Skull Games,GBC,game,,,,entries/sworld-2/SWorld2.gbc,131072,S_World_2,0x80,CGB enhanced,0,0x03,MBC1+RAM+BATTERY,MBC1,1,131072,2048,1,1,other / unknown,1
syfartistry_memory-loop,Memory Loop,syfartistry,GBC,game,,,event:gbcompo25,entries/syfartistry_memory-loop/files/MEMORY LOOP_jam.gbc,262144,RECALL,0xC0,CGB only,0,0x1E,MBC5+RUMBLE+RAM+BATTERY,MBC5,1,262144,32768,1,1,GB Studio 3+,0
syfartistry_memory-palace,MEMORY PALACES,syfartistry,GBC,game,,,event:gbcompo25,entries/syfartistry_memory-palace/files/MEMORYPALACE_jam .gbc,1048576,YJIUKI,0xC0,CGB only,0,0x1E,MBC5+RUMBLE+RAM+BATTERY,MBC5,1,1048576,32768,1,1,GB Studio 3+,0
t-rex,T-Rex,Alejandro Delgado,GB,game,,,,entries/t-rex/t-rex.gb,32768,ROM,0x00,DMG,0,0x00,ROM ONLY,none,1,32768,0,0,1,other / unknown,1
t2,T2,Megaman_X,GB,demo,1998,,,entries/t2/T2.GB,524288,MEGAMAN_X T2DEMO,0x4F,DMG,0,0x01,MBC1,MBC1,1,524288,0,0,1,other / unknown,1
taeyukki_longing-for-life-demo,Longing for Life [Demo],taeyukki,GB,game,,,event:gbcompo25,entries/taeyukki_longing-for-life-demo/files/Longing-for-Life_jam.gb,262144,LONGINGFORLIFE,0x00,DMG,0,0x1E,MBC5+RUMBLE+RAM+BATTERY,MBC5,1,262144,32768,1,1,GB Studio 3+,1
takago__mask-of-majiatros,Mask of Majiatros,Takago,,game,2023,,event:gbcompo23,entries/takago__mask-of-majiatros/MASKOFMAJIATROS_jam.gb,524288,GBCOMPOGAME,0xC0,CGB only,0,0x1B,MBC5+RAM+BATTERY,MBC5,1,524288,32768,1,1,GB Studio 3+,0
takago_desertion,Desertion,Takago,GB,game,,,event:gbcompo25,entries/takago_desertion/files/DESERTION_jam.gb,262144,SANDFISHING,0xC0,CGB only,0,0x1E,MBC5+RUMBLE+RAM+BATTERY,MBC5,1,262144,32768,1,1,GB Studio 3+,0
take-care-of-yourself-version-100,Take Care Of Yourself (Version 1.0.0),DeltaGardner,GB,tool,,,,entries/take-care-of-yourself-version-100/tcoy.gb,32768,TCOY,0x00,DMG,0,0x00,ROM ONLY,none,1,32768,0,0,1,other / unknown,1
talking-gb,Talking GB - Pi to 20 decimal places in English,Jeff Frohwein,GB,demo,1997,,,entries/talking-gb/PI.GB,32768,PI SPEAK DEMO,0x00,DMG,0,0x00,ROM ONLY,none,1,32768,0,0,1,other / unknown,1
tam-bitmap-demo,Tam Bitmap Demo,,GB,demo,1999,,,entries/tam-bitmap-demo/Tam Bitmap Demo (PD).gb,32768,TAM,0x00,DMG,0,0x00,ROM ONLY,none,1,32768,0,0,1,other / unknown,1
tardigrade-nx_game-of-life-kuzushi,Game of Life Kuzushi,Tardigrade,GB,game,,,event:gbcompo25,entries/tardigrade-nx_game-of-life-kuzushi/files/Game of Life Kuzushi (v1.0).gb,65536,GOLKUZUSHI,0x00,DMG,0,0x1B,MBC5+RAM+BATTERY,MBC5,1,65536,8192,1,1,GBDK-2020 (C),1
tardigrade-nx_logic-island,Logic Island,Tardigrade,GB,game,,,,entries/tardigrade-nx_logic-island/files/LogicIsland-v2.1.gb,32768,LOGICISLAND,0x00,DMG,0,0x1B,MBC5+RAM+BATTERY,MBC5,1,32768,32768,1,1,GBDK-2020 (C),1
tech-and-blood,Tech and Blood,Roseum Team,,game,,,gbcompo21,entries/tech-and-blood/game.gb,262144,VN TEST,0x00,DMG,0,0x1B,MBC5+RAM+BATTERY,MBC5,1,262144,32768,1,1,GBDK-2020 (C),1
telling-lys,Telling LYs?,tepples,GB,demo,2018,,,entries/telling-lys/tellinglys.gb,32768,FIRSTWHITE,0x00,DMG,0,0x00,ROM ONLY,none,1,32768,0,0,1,other / unknown,1
temple-of-velcro-sticky-hooves-in-the,"Temple of Velcro, Sticky Hooves in the",,GB,game,,,,entries/temple-of-velcro-sticky-hooves-in-the/templeofvelcro.gb,262144,BITBITGAME,0x00,DMG,0,0x01,MBC1,MBC1,1,262144,0,0,1,other / unknown,1
tendonin,Tendonin,Rebels,GB,demo,,,,entries/tendonin/tendonin.gb,4194304,,0x00,DMG,0,0x1A,MBC5+RAM,MBC5,1,4194304,8192,0,1,GBDK-2020 (C),1
terminator-2,Terminator 2,Megaman_X,GB,demo,1999,,,entries/terminator-2/T2.gb,1048576,TERMINATR2VIDEO,0x00,DMG,0,0x01,MBC1,MBC1,1,1048576,0,0,1,other / unknown,1
test-menu-v1-2-5,Test Menu V1.2 +5,Resistance,GBC,demo,2002,,,entries/test-menu-v1-2-5/test-menu-v1-2-5.gbc,11391,`&`&`&`,0x60,DMG,0,0x98,UNKNOWN,UNKNOWN,0,11391,0,0,0,other / unknown,0
the-adventures-and-misadventures-of-three-friendly-animals-part-4,The Adventures and Misadventures of Three FriendlyÂ Animals:Â PartÂ 4,thincavalcanti,GB,game,2023,,event:gbshowdown23,entries/the-adventures-and-misadventures-of-three-friendly-animals-part-4/TAMTFA.gb,262144,JOGUINHO,0xC0,CGB only,0,0x1B,MBC5+RAM+BATTERY,MBC5,1,262144,32768,1,1,GB Studio 3+,0
the-bouncing-ball,The Bouncing Ball,HuCABBAGE,GB,game,,,,entries/the-bouncing-ball/THEBOUNCINGBALL.GB,65536,THEBOUNCINGBALL,0x00,DMG,0,0x01,MBC1,MBC1,1,65536,0,0,1,other / unknown,1
the-chorus-continues,The Chorus Continues,Inversion,GB,demo,2023,,,entries/the-chorus-continues/the-chorus-continues.gb,28304022,JT;)!e<]D,0xBB,CGB enhanced,0,0xCB,UNKNOWN,UNKNOWN,0,28304022,0,0,0,other / unknown,0
the-clock-maze,The Clock Maze,Cordelia Goode,,game,,,,entries/the-clock-maze/game.gb,131072,MAZE,0x00,DMG,0,0x1B,MBC5+RAM+BATTERY,MBC5,1,131072,32768,1,1,GB Studio 3+,1
the-delivery-by-gallocode,The Delivery  by GalloCode,GalloCode,,game,,,gbcompo21,entries/the-delivery-by-gallocode/The-Delivery.gb,262144,GBAPP,0x00,DMG,0,0x1B,MBC5+RAM+BATTERY,MBC5,1,262144,32768,1,1,GBDK-2020 (C),1
the-dungeon-masters,The Dungeon Masters (Pooh and Tigger's Hunny Safari +7),Dual Crew & Shining,GBC,demo,2002,,,entries/the-dungeon-masters/dcs-t_02.gbc,32768,DCS MENU 02,0xC0,CGB only,0,0x00,ROM ONLY,none,1,32768,0,0,1,other / unknown,0
the-faerie-princess-version-110,The Faerie Princess (Version 1.1.0),Videlais,GB,game,,,,entries/the-faerie-princess-version-110/the-faerie-princess.gb,524288,MAIN,0x00,DMG,0,0x03,MBC1+RAM+BATTERY,MBC1,1,524288,0,1,1,other / unknown,1
the-fetch-quest,The Fetch Quest,BanDana,GB,game,2023,,event:gbshowdown23,entries/the-fetch-quest/game.gb,262144,FRENDBTADVENTUR,0x00,DMG,0,0x1B,MBC5+RAM+BATTERY,MBC5,1,262144,32768,1,1,GB Studio 3+,1
the-forest-hero,The Forest Hero,Geckoball,,game,,,gbcompo21,entries/the-forest-hero/The_Forest_Hero.gb,524288,THE FOREST HERO,0x80,CGB enhanced,0,0x1B,MBC5+RAM+BATTERY,MBC5,1,524288,32768,1,1,GBDK-2020 (C),1
the-friendly-cpu,The Friendly CPU,Bad_Dad,GB,game,2023,,event:gbshowdown23,entries/the-friendly-cpu/friendly_CPU.gb,131072,FRIENDLYCPU,0x00,DMG,0,0x1B,MBC5+RAM+BATTERY,MBC5,1,131072,32768,1,1,GB Studio 3+,1
the-gameboy-demo-collection,The Gameboy Demo Collection,Revival Studios,GB,demo,,,,entries/the-gameboy-demo-collection/the-gameboy-demo-collection.gb,32768,DEMO2,0x00,DMG,0,0x00,ROM ONLY,none,1,32768,0,0,1,other / unknown,1
the-garden-of-thyme,The Garden of Thyme,Aidan Mitchell,,game,,,,entries/the-garden-of-thyme/game.gb,262144,GARDENOFTHYME,0xC0,CGB only,0,0x1B,MBC5+RAM+BATTERY,MBC5,1,262144,32768,1,1,GB Studio 3+,0
the-horrible-demon,The Horrible Demon,Bertil Hörberg,GB,game,,,event:bung-2nd-coding-compo,entries/the-horrible-demon/The Horrible Demon.gb,32768,DEMON,0x00,DMG,0,0x00,ROM ONLY,none,1,32768,0,0,1,other / unknown,1
the-horrible-demon-3,The Horrible Demon 3,Bertil Hörberg,GBC,game,,,,entries/the-horrible-demon-3/TheHorribleDemon3.gbc,262144,TEMP,0x80,CGB enhanced,0,0x02,MBC1+RAM,MBC1,1,262144,0,0,1,other / unknown,1
the-horrible-demon-iv-v0-1,The Horrible Demon 4,Bertil Hörberg,GBC,game,2001,,event:freedom-2001-gameboy-developers-competition,entries/the-horrible-demon-iv-v0-1/THD4.gbc,262144,THD4,0x80,CGB enhanced,0,0x02,MBC1+RAM,MBC1,1,262144,0,0,1,other / unknown,1
the-horrid-demon,The Horrid Demon,Bertil Hörberg,GB,game,,,event:bung-3rd-coding-compo,entries/the-horrid-demon/Horrid.gb,32768,HORRID,0x00,DMG,0,0x00,ROM ONLY,none,1,32768,0,0,1,other / unknown,1
the-last-splash,The Last Splash (Shantae +8),Dual Crew & Shining,GBC,demo,2002,,,entries/the-last-splash/dcs-t_03.gbc,32768,DCS MENU 03,0xC0,CGB only,0,0x00,ROM ONLY,none,1,32768,0,0,1,other / unknown,0
the-legendary-adventure-of-buck-quickshot,The Legendary Adventure of Buck Quickshot!,wbutz1,,game,,,gbcompo21,entries/the-legendary-adventure-of-buck-quickshot/TheLegendaryAdventureofBuckQuickshot_V2.gb,524288,NEW SHERIFF IN,0xC0,CGB only,0,0x1B,MBC5+RAM+BATTERY,MBC5,1,524288,32768,1,1,GBDK-2020 (C),0
the-machine,The Machine,BenJelter,,game,,,,entries/the-machine/Machine_DEMO_v1_1.gb,2097152,THE MACHINE,0xC0,CGB only,0,0x1B,MBC5+RAM+BATTERY,MBC5,1,2097152,32768,1,1,GBDK-2020 (C),0
the-matrix,The Matrix,Megaman_X,GB,demo,1999,,,entries/the-matrix/Matrix.gb,1048576,THEMATRIX VIDEO,0x00,DMG,0,0x01,MBC1,MBC1,1,1048576,0,0,1,other / unknown,1
the-maze,The Maze,CWB Game Studio,,game,,,gbcompo21,entries/the-maze/the_maze.gb,262144,THE MAZE,0x80,CGB enhanced,0,0x1B,MBC5+RAM+BATTERY,MBC5,1,262144,32768,1,1,GBDK-2020 (C),1
the-maze-the-3-clocks,The Maze & The 3 clocks,argentgold,,game,,,,entries/the-maze-the-3-clocks/The_Maze_&_The_3_clocks.gb,131072,THE MAZE  THE 3,0x00,DMG,0,0x1B,MBC5+RAM+BATTERY,MBC5,1,131072,32768,1,1,GBDK-2020 (C),1
the-other-alarm-clock,ClockBoy - The Other Alarm Clock,pixjuan,,game,,,gbcompo21,entries/the-other-alarm-clock/the_other_alarm2.gb,131072,ALARMA,0x00,DMG,0,0x10,MBC3+TIMER+RAM+BATTERY,MBC3,1,131072,8192,1,1,GBDK-2020 (C),1
the-pacifist,The Pacifist,Rico Harbor,GB,game,2023,,event:gbshowdown23,entries/the-pacifist/ThePacifist_GBSD-2023.gbc,524288,THEPACIFIST,0xC0,CGB only,0,0x1B,MBC5+RAM+BATTERY,MBC5,1,524288,32768,1,1,GB Studio 3+,0
the-princess-and-the-pauper,The Princess & The Pauper,Jason Thompson,GBC,game,,,event:freedom-2001-gameboy-developers-competition,entries/the-princess-and-the-pauper/princess.GBC,524288,princess,0x80,CGB enhanced,1,0x1E,MBC5+RUMBLE+RAM+BATTERY,MBC5,1,524288,8192,1,1,other / unknown,1
the-ritual,The Ritual,Patchwork Games,GB,game,,,,entries/the-ritual/the-ritual.gb,65536,The Ritual,0x20,DMG,0,0x01,MBC1,MBC1,1,65536,0,0,1,other / unknown,1
the-roadhog-frog,The Roadhog Frog,Psychedelic Bear,GB,game,2020,,,entries/the-roadhog-frog/ROADHOG_FROG.GB,32768,FROG CYCLER,0x00,DMG,0,0x00,ROM ONLY,none,1,32768,0,0,1,other / unknown,1
the-shelter,The shelter,Selbryn,GB,game,2023,,event:gbshowdown23,entries/the-shelter/TheShelter.gb,262144,GBSHOWDOWN,0x00,DMG,0,0x1B,MBC5+RAM+BATTERY,MBC5,1,262144,32768,1,1,GB Studio 3+,1
the-squire-gameboy,The Squire (Gameboy),freshdeus,,game,,,gbcompo21,entries/the-squire-gameboy/The_Squire.gbc,262144,,0x80,CGB enhanced,0,0x01,MBC1,MBC1,1,262144,0,0,1,GBDK-2020 (C),1
the-syntax-pocket-party,The Syntax Pocket Party,Beige,GB,demo,,,,entries/the-syntax-pocket-party/the-syntax-pocket-party.gb,131072,,0x00,DMG,0,0x01,MBC1,MBC1,1,131072,0,0,1,GBDK-2020 (C),1
the-tale-of-two-dreams,The Tale Of Two Dreams,lukemm12,GB,game,2023,,event:gbshowdown23,entries/the-tale-of-two-dreams/game.gb,131072,GBSHOWDOWN,0xC0,CGB only,0,0x1B,MBC5+RAM+BATTERY,MBC5,1,131072,32768,1,1,GB Studio 3+,0
the-trials-of-goodbye,The Trials of Goodbye,Yasmine,GB,game,2023,,event:gbshowdown23,entries/the-trials-of-goodbye/game.gb,262144,FINAL,0xC0,CGB only,0,0x1B,MBC5+RAM+BATTERY,MBC5,1,262144,32768,1,1,GB Studio 3+,0
thedarktiger_crate-pusher,Crate Pusher,[TheDarkTiger],GB,game,,,event:gbcompo25,entries/thedarktiger_crate-pusher/files/CRATEPUSHER_jam.gb,32768,,0x00,DMG,0,0x00,ROM ONLY,none,1,32768,0,0,1,GBDK-2020 (C),1
they-are-everywhere-version-010,They Are Everywhere (Version 0.1.0),Refresh Games,GB,tool,,,,entries/they-are-everywhere-version-010/tae-multibank.gb,131072,MAIN,0x00,DMG,0,0x02,MBC1+RAM,MBC1,1,131072,8192,0,1,other / unknown,1
they-came-from-outer-space,They came from outer space...,Carcatau Development,GB,game,1998,,,entries/they-came-from-outer-space/tcfos.gb,65536,They came from.,0x00,DMG,1,0x01,MBC1,MBC1,1,65536,0,0,1,other / unknown,1
thin-ice-rescue,Thin Ice Rescue,snorpung,GB,game,,,,entries/thin-ice-rescue/thin-ice-rescue.gb,32768,THIN ICE,0x00,DMG,0,0x00,ROM ONLY,none,1,32768,0,0,1,other / unknown,1
thing,Thing,g0blinish,GBC,demo,2014,,,entries/thing/Thing.gbc,32768,GB-THING,0xC0,CGB only,0,0x00,ROM ONLY,none,1,32768,0,0,1,other / unknown,0
this-side-up,This Side Up,Amuq Creations,GB,demo,2004,,,entries/this-side-up/q-tsu.gb,131072,THIS SIDE UP,0x00,DMG,0,0x01,MBC1,MBC1,1,131072,0,0,1,other / unknown,1
tic-tac-earth,Tic Tac Earth,JH10,,game,,,,entries/tic-tac-earth/TicTacEarth2805JamVersion.gb,1048576,PROJET TIC TAC,0x00,DMG,0,0x1B,MBC5+RAM+BATTERY,MBC5,1,1048576,32768,1,1,other / unknown,1
tic-tac-toe,Tic-Tac-Toe,Johnny13,GB,game,,,,entries/tic-tac-toe/TicTacToe.GB,32768,,0xC0,CGB only,0,0x00,ROM ONLY,none,1,32768,0,0,1,other / unknown,0
tic-tac-toe_1,GB Tic-Tac-Toe,Norman Nithman,GB,game,1996,,,entries/tic-tac-toe_1/GBTICTAC.GB,32768,TIC-TAC-TOE,0x00,DMG,0,0x00,ROM ONLY,none,1,32768,0,0,0,other / unknown,1
tiles-johnny13,Tiles by Johnny13,,GBC,tool,2001,,,entries/tiles-johnny13/Tiles by Johnny13 (PD) [C].gbc,32768,TILES,0xC0,CGB only,0,0x00,ROM ONLY,none,1,32768,0,0,1,other / unknown,0
time-detective,Time Detective,Wessie,,game,2022,,,entries/time-detective/game.gb,262144,TIMEDETECTIVE,0xC0,CGB only,0,0x1B,MBC5+RAM+BATTERY,MBC5,1,262144,32768,1,1,GB Studio 3+,0
time-travel-story,Time travel story,Leonid,,game,,,,entries/time-travel-story/game.gb,262144,STORYABOUTTIME,0x00,DMG,0,0x1B,MBC5+RAM+BATTERY,MBC5,1,262144,32768,1,1,GB Studio 3+,1
timespacewarrior__temporal-light-jem-of-twilight,Temporal Light-Jem of Twilight gamejam demo,TimeSpaceWarrior,,game,2023,,event:gbcompo23,entries/timespacewarrior__temporal-light-jem-of-twilight/Temporal_Light-Jem_of_twilight-updated.gbc,2097152,TEMPORALLIGHTJE,0xC0,CGB only,1,0x1B,MBC5+RAM+BATTERY,MBC5,1,2097152,32768,1,1,GB Studio 3+,0
timespacewarrior_temporal-lightprelude-to-hyperion,Temporal Light:Prelude to Hyperion,TimeSpaceWarrior,GB,game,,,event:gbcompo25,entries/timespacewarrior_temporal-lightprelude-to-hyperion/files/prelude to hyperion-standard version_jam.gb,2097152,PREHYPERTEMPORA,0xC0,CGB only,1,0x1E,MBC5+RUMBLE+RAM+BATTERY,MBC5,1,2097152,32768,1,1,GB Studio 3+,0
tiny-dancer,Tiny Dancer,Patchwork Games,GB,game,,,,entries/tiny-dancer/tiny-dancer.gb,65536,Tiny Dancer,0x00,DMG,0,0x01,MBC1,MBC1,1,65536,0,0,1,other / unknown,1
tiny-grasshopper-goes-away,Tiny Grasshopper Goes Away,BunnyMnemonic,,game,,,gbcompo21,entries/tiny-grasshopper-goes-away/grasshopper_1-4.gb,262144,GRASSHOPPER,0xC0,CGB only,0,0x1B,MBC5+RAM+BATTERY,MBC5,1,262144,32768,1,1,GBDK-2020 (C),0
tinymirrorboy,tinymirrorboy,basxto,GBC,demo,2022,,,entries/tinymirrorboy/tinymirrorboy.gbc,33801232,+KTI7B,0x00,DMG,0,0x40,UNKNOWN,UNKNOWN,0,32768,0,0,0,other / unknown,0
titanic-2000-demo,Titanic 2000 (demo),,GBC,game,1999,,,entries/titanic-2000-demo/Titantic 2000 Demo (PD) [C].gb,32768,fatality scroll,0x80,CGB enhanced,0,0x02,MBC1+RAM,MBC1,1,32768,32768,0,1,other / unknown,1
tizummo_piranesian,Piranesian,Timo,GB,game,,,event:gbcompo25,entries/tizummo_piranesian/files/Piranesian.gb,262144,PIRANESIAN,0x00,DMG,0,0x1E,MBC5+RUMBLE+RAM+BATTERY,MBC5,1,262144,32768,1,1,GB Studio 3+,1
tlc1018__bloodmoon,BLOODMOON,Tlc1018,,game,2023,,event:gbcompo23,entries/tlc1018__bloodmoon/BLOODMOON.gb,1048576,BLOODMOON,0xC0,CGB only,0,0x1B,MBC5+RAM+BATTERY,MBC5,1,1048576,32768,1,1,GB Studio 3+,0
to-the-lighthouse,To The Lighthouse!,Titan,GBC,demo,2022,,,entries/to-the-lighthouse/to-the-lighthouse.gbc,43417492,p3?k,0x6B,DMG,0,0x47,UNKNOWN,UNKNOWN,0,43417492,0,0,0,other / unknown,0
tobutobugirl,Tobu Tobu Girl,Tangram Games,GB,game,2017,MIT,,entries/tobutobugirl/tobu.gb,262144,TOBU,0x00,DMG,0,0x03,MBC1+RAM+BATTERY,MBC1,1,262144,8192,1,1,other / unknown,1
tobutobugirldeluxe,Tobu Tobu Girl Deluxe,Tangram Games,GB,game,,MIT,,entries/tobutobugirldeluxe/tobudx.gb,262144,TOBUDX,0x80,CGB enhanced,1,0x03,MBC1+RAM+BATTERY,MBC1,1,262144,8192,1,1,other / unknown,1
tochi,Tochi,Ben Hopkins,GBC,game,2000,,,entries/tochi/tochi.gbc,32768,TOCHI,0xC0,CGB only,0,0x00,ROM ONLY,none,1,32768,0,0,1,other / unknown,0
together-alone,Together Alone,"['-ã\x80\x90 Ê\x8e É\x9f É\x9f n Ê\x8d ~ o É\x94 á´\x89 u ã\x80\x91-', 'Miyulake']",GB,game,2023,,event:gbshowdown23,entries/together-alone/TogetherAlone.gb,524288,TOGETHERALONE,0x00,DMG,1,0x1B,MBC5+RAM+BATTERY,MBC5,1,524288,32768,1,1,GB Studio 3+,1
tom-atom,Tom Atom,Small Blue Cube,GBC,game,2002,,,entries/tom-atom/tomatom.gbc,131072,TOM ATOM 1,0x80,CGB enhanced,0,0x1B,MBC5+RAM+BATTERY,MBC5,1,131072,2048,1,1,other / unknown,1
tonka-construction-site-6,Tonka Construction Site +6,Phantasy,GBC,demo,2003,,,entries/tonka-construction-site-6/tonka-construction-site-6.gbc,12777,VXaVXaVXaV,0x56,DMG,0,0x15,UNKNOWN,UNKNOWN,0,12777,0,0,0,other / unknown,0
tonywang_gbb-reversi,GB BASIC - Starter Kit - Reversi,Tony Wang,GB,game,,,event:gbcompo25,entries/tonywang_gbb-reversi/files/Reversi_gbcompo25_jam.gb,262144,Reversi #gb,0x80,CGB enhanced,0,0x1B,MBC5+RAM+BATTERY,MBC5,1,262144,8192,1,1,GBDK-2020 (C),1
torysciacca_bababal,Bababal,Tory Sciacca,GB,game,,,event:gbcompo25,entries/torysciacca_bababal/files/Bababal_Jam.gb,262144,BABABAL,0xC0,CGB only,0,0x1E,MBC5+RUMBLE+RAM+BATTERY,MBC5,1,262144,32768,1,1,GB Studio 3+,0
totp-gb,totp-gb,dmang-dev,GB,tool,,MIT,,entries/totp-gb/totp-gb.gb,32768,,0x00,DMG,1,0x10,MBC3+TIMER+RAM+BATTERY,MBC3,1,32768,8192,1,1,GBDK-2020 (C),1
touhou-gb,Touhou GB,gnmmarechal,GB,,,,,entries/touhou-gb/touhou-gb.gb,32768,TOUHOU GB,0x80,CGB enhanced,0,0x00,ROM ONLY,none,1,32768,0,0,1,other / unknown,1
touhou-gb-version-02,Touhou GB (Version 0.2),Xephyr,GB,game,2015,,,entries/touhou-gb-version-02/touhou_winter.gb,32768,TOUHOU GB,0x80,CGB enhanced,0,0x00,ROM ONLY,none,1,32768,0,0,1,other / unknown,1
tower-of-hanoi,Tower Of Hanoi,makrill,GB,game,,,,entries/tower-of-hanoi/tower-of-hanoi.gb,32768,TOWER OF HANOI,0x00,DMG,0,0x00,ROM ONLY,none,1,32768,0,0,1,other / unknown,1
towers-ii-plight-of-the-stargazer,Towers II: Plight of the Stargazer,JVGames,GBC,,,,,entries/towers-ii-plight-of-the-stargazer/TOWERS.GBC,1048576,TOWERS IIBTOE,0xC0,CGB only,0,0x1B,MBC5+RAM+BATTERY,MBC5,1,1048576,8192,1,1,other / unknown,0
toytoy-v1-1,ToyToy v1.1,9wires,GBC,game,,,,entries/toytoy-v1-1/toytoy.gbc,262144,TOYTOYXXXX,0xC0,CGB only,0,0x19,MBC5,MBC5,1,262144,0,0,1,other / unknown,0
trabant,Trabant,NotImplementedLife,,game,,GPL-3.0-only,gbcompo21,entries/trabant/Trabant_1_3.gbc,32768,TRABANTTRBT,0xC0,CGB only,0,0x00,ROM ONLY,none,1,32768,0,0,1,other / unknown,0
train-bandits,Train Bandits,reinagaoka,,game,,,gbcompo21,entries/train-bandits/001_Train_Bandits.gb,524288,BANDIT TRAINS,0x80,CGB enhanced,0,0x1B,MBC5+RAM+BATTERY,MBC5,1,524288,32768,1,1,GBDK-2020 (C),1
traumatarium,Traumatarium,Horatiu.nyc,,game,,,,entries/traumatarium/Traumatarium_GB.gb,2097152,TRAUMATARIUM,0x00,DMG,0,0x1B,MBC5+RAM+BATTERY,MBC5,1,2097152,32768,1,1,GB Studio 3+,1
trickle-greenweed-mermaid-at-law-in-christmas-catastrophe,Trickle Greenweed Mermaid at Law in Christmas Catastrophe,reverendmalerik,,game,,,gbcompo21,entries/trickle-greenweed-mermaid-at-law-in-christmas-catastrophe/game.gb,2097152,TRICKLE GREENWE,0x00,DMG,0,0x1B,MBC5+RAM+BATTERY,MBC5,1,2097152,32768,1,1,GBDK-2020 (C),1
tridball,Tridball,Aaron St. John,GBC,game,,,,entries/tridball/Tridball.gbc,32768,tridball,0x80,CGB enhanced,0,0x00,ROM ONLY,none,1,32768,0,0,1,other / unknown,1
trollkonst__trollmother,Trollmother,Trollkonst,,game,2023,,event:gbcompo23,entries/trollkonst__trollmother/trollmother_jam.gb,524288,MONSTER,0xC0,CGB only,0,0x1B,MBC5+RAM+BATTERY,MBC5,1,524288,32768,1,1,GB Studio 3+,0
trollkonst_peasant-republic,Peasant Republic,Trollkonst,GBC,game,,,event:gbcompo25,entries/trollkonst_peasant-republic/files/peasant_republic_jam.gbc,262144,PEASANTREPUBLIC,0xC0,CGB only,0,0x1E,MBC5+RUMBLE+RAM+BATTERY,MBC5,1,262144,32768,1,1,GB Studio 3+,0
tropical-persuasion,Tropical Persuasion,HighTowerBK,GB,game,2023,,event:gbshowdown23,entries/tropical-persuasion/Tropical_Persuasion.gb,131072,ISLANDGAME,0xC0,CGB only,0,0x1B,MBC5+RAM+BATTERY,MBC5,1,131072,32768,1,1,GB Studio 3+,0
trouble-city-pocket-mission,Trouble City Pocket Mission,Sky Pirate Studios,,game,,,gbcompo21,entries/trouble-city-pocket-mission/TroubleCity_1.10.21.gb,524288,TROUBLE CITY GB,0xC0,CGB only,0,0x1B,MBC5+RAM+BATTERY,MBC5,1,524288,32768,1,1,GBDK-2020 (C),0
true-lies-1,True Lies +1,Asgard,GB,demo,2006,,,entries/true-lies-1/ASG-T_01.GB,524288,TRUE LIES +1,0x20,DMG,0,0x01,MBC1,MBC1,1,524288,0,0,0,other / unknown,1
trve-metal-crossing,Trve Metal Crossing,Scotaire,GB,game,2023,,event:gbshowdown23,entries/trve-metal-crossing/game.gb,262144,TRVEMETALCROSSI,0x00,DMG,0,0x1B,MBC5+RAM+BATTERY,MBC5,1,262144,32768,1,1,GB Studio 3+,1
tuff,Tuff,BonsaiDen,GB,game,,MIT,,entries/tuff/game.gb,65536,TUFF,0x80,CGB enhanced,0,0x1B,MBC5+RAM+BATTERY,MBC5,1,65536,8192,1,1,other / unknown,1
tunnel-v0-1,Tunnel v0.1,Dragonslair Productions,GB,game,,,event:bung-2nd-coding-compo,entries/tunnel-v0-1/Tunnel.gb,32768,TUNNEL,0x00,DMG,0,0x00,ROM ONLY,none,1,32768,0,0,1,other / unknown,1
turbo-rc-racing,Turbo RC Racing,SkyRank Games,GB,game,2000,,,entries/turbo-rc-racing/turbo-rc-racing.gb,262144,TB,0x80,CGB enhanced,0,0x02,MBC1+RAM,MBC1,1,262144,32768,0,1,other / unknown,1
turbocharged,Turbocharged,All You Can Execute,GB,demo,2022,,,entries/turbocharged/turbocharged.gb,15882,Ytn[E,0xE7,CGB enhanced,0,0x09,ROM+RAM+BATTERY,none,1,15882,0,1,0,other / unknown,1
turkey-talk,Turkey Talk,jobalisk,GB,game,2018,,,entries/turkey-talk/turkeytalk.gb,32768,TURKEYTALK,0x00,DMG,0,0x00,ROM ONLY,none,1,32768,0,0,1,other / unknown,1
turtlepuzzle,TurtlePuzzle,UraKn0x,GB,game,,,,entries/turtlepuzzle/turtle.gb,32768,TURTLE,0xC0,CGB only,0,0x00,ROM ONLY,none,1,32768,0,0,1,other / unknown,0
tutty-demo-version,Tutty (Demo Version),R-Lab,GBC,game,2001,,,entries/tutty-demo-version/tutty.gbc,131072,TUTTI,0x80,CGB enhanced,0,0x19,MBC5,MBC5,1,131072,0,0,1,other / unknown,1
twin-peaks-meanwhile,Twin Peaks: Meanwhile,Tory Sciaccca,,game,,,gbcompo21,entries/twin-peaks-meanwhile/Twin_Peaks_Meanwhile.gb,524288,TWIN PEAKS: MEA,0x00,DMG,0,0x1B,MBC5+RAM+BATTERY,MBC5,1,524288,32768,1,1,GBDK-2020 (C),1
tyrian-2000,Tyrian 2000,World Tree Games,GB,game,2004,,,entries/tyrian-2000/t.gb,524288,Tyrian,0x80,CGB enhanced,0,0x03,MBC1+RAM+BATTERY,MBC1,1,524288,8192,1,1,other / unknown,1
tyro-shaman,Tyro Shaman,Tristan Repolusk,GBC,game,,,,entries/tyro-shaman/TyroShaman.gbc,32768,,0x00,DMG,0,0x00,ROM ONLY,none,1,32768,0,0,1,other / unknown,1
uaflag,uaflag,tepples,GB,demo,2022,,,entries/uaflag/uaflag.gb,32768,UKRAINE FLAG,0x80,CGB enhanced,1,0x00,ROM ONLY,none,1,32768,0,0,1,other / unknown,1
ucbn,UCBN,8 Cylinder,GB,tool,,,,entries/ucbn/ucbn.gb,524288,UCBNMAIN,0x00,DMG,0,0x02,MBC1+RAM,MBC1,1,524288,32768,0,1,other / unknown,1
ucity,uCity,AntonioND,GBC,game,,GPL-3.0-or-later,,entries/ucity/ucity.gbc,131072,MICROCITY,0xC0,CGB only,0,0x1B,MBC5+RAM+BATTERY,MBC5,1,131072,131072,1,1,other / unknown,0
ugb-player-demo,UGB Player Demo,Thalamus Interactive,GBC,music,1999,,,entries/ugb-player-demo/UGB Player Demo by Thalamus Interactive (PD) [C].gbc,65536,ugb music demo,0x80,CGB enhanced,0,0x01,MBC1,MBC1,1,65536,0,0,1,other / unknown,1
ultima-iii,Ultima III,Sven Carlberg,GB,game,2001,,,entries/ultima-iii/ult3.gb,1048576,ULT3,0x80,CGB enhanced,0,0x1B,MBC5+RAM+BATTERY,MBC5,1,1048576,32768,1,1,other / unknown,1
unearthed,Unearthed,BenJelter,,game,2021,,gbcompo21;gbcompo21-shortlist,entries/unearthed/Unearthed Zero.gb,2097152,UN-EARTHED,0xC0,CGB only,0,0x1B,MBC5+RAM+BATTERY,MBC5,1,2097152,32768,1,1,GBDK-2020 (C),0
unholy-2,The Unholy 2,SkyBaby,GBC,game,2000,,,"entries/unholy-2/Unholy 2, The by SkyBaby (PD) [C].gbc",131072,UNHOLY II  AAAA,0xC0,CGB only,0,0x1C,MBC5+RUMBLE,MBC5,1,131072,0,0,1,other / unknown,0
unholy-friend,Unholy Friend,tcsouza,GB,game,2023,,event:gbshowdown23,entries/unholy-friend/Unholy_Friend.gb,262144,AMIGO,0xC0,CGB only,0,0x1B,MBC5+RAM+BATTERY,MBC5,1,262144,32768,1,1,GB Studio 3+,0
unofficial-alternative-stork-party-2006-invitation,Unofficial Alternative Stork Party 2006 Invitation,Jumalauta,GB,demo,2006,,,entries/unofficial-alternative-stork-party-2006-invitation/jml-stor.gb,32768,JML_CONSOLE,0x00,DMG,0,0x00,ROM ONLY,none,1,32768,0,0,1,other / unknown,1
unseen,Unseen,Refresh Games,GB,game,,,,entries/unseen/onehourtwo.gb,32768,ONEHOURTWO,0x00,DMG,0,0x00,ROM ONLY,none,1,32768,0,0,1,other / unknown,1
unstoppable-knight,Unstoppable Knight,Rafagars,,game,,MIT,gbcompo21,entries/unstoppable-knight/knight2.gb,32768,KNIGHT,0x80,CGB enhanced,0,0x00,ROM ONLY,none,1,32768,0,0,1,GBDK-2020 (C),1
up-on-the-housetop,Up on the housetop,Jared Chansen,GB,game,,,,entries/up-on-the-housetop/up-on-the-housetop.gb,262144,UP ON THE ROOFT,0xC0,CGB only,0,0x1B,MBC5+RAM+BATTERY,MBC5,1,262144,32768,1,1,GBDK-2020 (C),0
ur4guys,U R 4 GUYS,Wolfman Digital,GBC,game,2026,CC-BY-NC-4.0,,entries/ur4guys/ur4guys.gbc,262144,UR4GUYS,0xC0,CGB only,0,0x1B,MBC5+RAM+BATTERY,MBC5,1,262144,32768,1,1,GBDK-2020 (C),0
urbanzero_bunkerboy,BunkerBoy,UrbanZero,GB,game,,,event:gbcompo25,entries/urbanzero_bunkerboy/files/BunkerBoy_jam.gb,65536,,0x00,DMG,1,0x19,MBC5,MBC5,1,65536,0,0,1,GBDK-2020 (C),1
usurper-ghoul,USURPER GHOUL,evandahm,GB,game,,,,entries/usurper-ghoul/usurperghoul.1.9.gb,524288,GHOUL,0x80,CGB enhanced,0,0x1B,MBC5+RAM+BATTERY,MBC5,1,524288,32768,1,1,GBDK-2020 (C),1
utopia,Utopia,Black Box,GBC,demo,2004,,,entries/utopia/utopia.gb,524288,UTOPIA DEMOBBOX,0xC0,CGB only,0,0x19,MBC5,MBC5,1,524288,0,0,1,other / unknown,0
vallian88__muncher,Muncher,vallian88,,game,2023,,event:gbcompo23,entries/vallian88__muncher/game.gb,262144,MONSTER,0x00,DMG,0,0x1B,MBC5+RAM+BATTERY,MBC5,1,262144,32768,1,1,GB Studio 3+,1
vcaldan,VCaldan,Julio Lemos,GB,demo,1999,,,entries/vcaldan/VCALDAN.GB,131072,VCALDAN,0x80,CGB enhanced,0,0x01,MBC1,MBC1,1,131072,0,0,1,other / unknown,1
vectrony,Vectrony,Black Thunder,GBC,demo,1999,,,entries/vectrony/vectrony.gbc,32768,VECTRONY,0xC0,CGB only,0,0x00,ROM ONLY,none,1,32768,0,0,1,other / unknown,0
veitikka-ja-visionaari,Veitikka ja visionääri,pakaste.,GB,demo,2024,,,entries/veitikka-ja-visionaari/veitikka-ja-visionaari.gb,38384,3RY?WA,0x9D,CGB enhanced,0,0x87,UNKNOWN,UNKNOWN,0,38384,0,0,0,other / unknown,0
velcroid-maikel-ortegas,"Velcroid, Maikel Ortega's",,GB,tool,,,,entries/velcroid-maikel-ortegas/velcroid-bitbitjam4version.gb,65536,TEMPLATE,0x00,DMG,0,0x01,MBC1,MBC1,1,65536,0,0,1,other / unknown,1
versatility,Versatility,The New Image,GB,demo,1998,,,entries/versatility/VERSATIL.GB,65536,VERSATILITY,0x00,DMG,0,0x01,MBC1,MBC1,1,65536,0,0,1,other / unknown,1
vertical-mess-demo,Vertical Mess Demo,,GBC,demo,1999,,,entries/vertical-mess-demo/Vertical Mess Demo (PD) [C].gbc,32768,,0x80,CGB enhanced,0,0x02,MBC1+RAM,MBC1,1,32768,32768,0,1,other / unknown,1
videogamestorytime__froggykong,Froggy Kong,VideoGameStoryTime,,game,2023,,event:gbcompo23,entries/videogamestorytime__froggykong/Froggy_Kong_jam.gbc,262144,GBCOMPO,0xC0,CGB only,0,0x1B,MBC5+RAM+BATTERY,MBC5,1,262144,32768,1,1,GB Studio 3+,0
videogamestorytime_fortune-and-glory,Fortune & Glory,VideoGameStoryTime,GBC,game,,,event:gbcompo25,entries/videogamestorytime_fortune-and-glory/files/FORTUNEANDGLORY_jam.gbc,2097152,FORTUNEANDGLORY,0xC0,CGB only,0,0x1E,MBC5+RUMBLE+RAM+BATTERY,MBC5,1,2097152,32768,1,1,GB Studio 3+,0
vip,VIP,Capital,GBC,demo,2001,,,entries/vip/vip.gb,11066,|b+E-,0xF5,CGB enhanced,0,0x09,ROM+RAM+BATTERY,none,1,11066,0,1,0,other / unknown,1
vip-5,VIP +5,Venom,GBC,demo,2001,,,entries/vip-5/vip-5.gbc,7085,@,0x0A,DMG,0,0xEA,UNKNOWN,UNKNOWN,0,7085,0,0,0,other / unknown,0
viper,Viper,Darren Scott,GB,game,,,event:bung-3rd-coding-compo,entries/viper/Viper.gb,32768,VIPERCOLOR,0x00,DMG,0,0x00,ROM ONLY,none,1,32768,0,0,1,other / unknown,1
vl2m-studio__dssd,Did Somebody Say Demo?,VL2M STUDIO,,demo,2023,,event:gbcompo23,entries/vl2m-studio__dssd/DSSD_JAM.gb,131072,DSSD,0x00,DMG,1,0x19,MBC5,MBC5,1,131072,0,0,1,GBDK-2020 (C),1
voxel,Voxel,Dox,GBC,demo,1999,,,entries/voxel/vxl.gbc,65536,VXL test,0xC0,CGB only,0,0x19,MBC5,MBC5,1,65536,0,0,1,other / unknown,0
waifu-clicker-version-100,Waifu Clicker (Version 1.0.0),Refresh Games,GB,game,,,,entries/waifu-clicker-version-100/waifu.gb,65536,WAIFU,0x00,DMG,0,0x02,MBC1+RAM,MBC1,1,65536,8192,0,1,other / unknown,1
wait-for-me,Wait For Me,Scleratile,,game,,,,entries/wait-for-me/wfm.gb,262144,WAITFORME,0x00,DMG,0,0x1B,MBC5+RAM+BATTERY,MBC5,1,262144,32768,1,1,GB Studio 3+,1
wall-defence,Wall Defence,Ventzislav Tzvetko,GBC,game,2004,,,entries/wall-defence/walldefence.gbc,32768,WALLDEFENCE,0x80,CGB enhanced,0,0x00,ROM ONLY,none,1,32768,0,0,1,other / unknown,1
wanwan,WanWan,Akino Hitoshi,GB,game,2000,,,entries/wanwan/WanWan (PD).gb,131072,WANWAN,0x00,DMG,0,0x01,MBC1,MBC1,1,131072,0,0,1,other / unknown,1
warfare11_josplanet-demo,Jo'sPlanet_demo,warfare11,GB,game,,,event:gbcompo25,entries/warfare11_josplanet-demo/files/josplanet_demo_jam.gb,131072,JOSPLANET,0x00,DMG,0,0x1E,MBC5+RUMBLE+RAM+BATTERY,MBC5,1,131072,32768,1,1,GB Studio 3+,1
wario-walking,Wario Walking,Harry Mulder,GB,demo,1997,,,entries/wario-walking/Wario_Walking.gb,32768,WARWALK1,0x00,DMG,0,0x01,MBC1,MBC1,1,32768,0,0,1,other / unknown,1
wariocraft,WarioCraft,Harry Mulder,GBC,demo,1999,,,entries/wariocraft/WarioCraft.gbc,32768,WC,0x80,CGB enhanced,0,0x00,ROM ONLY,none,1,32768,0,0,1,other / unknown,1
watch-demo,Watch Demo,,GBC,demo,2001,,,entries/watch-demo/Watch Demo for GBC (PD) [C].gbc,32768,GBWATCH,0xC0,CGB only,0,0x00,ROM ONLY,none,1,32768,0,0,1,other / unknown,0
we,We,Jumalauta,GB,demo,2009,,,entries/we/jml-we.gb,262144,JML_CONSOLE,0x00,DMG,0,0x02,MBC1+RAM,MBC1,1,262144,0,0,1,other / unknown,1
whackemon,Whackemon,Decay,GBC,game,,,,entries/whackemon/Whackemon.gbc,32768,WHACKEMON,0x80,CGB enhanced,0,0x00,ROM ONLY,none,1,32768,0,0,1,other / unknown,1
what-friends-are-for,What Friends Are For,shin,GB,game,2023,,event:gbshowdown23,entries/what-friends-are-for/What_Friends_Are_For_V1.0.gb,262144,WHATFRIENDSAREF,0x00,DMG,0,0x1B,MBC5+RAM+BATTERY,MBC5,1,262144,32768,1,1,GB Studio 3+,1
where-s-my-a500,Where's my A500 ?! (Denki Blocks),Quartex,GBC,demo,2001,,,entries/where-s-my-a500/qtx-i_01.gbc,32768,QTX INTRO 01,0xC0,CGB only,0,0x00,ROM ONLY,none,1,32768,0,0,1,other / unknown,0
where-s-the-chip-hop,Where's the Chip-Hop?,Oyd11,GBC,demo,2001,,,entries/where-s-the-chip-hop/Wheres.gbc,32768,WHERES_OYD11,0x80,CGB enhanced,0,0x00,ROM ONLY,none,1,32768,0,0,1,other / unknown,1
wheres-my-cake,Where's My Cake?,"Cabbage, Gredler",GBC,game,2016,,,entries/wheres-my-cake/cake2016.gbc,65536,CAKE2016,0x80,CGB enhanced,0,0x01,MBC1,MBC1,1,65536,0,0,1,other / unknown,1
willy-wonderworm,Willy Wonderworm,Icarus Productions,GB,game,1999,,event:bung-1st-coding-compo,entries/willy-wonderworm/pv_worm.gb,32768,WONDERWORM,0x80,CGB enhanced,0,0x19,MBC5,MBC5,1,32768,0,0,1,other / unknown,1
wing-warriors,Wing Warriors,FranMatsusaka,GB,game,2020,,,entries/wing-warriors/WingWarriors.gb,131072,WING WARRIORS,0xC0,CGB only,0,0x1B,MBC5+RAM+BATTERY,MBC5,1,131072,8192,1,1,other / unknown,0
wings-demo,Wings (Demo),,GBC,demo,2001,,,entries/wings-demo/Wings Demo (PD) [C].gbc,32768,YOPIC,0x80,CGB enhanced,0,0x02,MBC1+RAM,MBC1,1,32768,0,0,1,other / unknown,1
wink-gameboy,Wink GameBoy - Beta 5.8,Max Oakland,,game,,,,entries/wink-gameboy/Wink_&_the_Broken_Robot_Beta_5.8.gbc,2097152,WINK & THE BROK,0xC0,CGB only,0,0x1B,MBC5+RAM+BATTERY,MBC5,1,2097152,32768,1,1,GBDK-2020 (C),0
winter-taiken,Winter Taiken (trial),Parawo,GB,game,1999,,,entries/winter-taiken/taiken.gb,131072,TAIKEN,0x00,DMG,0,0x01,MBC1,MBC1,1,131072,0,0,1,other / unknown,1
wired,Wired,R-Lab,GBC,demo,2001,,,entries/wired/wired.gbc,32768,WIRED BY R-LAB,0x80,CGB enhanced,0,0x1A,MBC5+RAM,MBC5,1,32768,0,0,1,other / unknown,1
wobble-sttng,Wobble,sttng,GB,demo,2021,,,entries/wobble-sttng/wobble.gb,32768,,0x00,DMG,0,0x00,ROM ONLY,none,1,32768,0,0,1,GBDK-2020 (C),1
wobbly-celebration,Wobbly Celebration,Pasi Toska,GB,demo,,,,entries/wobbly-celebration/wobbly-celebration.gb,32768,wobbly celebrtn,0x00,DMG,0,0x00,ROM ONLY,none,1,32768,0,0,1,other / unknown,1
work-in-progress,Work In Progress,MastMark_Dev,,game,,,gbcompo21,entries/work-in-progress/game.gb,262144,FIRSTGBGAME,0x00,DMG,0,0x1B,MBC5+RAM+BATTERY,MBC5,1,262144,32768,1,1,GBDK-2020 (C),1
work-master-os,Work Master OS,A.D.Inform,,tool,,,,entries/work-master-os/workmaster.gb,524288,WORK MASTER 3.2,0x80,CGB enhanced,0,0x1B,MBC5+RAM+BATTERY,MBC5,1,524288,32768,1,1,other / unknown,1
wrecking-balloon,Wrecking Balloon,Neighto,,game,,,gbcompo21,entries/wrecking-balloon/WRECKINGBALLOON.gb,32768,WREKN-BLN,0x00,DMG,0,0x00,ROM ONLY,none,1,32768,0,0,1,other / unknown,1
wrong-way-games__sacred-meat,Sacred Meat,"[{'name': 'Wrong Way Games', 'link': 'https://wrong-way-games.itch.io'}, {'name': 'Cool Bug Games', 'link': 'https://cool-bug-games.itch.io'}]",,game,2023,,event:gbcompo23,entries/wrong-way-games__sacred-meat/Sacred_Meat_1.3_jam.gb,2097152,SACREDMEAT,0x00,DMG,0,0x1B,MBC5+RAM+BATTERY,MBC5,1,2097152,32768,1,1,GB Studio 3+,1
wwf-betrayal-5-are-you-real,WWF Betrayal +5 / Are You Real?!,Dual Crew Shining,GBC,demo,2001,,,entries/wwf-betrayal-5-are-you-real/wwf-betrayal-5-are-you-real.gbc,8106,m=I4#9%E,0x45,DMG,0,0xA7,UNKNOWN,UNKNOWN,0,8106,0,0,0,other / unknown,0
wyrmhole,WYRMHOLE,quinnp,,game,2022,MIT,,entries/wyrmhole/Wyrmhole.gb,32768,Wyrmhole,0x00,DMG,0,0x00,ROM ONLY,none,1,32768,0,0,1,other / unknown,1
xeif__feed-the-monster,FEED THE MONSTER DEMO (Game Boy Color),Xeif,,game,2023,,event:gbcompo23,entries/xeif__feed-the-monster/FeedTheMonsterDemo.gbc,524288,SINTTULO,0xC0,CGB only,0,0x1B,MBC5+RAM+BATTERY,MBC5,1,524288,32768,1,1,GB Studio 3+,0
xevious-millenium,Xevious Millennium,Matchang,GBC,game,2008,,,entries/xevious-millenium/Xevious Millennium (PD) [C].gbc,131072,GameBoy Sample,0xC0,CGB only,0,0x1B,MBC5+RAM+BATTERY,MBC5,1,131072,8192,1,1,other / unknown,0
xmas2016,Xmas 2016,,GB,music,,,,entries/xmas2016/XMAS2016PUBLICFULL.gb,32768,ASMXMAS2016u,0x00,DMG,0,0x00,ROM ONLY,none,1,32768,0,0,1,other / unknown,1
yamikurae__babau,Babau,Yami Kurae,,game,2023,,event:gbcompo23,entries/yamikurae__babau/BABAU_jam.gb,524288,LIMBOBUILD,0x00,DMG,0,0x1B,MBC5+RAM+BATTERY,MBC5,1,524288,32768,1,1,GB Studio 3+,1
yarn-ball,Yarn Ball,Patchwork Games,GB,game,,,,entries/yarn-ball/yarn-ball.gb,65536,Yarn Ball,0x00,DMG,0,0x01,MBC1,MBC1,1,65536,0,0,1,other / unknown,1
yars-revenge-v1-0,Yars Revenge v1.0,Genetic Fantasia,GB,game,,,,entries/yars-revenge-v1-0/YAR.GB,65536,YAR'S REVENGE,0x20,DMG,0,0x01,MBC1,MBC1,1,65536,0,0,1,other / unknown,1
yo-grl-makes-a-demo,Yo-grl Makes a Demo,Proxima,GB,demo,,,,entries/yo-grl-makes-a-demo/yo-grl-makes-a-demo.gb,262144,TRSE GB,0x00,DMG,0,0x03,MBC1+RAM+BATTERY,MBC1,1,262144,0,1,1,other / unknown,1
yochi-miel-the-crenalator-trials,Yochi & Miel: The Crenalator Trials,jdcarling,,game,,,gbcompo21,entries/yochi-miel-the-crenalator-trials/YOCHIMIELWEB.gb,524288,HEADSPACE,0x00,DMG,0,0x1B,MBC5+RAM+BATTERY,MBC5,1,524288,32768,1,1,GBDK-2020 (C),1
you-are-my-new-friend,You are my New friend,:>,GB,game,2023,,event:gbshowdown23,entries/you-are-my-new-friend/You_are_my_New_friend.gb,524288,YOUAREMYNEWFRIE,0x00,DMG,0,0x1B,MBC5+RAM+BATTERY,MBC5,1,524288,32768,1,1,GB Studio 3+,1
you-will-die,You Will Die,Refresh Games,GB,game,,,,entries/you-will-die/onehour.gb,32768,ONEHOUR,0x00,DMG,0,0x00,ROM ONLY,none,1,32768,0,0,1,other / unknown,1
yume-no-oto-1,Yume no Oto 1,weep,GB,game,2011,,,entries/yume-no-oto-1/yume-no-oto-1.gb,32768,201101,0x00,DMG,0,0x00,ROM ONLY,none,1,32768,0,0,1,other / unknown,1
zakari-games__frontiers-of-the-fallen,Frontiers of the Fallen,"[{'name': 'Zakari Games', 'link': 'https://zakari-games.itch.io'}, {'name': 'systemeffect', 'link': 'https://systemeffect.itch.io'}, {'name': 'frequency.data', 'link': 'https://frequencydata.itch.io'}]",,game,2023,,event:gbcompo23,entries/zakari-games__frontiers-of-the-fallen/FrontiersOfTheFallen_jam.gb,524288,GBCOMPO,0xC0,CGB only,0,0x1B,MBC5+RAM+BATTERY,MBC5,1,524288,32768,1,1,GB Studio 3+,0
zanax-gb,Zanax GB,sankichi,GB,game,2001,,,entries/zanax-gb/Z_TEST5.GB,131072,TEST5,0x80,CGB enhanced,0,0x01,MBC1,MBC1,1,131072,0,0,1,other / unknown,1
zanipixels__lightseeker,Lightseeker,Zani.Pixels à² _à²,,game,2023,,event:gbcompo23,entries/zanipixels__lightseeker/Lightseeker_jam.gb,524288,THELOST,0xC0,CGB only,0,0x1B,MBC5+RAM+BATTERY,MBC5,1,524288,32768,1,1,GB Studio 3+,0
zanipixels_colonia,Colônia,Zani.Pixels ಠ_ಠ,GB,game,,,event:gbcompo25,entries/zanipixels_colonia/files/COLONIA_JAM.gb,524288,COLNIA,0xC0,CGB only,0,0x1B,MBC5+RAM+BATTERY,MBC5,1,524288,32768,1,1,GB Studio 3+,0
zartan917_beat-the-sniper,BEAT THE SNIPER Demo,RetroGamma,GBC,game,,,event:gbcompo25,entries/zartan917_beat-the-sniper/files/BeatTheSniper_jam.gbc,262144,BTSA,0xC0,CGB only,0,0x1E,MBC5+RUMBLE+RAM+BATTERY,MBC5,1,262144,32768,1,1,GB Studio 3+,0
zeichigames_saint-seiya-el-regreso-del-fnix-gbc,Saint Seiya - El regreso del Fenix (GameBoy Color),ZeichiGames,GBC,game,2022,,,entries/zeichigames_saint-seiya-el-regreso-del-fnix-gbc/files/LCZ - El regreso del fenix v1.4.1S (Update 21-01-2023 + Credits) casual mode.gbc,4194304,SSELREGRESODELF,0xC0,CGB only,1,0x1B,MBC5+RAM+BATTERY,MBC5,1,4194304,32768,1,1,GB Studio 3+,0
zenzoa_piropa,Piropa,sg,GB,game,,,,entries/zenzoa_piropa/files/piropa-2.1.gb,262144,,0x80,CGB enhanced,0,0x1B,MBC5+RAM+BATTERY,MBC5,1,262144,8192,1,1,GBDK-2020 (C),1
zilogized,Zilogized,Kabcorp,,music,2021,,gbcompo21;gbcompo21-shortlist,entries/zilogized/Kabcorp - Zilogized.gb,32768,ZILOGIZED,0x00,DMG,0,0x00,ROM ONLY,none,1,32768,0,0,1,GBDK-2020 (C),1
zone-booth_pizza-palace,Pizza Palace,Zone Booth,GB,game,,GPL-3.0-only,,entries/zone-booth_pizza-palace/files/pizza_palace.gb,262144,PIZZAPALACE,0xC0,CGB only,0,0x1B,MBC5+RAM+BATTERY,MBC5,1,262144,32768,1,1,GB Studio 3+,0
zoomar,Zoomar,Harry Mulder,GB,demo,1997,,,entries/zoomar/ZOOMAR.GB,32768,ZOOMAR V3,0x00,DMG,0,0x03,MBC1+RAM+BATTERY,MBC1,1,32768,32768,1,1,other / unknown,1
zypher,Zypher,PixelPhobicGames,,game,,,gbcompo21,entries/zypher/Zypher.gb,32768,,0x00,DMG,0,0x00,ROM ONLY,none,1,32768,0,0,1,GBDK-2020 (C),1
